month,wtv_import_volume,reer_vn,wtv_source,reer_source
2011-01,84.7,112.95162332453603,"https://www.cpb.nl/system/files/cpbmedia/CPB-world-trade-monitor-july-2026.xlsx (CPB WTM July 2026 release, published 2026-09-25; sheet trade_out, series mgz_w1_qnmi_sn, 2021=100, SA)","Bruegel REER database (Darvas), version 22 Sep 2026, sheet REER_MONTHLY_120, series REER_120_VN (CPI-based, 120 trading partners); file supplied by authors"
2011-02,83.3,105.06980953713693,"https://www.cpb.nl/system/files/cpbmedia/CPB-world-trade-monitor-july-2026.xlsx (CPB WTM July 2026 release, published 2026-09-25; sheet trade_out, series mgz_w1_qnmi_sn, 2021=100, SA)","Bruegel REER database (Darvas), version 22 Sep 2026, sheet REER_MONTHLY_120, series REER_120_VN (CPI-based, 120 trading partners); file supplied by authors"
2011-03,83.7,104.34464014462101,"https://www.cpb.nl/system/files/cpbmedia/CPB-world-trade-monitor-july-2026.xlsx (CPB WTM July 2026 release, published 2026-09-25; sheet trade_out, series mgz_w1_qnmi_sn, 2021=100, SA)","Bruegel REER database (Darvas), version 22 Sep 2026, sheet REER_MONTHLY_120, series REER_120_VN (CPI-based, 120 trading partners); file supplied by authors"
2011-04,83.8,105.88095405940798,"https://www.cpb.nl/system/files/cpbmedia/CPB-world-trade-monitor-july-2026.xlsx (CPB WTM July 2026 release, published 2026-09-25; sheet trade_out, series mgz_w1_qnmi_sn, 2021=100, SA)","Bruegel REER database (Darvas), version 22 Sep 2026, sheet REER_MONTHLY_120, series REER_120_VN (CPI-based, 120 trading partners); file supplied by authors"
2011-05,84.6,107.80786278682206,"https://www.cpb.nl/system/files/cpbmedia/CPB-world-trade-monitor-july-2026.xlsx (CPB WTM July 2026 release, published 2026-09-25; sheet trade_out, series mgz_w1_qnmi_sn, 2021=100, SA)","Bruegel REER database (Darvas), version 22 Sep 2026, sheet REER_MONTHLY_120, series REER_120_VN (CPI-based, 120 trading partners); file supplied by authors"
2011-06,83.8,109.15697133349376,"https://www.cpb.nl/system/files/cpbmedia/CPB-world-trade-monitor-july-2026.xlsx (CPB WTM July 2026 release, published 2026-09-25; sheet trade_out, series mgz_w1_qnmi_sn, 2021=100, SA)","Bruegel REER database (Darvas), version 22 Sep 2026, sheet REER_MONTHLY_120, series REER_120_VN (CPI-based, 120 trading partners); file supplied by authors"
2011-07,84.6,110.19653741418884,"https://www.cpb.nl/system/files/cpbmedia/CPB-world-trade-monitor-july-2026.xlsx (CPB WTM July 2026 release, published 2026-09-25; sheet trade_out, series mgz_w1_qnmi_sn, 2021=100, SA)","Bruegel REER database (Darvas), version 22 Sep 2026, sheet REER_MONTHLY_120, series REER_120_VN (CPI-based, 120 trading partners); file supplied by authors"
2011-08,85.1,110.7118723615711,"https://www.cpb.nl/system/files/cpbmedia/CPB-world-trade-monitor-july-2026.xlsx (CPB WTM July 2026 release, published 2026-09-25; sheet trade_out, series mgz_w1_qnmi_sn, 2021=100, SA)","Bruegel REER database (Darvas), version 22 Sep 2026, sheet REER_MONTHLY_120, series REER_120_VN (CPI-based, 120 trading partners); file supplied by authors"
2011-09,84.4,114.00143869753884,"https://www.cpb.nl/system/files/cpbmedia/CPB-world-trade-monitor-july-2026.xlsx (CPB WTM July 2026 release, published 2026-09-25; sheet trade_out, series mgz_w1_qnmi_sn, 2021=100, SA)","Bruegel REER database (Darvas), version 22 Sep 2026, sheet REER_MONTHLY_120, series REER_120_VN (CPI-based, 120 trading partners); file supplied by authors"
2011-10,85.3,115.05373402186262,"https://www.cpb.nl/system/files/cpbmedia/CPB-world-trade-monitor-july-2026.xlsx (CPB WTM July 2026 release, published 2026-09-25; sheet trade_out, series mgz_w1_qnmi_sn, 2021=100, SA)","Bruegel REER database (Darvas), version 22 Sep 2026, sheet REER_MONTHLY_120, series REER_120_VN (CPI-based, 120 trading partners); file supplied by authors"
2011-11,84.7,115.30980597086923,"https://www.cpb.nl/system/files/cpbmedia/CPB-world-trade-monitor-july-2026.xlsx (CPB WTM July 2026 release, published 2026-09-25; sheet trade_out, series mgz_w1_qnmi_sn, 2021=100, SA)","Bruegel REER database (Darvas), version 22 Sep 2026, sheet REER_MONTHLY_120, series REER_120_VN (CPI-based, 120 trading partners); file supplied by authors"
2011-12,84.8,116.98438442878631,"https://www.cpb.nl/system/files/cpbmedia/CPB-world-trade-monitor-july-2026.xlsx (CPB WTM July 2026 release, published 2026-09-25; sheet trade_out, series mgz_w1_qnmi_sn, 2021=100, SA)","Bruegel REER database (Darvas), version 22 Sep 2026, sheet REER_MONTHLY_120, series REER_120_VN (CPI-based, 120 trading partners); file supplied by authors"
2012-01,85.3,117.44403173225982,"https://www.cpb.nl/system/files/cpbmedia/CPB-world-trade-monitor-july-2026.xlsx (CPB WTM July 2026 release, published 2026-09-25; sheet trade_out, series mgz_w1_qnmi_sn, 2021=100, SA)","Bruegel REER database (Darvas), version 22 Sep 2026, sheet REER_MONTHLY_120, series REER_120_VN (CPI-based, 120 trading partners); file supplied by authors"
2012-02,85.1,116.48727902692335,"https://www.cpb.nl/system/files/cpbmedia/CPB-world-trade-monitor-july-2026.xlsx (CPB WTM July 2026 release, published 2026-09-25; sheet trade_out, series mgz_w1_qnmi_sn, 2021=100, SA)","Bruegel REER database (Darvas), version 22 Sep 2026, sheet REER_MONTHLY_120, series REER_120_VN (CPI-based, 120 trading partners); file supplied by authors"
2012-03,85.9,117.78559053203045,"https://www.cpb.nl/system/files/cpbmedia/CPB-world-trade-monitor-july-2026.xlsx (CPB WTM July 2026 release, published 2026-09-25; sheet trade_out, series mgz_w1_qnmi_sn, 2021=100, SA)","Bruegel REER database (Darvas), version 22 Sep 2026, sheet REER_MONTHLY_120, series REER_120_VN (CPI-based, 120 trading partners); file supplied by authors"
2012-04,85.2,117.84986177014429,"https://www.cpb.nl/system/files/cpbmedia/CPB-world-trade-monitor-july-2026.xlsx (CPB WTM July 2026 release, published 2026-09-25; sheet trade_out, series mgz_w1_qnmi_sn, 2021=100, SA)","Bruegel REER database (Darvas), version 22 Sep 2026, sheet REER_MONTHLY_120, series REER_120_VN (CPI-based, 120 trading partners); file supplied by authors"
2012-05,87.0,119.3199436886718,"https://www.cpb.nl/system/files/cpbmedia/CPB-world-trade-monitor-july-2026.xlsx (CPB WTM July 2026 release, published 2026-09-25; sheet trade_out, series mgz_w1_qnmi_sn, 2021=100, SA)","Bruegel REER database (Darvas), version 22 Sep 2026, sheet REER_MONTHLY_120, series REER_120_VN (CPI-based, 120 trading partners); file supplied by authors"
2012-06,85.9,120.3515240982149,"https://www.cpb.nl/system/files/cpbmedia/CPB-world-trade-monitor-july-2026.xlsx (CPB WTM July 2026 release, published 2026-09-25; sheet trade_out, series mgz_w1_qnmi_sn, 2021=100, SA)","Bruegel REER database (Darvas), version 22 Sep 2026, sheet REER_MONTHLY_120, series REER_120_VN (CPI-based, 120 trading partners); file supplied by authors"
2012-07,86.0,120.67893708160517,"https://www.cpb.nl/system/files/cpbmedia/CPB-world-trade-monitor-july-2026.xlsx (CPB WTM July 2026 release, published 2026-09-25; sheet trade_out, series mgz_w1_qnmi_sn, 2021=100, SA)","Bruegel REER database (Darvas), version 22 Sep 2026, sheet REER_MONTHLY_120, series REER_120_VN (CPI-based, 120 trading partners); file supplied by authors"
2012-08,86.3,120.36165835129555,"https://www.cpb.nl/system/files/cpbmedia/CPB-world-trade-monitor-july-2026.xlsx (CPB WTM July 2026 release, published 2026-09-25; sheet trade_out, series mgz_w1_qnmi_sn, 2021=100, SA)","Bruegel REER database (Darvas), version 22 Sep 2026, sheet REER_MONTHLY_120, series REER_120_VN (CPI-based, 120 trading partners); file supplied by authors"
2012-09,86.9,120.38053513180668,"https://www.cpb.nl/system/files/cpbmedia/CPB-world-trade-monitor-july-2026.xlsx (CPB WTM July 2026 release, published 2026-09-25; sheet trade_out, series mgz_w1_qnmi_sn, 2021=100, SA)","Bruegel REER database (Darvas), version 22 Sep 2026, sheet REER_MONTHLY_120, series REER_120_VN (CPI-based, 120 trading partners); file supplied by authors"
2012-10,85.6,120.91307828196322,"https://www.cpb.nl/system/files/cpbmedia/CPB-world-trade-monitor-july-2026.xlsx (CPB WTM July 2026 release, published 2026-09-25; sheet trade_out, series mgz_w1_qnmi_sn, 2021=100, SA)","Bruegel REER database (Darvas), version 22 Sep 2026, sheet REER_MONTHLY_120, series REER_120_VN (CPI-based, 120 trading partners); file supplied by authors"
2012-11,85.8,122.35640239139718,"https://www.cpb.nl/system/files/cpbmedia/CPB-world-trade-monitor-july-2026.xlsx (CPB WTM July 2026 release, published 2026-09-25; sheet trade_out, series mgz_w1_qnmi_sn, 2021=100, SA)","Bruegel REER database (Darvas), version 22 Sep 2026, sheet REER_MONTHLY_120, series REER_120_VN (CPI-based, 120 trading partners); file supplied by authors"
2012-12,85.7,122.30690418461249,"https://www.cpb.nl/system/files/cpbmedia/CPB-world-trade-monitor-july-2026.xlsx (CPB WTM July 2026 release, published 2026-09-25; sheet trade_out, series mgz_w1_qnmi_sn, 2021=100, SA)","Bruegel REER database (Darvas), version 22 Sep 2026, sheet REER_MONTHLY_120, series REER_120_VN (CPI-based, 120 trading partners); file supplied by authors"
2013-01,86.4,123.75184325223259,"https://www.cpb.nl/system/files/cpbmedia/CPB-world-trade-monitor-july-2026.xlsx (CPB WTM July 2026 release, published 2026-09-25; sheet trade_out, series mgz_w1_qnmi_sn, 2021=100, SA)","Bruegel REER database (Darvas), version 22 Sep 2026, sheet REER_MONTHLY_120, series REER_120_VN (CPI-based, 120 trading partners); file supplied by authors"
2013-02,85.4,125.46506930425335,"https://www.cpb.nl/system/files/cpbmedia/CPB-world-trade-monitor-july-2026.xlsx (CPB WTM July 2026 release, published 2026-09-25; sheet trade_out, series mgz_w1_qnmi_sn, 2021=100, SA)","Bruegel REER database (Darvas), version 22 Sep 2026, sheet REER_MONTHLY_120, series REER_120_VN (CPI-based, 120 trading partners); file supplied by authors"
2013-03,85.5,127.29027656565354,"https://www.cpb.nl/system/files/cpbmedia/CPB-world-trade-monitor-july-2026.xlsx (CPB WTM July 2026 release, published 2026-09-25; sheet trade_out, series mgz_w1_qnmi_sn, 2021=100, SA)","Bruegel REER database (Darvas), version 22 Sep 2026, sheet REER_MONTHLY_120, series REER_120_VN (CPI-based, 120 trading partners); file supplied by authors"
2013-04,86.2,128.2289210600852,"https://www.cpb.nl/system/files/cpbmedia/CPB-world-trade-monitor-july-2026.xlsx (CPB WTM July 2026 release, published 2026-09-25; sheet trade_out, series mgz_w1_qnmi_sn, 2021=100, SA)","Bruegel REER database (Darvas), version 22 Sep 2026, sheet REER_MONTHLY_120, series REER_120_VN (CPI-based, 120 trading partners); file supplied by authors"
2013-05,86.4,128.8694547557731,"https://www.cpb.nl/system/files/cpbmedia/CPB-world-trade-monitor-july-2026.xlsx (CPB WTM July 2026 release, published 2026-09-25; sheet trade_out, series mgz_w1_qnmi_sn, 2021=100, SA)","Bruegel REER database (Darvas), version 22 Sep 2026, sheet REER_MONTHLY_120, series REER_120_VN (CPI-based, 120 trading partners); file supplied by authors"
2013-06,85.5,128.07978505261252,"https://www.cpb.nl/system/files/cpbmedia/CPB-world-trade-monitor-july-2026.xlsx (CPB WTM July 2026 release, published 2026-09-25; sheet trade_out, series mgz_w1_qnmi_sn, 2021=100, SA)","Bruegel REER database (Darvas), version 22 Sep 2026, sheet REER_MONTHLY_120, series REER_120_VN (CPI-based, 120 trading partners); file supplied by authors"
2013-07,86.6,128.3715550542362,"https://www.cpb.nl/system/files/cpbmedia/CPB-world-trade-monitor-july-2026.xlsx (CPB WTM July 2026 release, published 2026-09-25; sheet trade_out, series mgz_w1_qnmi_sn, 2021=100, SA)","Bruegel REER database (Darvas), version 22 Sep 2026, sheet REER_MONTHLY_120, series REER_120_VN (CPI-based, 120 trading partners); file supplied by authors"
2013-08,86.4,128.8034364905388,"https://www.cpb.nl/system/files/cpbmedia/CPB-world-trade-monitor-july-2026.xlsx (CPB WTM July 2026 release, published 2026-09-25; sheet trade_out, series mgz_w1_qnmi_sn, 2021=100, SA)","Bruegel REER database (Darvas), version 22 Sep 2026, sheet REER_MONTHLY_120, series REER_120_VN (CPI-based, 120 trading partners); file supplied by authors"
2013-09,87.0,129.1010761232924,"https://www.cpb.nl/system/files/cpbmedia/CPB-world-trade-monitor-july-2026.xlsx (CPB WTM July 2026 release, published 2026-09-25; sheet trade_out, series mgz_w1_qnmi_sn, 2021=100, SA)","Bruegel REER database (Darvas), version 22 Sep 2026, sheet REER_MONTHLY_120, series REER_120_VN (CPI-based, 120 trading partners); file supplied by authors"
2013-10,87.0,127.89719187189247,"https://www.cpb.nl/system/files/cpbmedia/CPB-world-trade-monitor-july-2026.xlsx (CPB WTM July 2026 release, published 2026-09-25; sheet trade_out, series mgz_w1_qnmi_sn, 2021=100, SA)","Bruegel REER database (Darvas), version 22 Sep 2026, sheet REER_MONTHLY_120, series REER_120_VN (CPI-based, 120 trading partners); file supplied by authors"
2013-11,87.6,129.44195112763475,"https://www.cpb.nl/system/files/cpbmedia/CPB-world-trade-monitor-july-2026.xlsx (CPB WTM July 2026 release, published 2026-09-25; sheet trade_out, series mgz_w1_qnmi_sn, 2021=100, SA)","Bruegel REER database (Darvas), version 22 Sep 2026, sheet REER_MONTHLY_120, series REER_120_VN (CPI-based, 120 trading partners); file supplied by authors"
2013-12,87.4,130.4142754362874,"https://www.cpb.nl/system/files/cpbmedia/CPB-world-trade-monitor-july-2026.xlsx (CPB WTM July 2026 release, published 2026-09-25; sheet trade_out, series mgz_w1_qnmi_sn, 2021=100, SA)","Bruegel REER database (Darvas), version 22 Sep 2026, sheet REER_MONTHLY_120, series REER_120_VN (CPI-based, 120 trading partners); file supplied by authors"
2014-01,88.8,131.88581377666816,"https://www.cpb.nl/system/files/cpbmedia/CPB-world-trade-monitor-july-2026.xlsx (CPB WTM July 2026 release, published 2026-09-25; sheet trade_out, series mgz_w1_qnmi_sn, 2021=100, SA)","Bruegel REER database (Darvas), version 22 Sep 2026, sheet REER_MONTHLY_120, series REER_120_VN (CPI-based, 120 trading partners); file supplied by authors"
2014-02,88.2,131.32308608689016,"https://www.cpb.nl/system/files/cpbmedia/CPB-world-trade-monitor-july-2026.xlsx (CPB WTM July 2026 release, published 2026-09-25; sheet trade_out, series mgz_w1_qnmi_sn, 2021=100, SA)","Bruegel REER database (Darvas), version 22 Sep 2026, sheet REER_MONTHLY_120, series REER_120_VN (CPI-based, 120 trading partners); file supplied by authors"
2014-03,88.3,130.57724962676284,"https://www.cpb.nl/system/files/cpbmedia/CPB-world-trade-monitor-july-2026.xlsx (CPB WTM July 2026 release, published 2026-09-25; sheet trade_out, series mgz_w1_qnmi_sn, 2021=100, SA)","Bruegel REER database (Darvas), version 22 Sep 2026, sheet REER_MONTHLY_120, series REER_120_VN (CPI-based, 120 trading partners); file supplied by authors"
2014-04,88.5,129.986621666272,"https://www.cpb.nl/system/files/cpbmedia/CPB-world-trade-monitor-july-2026.xlsx (CPB WTM July 2026 release, published 2026-09-25; sheet trade_out, series mgz_w1_qnmi_sn, 2021=100, SA)","Bruegel REER database (Darvas), version 22 Sep 2026, sheet REER_MONTHLY_120, series REER_120_VN (CPI-based, 120 trading partners); file supplied by authors"
2014-05,88.5,129.75649652264266,"https://www.cpb.nl/system/files/cpbmedia/CPB-world-trade-monitor-july-2026.xlsx (CPB WTM July 2026 release, published 2026-09-25; sheet trade_out, series mgz_w1_qnmi_sn, 2021=100, SA)","Bruegel REER database (Darvas), version 22 Sep 2026, sheet REER_MONTHLY_120, series REER_120_VN (CPI-based, 120 trading partners); file supplied by authors"
2014-06,88.8,129.69455146711093,"https://www.cpb.nl/system/files/cpbmedia/CPB-world-trade-monitor-july-2026.xlsx (CPB WTM July 2026 release, published 2026-09-25; sheet trade_out, series mgz_w1_qnmi_sn, 2021=100, SA)","Bruegel REER database (Darvas), version 22 Sep 2026, sheet REER_MONTHLY_120, series REER_120_VN (CPI-based, 120 trading partners); file supplied by authors"
2014-07,88.4,130.33867438092568,"https://www.cpb.nl/system/files/cpbmedia/CPB-world-trade-monitor-july-2026.xlsx (CPB WTM July 2026 release, published 2026-09-25; sheet trade_out, series mgz_w1_qnmi_sn, 2021=100, SA)","Bruegel REER database (Darvas), version 22 Sep 2026, sheet REER_MONTHLY_120, series REER_120_VN (CPI-based, 120 trading partners); file supplied by authors"
2014-08,88.7,131.50560314427162,"https://www.cpb.nl/system/files/cpbmedia/CPB-world-trade-monitor-july-2026.xlsx (CPB WTM July 2026 release, published 2026-09-25; sheet trade_out, series mgz_w1_qnmi_sn, 2021=100, SA)","Bruegel REER database (Darvas), version 22 Sep 2026, sheet REER_MONTHLY_120, series REER_120_VN (CPI-based, 120 trading partners); file supplied by authors"
2014-09,90.6,134.41267151572472,"https://www.cpb.nl/system/files/cpbmedia/CPB-world-trade-monitor-july-2026.xlsx (CPB WTM July 2026 release, published 2026-09-25; sheet trade_out, series mgz_w1_qnmi_sn, 2021=100, SA)","Bruegel REER database (Darvas), version 22 Sep 2026, sheet REER_MONTHLY_120, series REER_120_VN (CPI-based, 120 trading partners); file supplied by authors"
2014-10,89.9,135.947252480931,"https://www.cpb.nl/system/files/cpbmedia/CPB-world-trade-monitor-july-2026.xlsx (CPB WTM July 2026 release, published 2026-09-25; sheet trade_out, series mgz_w1_qnmi_sn, 2021=100, SA)","Bruegel REER database (Darvas), version 22 Sep 2026, sheet REER_MONTHLY_120, series REER_120_VN (CPI-based, 120 trading partners); file supplied by authors"
2014-11,89.8,138.4698473525733,"https://www.cpb.nl/system/files/cpbmedia/CPB-world-trade-monitor-july-2026.xlsx (CPB WTM July 2026 release, published 2026-09-25; sheet trade_out, series mgz_w1_qnmi_sn, 2021=100, SA)","Bruegel REER database (Darvas), version 22 Sep 2026, sheet REER_MONTHLY_120, series REER_120_VN (CPI-based, 120 trading partners); file supplied by authors"
2014-12,90.0,140.37949676249724,"https://www.cpb.nl/system/files/cpbmedia/CPB-world-trade-monitor-july-2026.xlsx (CPB WTM July 2026 release, published 2026-09-25; sheet trade_out, series mgz_w1_qnmi_sn, 2021=100, SA)","Bruegel REER database (Darvas), version 22 Sep 2026, sheet REER_MONTHLY_120, series REER_120_VN (CPI-based, 120 trading partners); file supplied by authors"
2015-01,89.1,143.29869881367486,"https://www.cpb.nl/system/files/cpbmedia/CPB-world-trade-monitor-july-2026.xlsx (CPB WTM July 2026 release, published 2026-09-25; sheet trade_out, series mgz_w1_qnmi_sn, 2021=100, SA)","Bruegel REER database (Darvas), version 22 Sep 2026, sheet REER_MONTHLY_120, series REER_120_VN (CPI-based, 120 trading partners); file supplied by authors"
2015-02,89.6,143.70432499699777,"https://www.cpb.nl/system/files/cpbmedia/CPB-world-trade-monitor-july-2026.xlsx (CPB WTM July 2026 release, published 2026-09-25; sheet trade_out, series mgz_w1_qnmi_sn, 2021=100, SA)","Bruegel REER database (Darvas), version 22 Sep 2026, sheet REER_MONTHLY_120, series REER_120_VN (CPI-based, 120 trading partners); file supplied by authors"
2015-03,90.3,146.74248046494463,"https://www.cpb.nl/system/files/cpbmedia/CPB-world-trade-monitor-july-2026.xlsx (CPB WTM July 2026 release, published 2026-09-25; sheet trade_out, series mgz_w1_qnmi_sn, 2021=100, SA)","Bruegel REER database (Darvas), version 22 Sep 2026, sheet REER_MONTHLY_120, series REER_120_VN (CPI-based, 120 trading partners); file supplied by authors"
2015-04,89.5,145.1224211044475,"https://www.cpb.nl/system/files/cpbmedia/CPB-world-trade-monitor-july-2026.xlsx (CPB WTM July 2026 release, published 2026-09-25; sheet trade_out, series mgz_w1_qnmi_sn, 2021=100, SA)","Bruegel REER database (Darvas), version 22 Sep 2026, sheet REER_MONTHLY_120, series REER_120_VN (CPI-based, 120 trading partners); file supplied by authors"
2015-05,88.5,142.60294596704233,"https://www.cpb.nl/system/files/cpbmedia/CPB-world-trade-monitor-july-2026.xlsx (CPB WTM July 2026 release, published 2026-09-25; sheet trade_out, series mgz_w1_qnmi_sn, 2021=100, SA)","Bruegel REER database (Darvas), version 22 Sep 2026, sheet REER_MONTHLY_120, series REER_120_VN (CPI-based, 120 trading partners); file supplied by authors"
2015-06,89.9,143.63111564990044,"https://www.cpb.nl/system/files/cpbmedia/CPB-world-trade-monitor-july-2026.xlsx (CPB WTM July 2026 release, published 2026-09-25; sheet trade_out, series mgz_w1_qnmi_sn, 2021=100, SA)","Bruegel REER database (Darvas), version 22 Sep 2026, sheet REER_MONTHLY_120, series REER_120_VN (CPI-based, 120 trading partners); file supplied by authors"
2015-07,90.0,145.64245144033686,"https://www.cpb.nl/system/files/cpbmedia/CPB-world-trade-monitor-july-2026.xlsx (CPB WTM July 2026 release, published 2026-09-25; sheet trade_out, series mgz_w1_qnmi_sn, 2021=100, SA)","Bruegel REER database (Darvas), version 22 Sep 2026, sheet REER_MONTHLY_120, series REER_120_VN (CPI-based, 120 trading partners); file supplied by authors"
2015-08,90.6,144.3258878531639,"https://www.cpb.nl/system/files/cpbmedia/CPB-world-trade-monitor-july-2026.xlsx (CPB WTM July 2026 release, published 2026-09-25; sheet trade_out, series mgz_w1_qnmi_sn, 2021=100, SA)","Bruegel REER database (Darvas), version 22 Sep 2026, sheet REER_MONTHLY_120, series REER_120_VN (CPI-based, 120 trading partners); file supplied by authors"
2015-09,89.9,142.04083153509575,"https://www.cpb.nl/system/files/cpbmedia/CPB-world-trade-monitor-july-2026.xlsx (CPB WTM July 2026 release, published 2026-09-25; sheet trade_out, series mgz_w1_qnmi_sn, 2021=100, SA)","Bruegel REER database (Darvas), version 22 Sep 2026, sheet REER_MONTHLY_120, series REER_120_VN (CPI-based, 120 trading partners); file supplied by authors"
2015-10,90.3,141.90311534698174,"https://www.cpb.nl/system/files/cpbmedia/CPB-world-trade-monitor-july-2026.xlsx (CPB WTM July 2026 release, published 2026-09-25; sheet trade_out, series mgz_w1_qnmi_sn, 2021=100, SA)","Bruegel REER database (Darvas), version 22 Sep 2026, sheet REER_MONTHLY_120, series REER_120_VN (CPI-based, 120 trading partners); file supplied by authors"
2015-11,89.7,144.31527840920526,"https://www.cpb.nl/system/files/cpbmedia/CPB-world-trade-monitor-july-2026.xlsx (CPB WTM July 2026 release, published 2026-09-25; sheet trade_out, series mgz_w1_qnmi_sn, 2021=100, SA)","Bruegel REER database (Darvas), version 22 Sep 2026, sheet REER_MONTHLY_120, series REER_120_VN (CPI-based, 120 trading partners); file supplied by authors"
2015-12,90.3,144.05259187155906,"https://www.cpb.nl/system/files/cpbmedia/CPB-world-trade-monitor-july-2026.xlsx (CPB WTM July 2026 release, published 2026-09-25; sheet trade_out, series mgz_w1_qnmi_sn, 2021=100, SA)","Bruegel REER database (Darvas), version 22 Sep 2026, sheet REER_MONTHLY_120, series REER_120_VN (CPI-based, 120 trading partners); file supplied by authors"
2016-01,89.0,145.80168407454633,"https://www.cpb.nl/system/files/cpbmedia/CPB-world-trade-monitor-july-2026.xlsx (CPB WTM July 2026 release, published 2026-09-25; sheet trade_out, series mgz_w1_qnmi_sn, 2021=100, SA)","Bruegel REER database (Darvas), version 22 Sep 2026, sheet REER_MONTHLY_120, series REER_120_VN (CPI-based, 120 trading partners); file supplied by authors"
2016-02,89.5,143.78424535119873,"https://www.cpb.nl/system/files/cpbmedia/CPB-world-trade-monitor-july-2026.xlsx (CPB WTM July 2026 release, published 2026-09-25; sheet trade_out, series mgz_w1_qnmi_sn, 2021=100, SA)","Bruegel REER database (Darvas), version 22 Sep 2026, sheet REER_MONTHLY_120, series REER_120_VN (CPI-based, 120 trading partners); file supplied by authors"
2016-03,88.6,143.5747846274611,"https://www.cpb.nl/system/files/cpbmedia/CPB-world-trade-monitor-july-2026.xlsx (CPB WTM July 2026 release, published 2026-09-25; sheet trade_out, series mgz_w1_qnmi_sn, 2021=100, SA)","Bruegel REER database (Darvas), version 22 Sep 2026, sheet REER_MONTHLY_120, series REER_120_VN (CPI-based, 120 trading partners); file supplied by authors"
2016-04,89.0,141.46361993865838,"https://www.cpb.nl/system/files/cpbmedia/CPB-world-trade-monitor-july-2026.xlsx (CPB WTM July 2026 release, published 2026-09-25; sheet trade_out, series mgz_w1_qnmi_sn, 2021=100, SA)","Bruegel REER database (Darvas), version 22 Sep 2026, sheet REER_MONTHLY_120, series REER_120_VN (CPI-based, 120 trading partners); file supplied by authors"
2016-05,89.0,142.5536760811457,"https://www.cpb.nl/system/files/cpbmedia/CPB-world-trade-monitor-july-2026.xlsx (CPB WTM July 2026 release, published 2026-09-25; sheet trade_out, series mgz_w1_qnmi_sn, 2021=100, SA)","Bruegel REER database (Darvas), version 22 Sep 2026, sheet REER_MONTHLY_120, series REER_120_VN (CPI-based, 120 trading partners); file supplied by authors"
2016-06,90.4,142.36653865971778,"https://www.cpb.nl/system/files/cpbmedia/CPB-world-trade-monitor-july-2026.xlsx (CPB WTM July 2026 release, published 2026-09-25; sheet trade_out, series mgz_w1_qnmi_sn, 2021=100, SA)","Bruegel REER database (Darvas), version 22 Sep 2026, sheet REER_MONTHLY_120, series REER_120_VN (CPI-based, 120 trading partners); file supplied by authors"
2016-07,89.9,143.34192776145247,"https://www.cpb.nl/system/files/cpbmedia/CPB-world-trade-monitor-july-2026.xlsx (CPB WTM July 2026 release, published 2026-09-25; sheet trade_out, series mgz_w1_qnmi_sn, 2021=100, SA)","Bruegel REER database (Darvas), version 22 Sep 2026, sheet REER_MONTHLY_120, series REER_120_VN (CPI-based, 120 trading partners); file supplied by authors"
2016-08,91.2,141.38309070000165,"https://www.cpb.nl/system/files/cpbmedia/CPB-world-trade-monitor-july-2026.xlsx (CPB WTM July 2026 release, published 2026-09-25; sheet trade_out, series mgz_w1_qnmi_sn, 2021=100, SA)","Bruegel REER database (Darvas), version 22 Sep 2026, sheet REER_MONTHLY_120, series REER_120_VN (CPI-based, 120 trading partners); file supplied by authors"
2016-09,91.1,142.0180662435968,"https://www.cpb.nl/system/files/cpbmedia/CPB-world-trade-monitor-july-2026.xlsx (CPB WTM July 2026 release, published 2026-09-25; sheet trade_out, series mgz_w1_qnmi_sn, 2021=100, SA)","Bruegel REER database (Darvas), version 22 Sep 2026, sheet REER_MONTHLY_120, series REER_120_VN (CPI-based, 120 trading partners); file supplied by authors"
2016-10,91.2,144.4469171149715,"https://www.cpb.nl/system/files/cpbmedia/CPB-world-trade-monitor-july-2026.xlsx (CPB WTM July 2026 release, published 2026-09-25; sheet trade_out, series mgz_w1_qnmi_sn, 2021=100, SA)","Bruegel REER database (Darvas), version 22 Sep 2026, sheet REER_MONTHLY_120, series REER_120_VN (CPI-based, 120 trading partners); file supplied by authors"
2016-11,93.0,146.91472141659779,"https://www.cpb.nl/system/files/cpbmedia/CPB-world-trade-monitor-july-2026.xlsx (CPB WTM July 2026 release, published 2026-09-25; sheet trade_out, series mgz_w1_qnmi_sn, 2021=100, SA)","Bruegel REER database (Darvas), version 22 Sep 2026, sheet REER_MONTHLY_120, series REER_120_VN (CPI-based, 120 trading partners); file supplied by authors"
2016-12,94.2,149.33708907952592,"https://www.cpb.nl/system/files/cpbmedia/CPB-world-trade-monitor-july-2026.xlsx (CPB WTM July 2026 release, published 2026-09-25; sheet trade_out, series mgz_w1_qnmi_sn, 2021=100, SA)","Bruegel REER database (Darvas), version 22 Sep 2026, sheet REER_MONTHLY_120, series REER_120_VN (CPI-based, 120 trading partners); file supplied by authors"
2017-01,93.5,149.60450780869212,"https://www.cpb.nl/system/files/cpbmedia/CPB-world-trade-monitor-july-2026.xlsx (CPB WTM July 2026 release, published 2026-09-25; sheet trade_out, series mgz_w1_qnmi_sn, 2021=100, SA)","Bruegel REER database (Darvas), version 22 Sep 2026, sheet REER_MONTHLY_120, series REER_120_VN (CPI-based, 120 trading partners); file supplied by authors"
2017-02,92.8,146.47938149753506,"https://www.cpb.nl/system/files/cpbmedia/CPB-world-trade-monitor-july-2026.xlsx (CPB WTM July 2026 release, published 2026-09-25; sheet trade_out, series mgz_w1_qnmi_sn, 2021=100, SA)","Bruegel REER database (Darvas), version 22 Sep 2026, sheet REER_MONTHLY_120, series REER_120_VN (CPI-based, 120 trading partners); file supplied by authors"
2017-03,94.1,146.6461292053523,"https://www.cpb.nl/system/files/cpbmedia/CPB-world-trade-monitor-july-2026.xlsx (CPB WTM July 2026 release, published 2026-09-25; sheet trade_out, series mgz_w1_qnmi_sn, 2021=100, SA)","Bruegel REER database (Darvas), version 22 Sep 2026, sheet REER_MONTHLY_120, series REER_120_VN (CPI-based, 120 trading partners); file supplied by authors"
2017-04,93.5,146.0751609811955,"https://www.cpb.nl/system/files/cpbmedia/CPB-world-trade-monitor-july-2026.xlsx (CPB WTM July 2026 release, published 2026-09-25; sheet trade_out, series mgz_w1_qnmi_sn, 2021=100, SA)","Bruegel REER database (Darvas), version 22 Sep 2026, sheet REER_MONTHLY_120, series REER_120_VN (CPI-based, 120 trading partners); file supplied by authors"
2017-05,94.7,144.0884833294566,"https://www.cpb.nl/system/files/cpbmedia/CPB-world-trade-monitor-july-2026.xlsx (CPB WTM July 2026 release, published 2026-09-25; sheet trade_out, series mgz_w1_qnmi_sn, 2021=100, SA)","Bruegel REER database (Darvas), version 22 Sep 2026, sheet REER_MONTHLY_120, series REER_120_VN (CPI-based, 120 trading partners); file supplied by authors"
2017-06,94.9,142.57302391079924,"https://www.cpb.nl/system/files/cpbmedia/CPB-world-trade-monitor-july-2026.xlsx (CPB WTM July 2026 release, published 2026-09-25; sheet trade_out, series mgz_w1_qnmi_sn, 2021=100, SA)","Bruegel REER database (Darvas), version 22 Sep 2026, sheet REER_MONTHLY_120, series REER_120_VN (CPI-based, 120 trading partners); file supplied by authors"
2017-07,94.9,141.91345419006586,"https://www.cpb.nl/system/files/cpbmedia/CPB-world-trade-monitor-july-2026.xlsx (CPB WTM July 2026 release, published 2026-09-25; sheet trade_out, series mgz_w1_qnmi_sn, 2021=100, SA)","Bruegel REER database (Darvas), version 22 Sep 2026, sheet REER_MONTHLY_120, series REER_120_VN (CPI-based, 120 trading partners); file supplied by authors"
2017-08,95.3,140.65245147163407,"https://www.cpb.nl/system/files/cpbmedia/CPB-world-trade-monitor-july-2026.xlsx (CPB WTM July 2026 release, published 2026-09-25; sheet trade_out, series mgz_w1_qnmi_sn, 2021=100, SA)","Bruegel REER database (Darvas), version 22 Sep 2026, sheet REER_MONTHLY_120, series REER_120_VN (CPI-based, 120 trading partners); file supplied by authors"
2017-09,95.8,140.2754737238071,"https://www.cpb.nl/system/files/cpbmedia/CPB-world-trade-monitor-july-2026.xlsx (CPB WTM July 2026 release, published 2026-09-25; sheet trade_out, series mgz_w1_qnmi_sn, 2021=100, SA)","Bruegel REER database (Darvas), version 22 Sep 2026, sheet REER_MONTHLY_120, series REER_120_VN (CPI-based, 120 trading partners); file supplied by authors"
2017-10,95.1,142.19382987042056,"https://www.cpb.nl/system/files/cpbmedia/CPB-world-trade-monitor-july-2026.xlsx (CPB WTM July 2026 release, published 2026-09-25; sheet trade_out, series mgz_w1_qnmi_sn, 2021=100, SA)","Bruegel REER database (Darvas), version 22 Sep 2026, sheet REER_MONTHLY_120, series REER_120_VN (CPI-based, 120 trading partners); file supplied by authors"
2017-11,97.2,141.94060331534536,"https://www.cpb.nl/system/files/cpbmedia/CPB-world-trade-monitor-july-2026.xlsx (CPB WTM July 2026 release, published 2026-09-25; sheet trade_out, series mgz_w1_qnmi_sn, 2021=100, SA)","Bruegel REER database (Darvas), version 22 Sep 2026, sheet REER_MONTHLY_120, series REER_120_VN (CPI-based, 120 trading partners); file supplied by authors"
2017-12,98.7,141.0550913636176,"https://www.cpb.nl/system/files/cpbmedia/CPB-world-trade-monitor-july-2026.xlsx (CPB WTM July 2026 release, published 2026-09-25; sheet trade_out, series mgz_w1_qnmi_sn, 2021=100, SA)","Bruegel REER database (Darvas), version 22 Sep 2026, sheet REER_MONTHLY_120, series REER_120_VN (CPI-based, 120 trading partners); file supplied by authors"
2018-01,97.0,138.2788312355928,"https://www.cpb.nl/system/files/cpbmedia/CPB-world-trade-monitor-july-2026.xlsx (CPB WTM July 2026 release, published 2026-09-25; sheet trade_out, series mgz_w1_qnmi_sn, 2021=100, SA)","Bruegel REER database (Darvas), version 22 Sep 2026, sheet REER_MONTHLY_120, series REER_120_VN (CPI-based, 120 trading partners); file supplied by authors"
2018-02,97.3,137.0781647874987,"https://www.cpb.nl/system/files/cpbmedia/CPB-world-trade-monitor-july-2026.xlsx (CPB WTM July 2026 release, published 2026-09-25; sheet trade_out, series mgz_w1_qnmi_sn, 2021=100, SA)","Bruegel REER database (Darvas), version 22 Sep 2026, sheet REER_MONTHLY_120, series REER_120_VN (CPI-based, 120 trading partners); file supplied by authors"
2018-03,96.9,136.70294353769052,"https://www.cpb.nl/system/files/cpbmedia/CPB-world-trade-monitor-july-2026.xlsx (CPB WTM July 2026 release, published 2026-09-25; sheet trade_out, series mgz_w1_qnmi_sn, 2021=100, SA)","Bruegel REER database (Darvas), version 22 Sep 2026, sheet REER_MONTHLY_120, series REER_120_VN (CPI-based, 120 trading partners); file supplied by authors"
2018-04,96.7,137.8081262681816,"https://www.cpb.nl/system/files/cpbmedia/CPB-world-trade-monitor-july-2026.xlsx (CPB WTM July 2026 release, published 2026-09-25; sheet trade_out, series mgz_w1_qnmi_sn, 2021=100, SA)","Bruegel REER database (Darvas), version 22 Sep 2026, sheet REER_MONTHLY_120, series REER_120_VN (CPI-based, 120 trading partners); file supplied by authors"
2018-05,98.2,141.55463086153725,"https://www.cpb.nl/system/files/cpbmedia/CPB-world-trade-monitor-july-2026.xlsx (CPB WTM July 2026 release, published 2026-09-25; sheet trade_out, series mgz_w1_qnmi_sn, 2021=100, SA)","Bruegel REER database (Darvas), version 22 Sep 2026, sheet REER_MONTHLY_120, series REER_120_VN (CPI-based, 120 trading partners); file supplied by authors"
2018-06,97.7,143.1678599262204,"https://www.cpb.nl/system/files/cpbmedia/CPB-world-trade-monitor-july-2026.xlsx (CPB WTM July 2026 release, published 2026-09-25; sheet trade_out, series mgz_w1_qnmi_sn, 2021=100, SA)","Bruegel REER database (Darvas), version 22 Sep 2026, sheet REER_MONTHLY_120, series REER_120_VN (CPI-based, 120 trading partners); file supplied by authors"
2018-07,99.5,142.96791611309837,"https://www.cpb.nl/system/files/cpbmedia/CPB-world-trade-monitor-july-2026.xlsx (CPB WTM July 2026 release, published 2026-09-25; sheet trade_out, series mgz_w1_qnmi_sn, 2021=100, SA)","Bruegel REER database (Darvas), version 22 Sep 2026, sheet REER_MONTHLY_120, series REER_120_VN (CPI-based, 120 trading partners); file supplied by authors"
2018-08,98.7,142.90955130347598,"https://www.cpb.nl/system/files/cpbmedia/CPB-world-trade-monitor-july-2026.xlsx (CPB WTM July 2026 release, published 2026-09-25; sheet trade_out, series mgz_w1_qnmi_sn, 2021=100, SA)","Bruegel REER database (Darvas), version 22 Sep 2026, sheet REER_MONTHLY_120, series REER_120_VN (CPI-based, 120 trading partners); file supplied by authors"
2018-09,98.0,143.29999201902265,"https://www.cpb.nl/system/files/cpbmedia/CPB-world-trade-monitor-july-2026.xlsx (CPB WTM July 2026 release, published 2026-09-25; sheet trade_out, series mgz_w1_qnmi_sn, 2021=100, SA)","Bruegel REER database (Darvas), version 22 Sep 2026, sheet REER_MONTHLY_120, series REER_120_VN (CPI-based, 120 trading partners); file supplied by authors"
2018-10,99.2,144.39087859696036,"https://www.cpb.nl/system/files/cpbmedia/CPB-world-trade-monitor-july-2026.xlsx (CPB WTM July 2026 release, published 2026-09-25; sheet trade_out, series mgz_w1_qnmi_sn, 2021=100, SA)","Bruegel REER database (Darvas), version 22 Sep 2026, sheet REER_MONTHLY_120, series REER_120_VN (CPI-based, 120 trading partners); file supplied by authors"
2018-11,97.1,144.65502963939818,"https://www.cpb.nl/system/files/cpbmedia/CPB-world-trade-monitor-july-2026.xlsx (CPB WTM July 2026 release, published 2026-09-25; sheet trade_out, series mgz_w1_qnmi_sn, 2021=100, SA)","Bruegel REER database (Darvas), version 22 Sep 2026, sheet REER_MONTHLY_120, series REER_120_VN (CPI-based, 120 trading partners); file supplied by authors"
2018-12,96.2,144.38689001298653,"https://www.cpb.nl/system/files/cpbmedia/CPB-world-trade-monitor-july-2026.xlsx (CPB WTM July 2026 release, published 2026-09-25; sheet trade_out, series mgz_w1_qnmi_sn, 2021=100, SA)","Bruegel REER database (Darvas), version 22 Sep 2026, sheet REER_MONTHLY_120, series REER_120_VN (CPI-based, 120 trading partners); file supplied by authors"
2019-01,97.7,143.4215954715656,"https://www.cpb.nl/system/files/cpbmedia/CPB-world-trade-monitor-july-2026.xlsx (CPB WTM July 2026 release, published 2026-09-25; sheet trade_out, series mgz_w1_qnmi_sn, 2021=100, SA)","Bruegel REER database (Darvas), version 22 Sep 2026, sheet REER_MONTHLY_120, series REER_120_VN (CPI-based, 120 trading partners); file supplied by authors"
2019-02,96.8,143.581988045197,"https://www.cpb.nl/system/files/cpbmedia/CPB-world-trade-monitor-july-2026.xlsx (CPB WTM July 2026 release, published 2026-09-25; sheet trade_out, series mgz_w1_qnmi_sn, 2021=100, SA)","Bruegel REER database (Darvas), version 22 Sep 2026, sheet REER_MONTHLY_120, series REER_120_VN (CPI-based, 120 trading partners); file supplied by authors"
2019-03,97.2,144.36680560017888,"https://www.cpb.nl/system/files/cpbmedia/CPB-world-trade-monitor-july-2026.xlsx (CPB WTM July 2026 release, published 2026-09-25; sheet trade_out, series mgz_w1_qnmi_sn, 2021=100, SA)","Bruegel REER database (Darvas), version 22 Sep 2026, sheet REER_MONTHLY_120, series REER_120_VN (CPI-based, 120 trading partners); file supplied by authors"
2019-04,97.6,145.3111971536056,"https://www.cpb.nl/system/files/cpbmedia/CPB-world-trade-monitor-july-2026.xlsx (CPB WTM July 2026 release, published 2026-09-25; sheet trade_out, series mgz_w1_qnmi_sn, 2021=100, SA)","Bruegel REER database (Darvas), version 22 Sep 2026, sheet REER_MONTHLY_120, series REER_120_VN (CPI-based, 120 trading partners); file supplied by authors"
2019-05,97.9,145.86998590347474,"https://www.cpb.nl/system/files/cpbmedia/CPB-world-trade-monitor-july-2026.xlsx (CPB WTM July 2026 release, published 2026-09-25; sheet trade_out, series mgz_w1_qnmi_sn, 2021=100, SA)","Bruegel REER database (Darvas), version 22 Sep 2026, sheet REER_MONTHLY_120, series REER_120_VN (CPI-based, 120 trading partners); file supplied by authors"
2019-06,96.1,144.70221085343334,"https://www.cpb.nl/system/files/cpbmedia/CPB-world-trade-monitor-july-2026.xlsx (CPB WTM July 2026 release, published 2026-09-25; sheet trade_out, series mgz_w1_qnmi_sn, 2021=100, SA)","Bruegel REER database (Darvas), version 22 Sep 2026, sheet REER_MONTHLY_120, series REER_120_VN (CPI-based, 120 trading partners); file supplied by authors"
2019-07,97.3,145.62093177640656,"https://www.cpb.nl/system/files/cpbmedia/CPB-world-trade-monitor-july-2026.xlsx (CPB WTM July 2026 release, published 2026-09-25; sheet trade_out, series mgz_w1_qnmi_sn, 2021=100, SA)","Bruegel REER database (Darvas), version 22 Sep 2026, sheet REER_MONTHLY_120, series REER_120_VN (CPI-based, 120 trading partners); file supplied by authors"
2019-08,98.2,147.21126538968846,"https://www.cpb.nl/system/files/cpbmedia/CPB-world-trade-monitor-july-2026.xlsx (CPB WTM July 2026 release, published 2026-09-25; sheet trade_out, series mgz_w1_qnmi_sn, 2021=100, SA)","Bruegel REER database (Darvas), version 22 Sep 2026, sheet REER_MONTHLY_120, series REER_120_VN (CPI-based, 120 trading partners); file supplied by authors"
2019-09,97.1,147.9487597058816,"https://www.cpb.nl/system/files/cpbmedia/CPB-world-trade-monitor-july-2026.xlsx (CPB WTM July 2026 release, published 2026-09-25; sheet trade_out, series mgz_w1_qnmi_sn, 2021=100, SA)","Bruegel REER database (Darvas), version 22 Sep 2026, sheet REER_MONTHLY_120, series REER_120_VN (CPI-based, 120 trading partners); file supplied by authors"
2019-10,97.1,148.0379156184514,"https://www.cpb.nl/system/files/cpbmedia/CPB-world-trade-monitor-july-2026.xlsx (CPB WTM July 2026 release, published 2026-09-25; sheet trade_out, series mgz_w1_qnmi_sn, 2021=100, SA)","Bruegel REER database (Darvas), version 22 Sep 2026, sheet REER_MONTHLY_120, series REER_120_VN (CPI-based, 120 trading partners); file supplied by authors"
2019-11,96.5,148.813980169275,"https://www.cpb.nl/system/files/cpbmedia/CPB-world-trade-monitor-july-2026.xlsx (CPB WTM July 2026 release, published 2026-09-25; sheet trade_out, series mgz_w1_qnmi_sn, 2021=100, SA)","Bruegel REER database (Darvas), version 22 Sep 2026, sheet REER_MONTHLY_120, series REER_120_VN (CPI-based, 120 trading partners); file supplied by authors"
2019-12,95.9,150.10394299109706,"https://www.cpb.nl/system/files/cpbmedia/CPB-world-trade-monitor-july-2026.xlsx (CPB WTM July 2026 release, published 2026-09-25; sheet trade_out, series mgz_w1_qnmi_sn, 2021=100, SA)","Bruegel REER database (Darvas), version 22 Sep 2026, sheet REER_MONTHLY_120, series REER_120_VN (CPI-based, 120 trading partners); file supplied by authors"
2020-01,95.0,151.27538348684604,"https://www.cpb.nl/system/files/cpbmedia/CPB-world-trade-monitor-july-2026.xlsx (CPB WTM July 2026 release, published 2026-09-25; sheet trade_out, series mgz_w1_qnmi_sn, 2021=100, SA)","Bruegel REER database (Darvas), version 22 Sep 2026, sheet REER_MONTHLY_120, series REER_120_VN (CPI-based, 120 trading partners); file supplied by authors"
2020-02,94.4,151.9281780308066,"https://www.cpb.nl/system/files/cpbmedia/CPB-world-trade-monitor-july-2026.xlsx (CPB WTM July 2026 release, published 2026-09-25; sheet trade_out, series mgz_w1_qnmi_sn, 2021=100, SA)","Bruegel REER database (Darvas), version 22 Sep 2026, sheet REER_MONTHLY_120, series REER_120_VN (CPI-based, 120 trading partners); file supplied by authors"
2020-03,90.3,151.8138480426375,"https://www.cpb.nl/system/files/cpbmedia/CPB-world-trade-monitor-july-2026.xlsx (CPB WTM July 2026 release, published 2026-09-25; sheet trade_out, series mgz_w1_qnmi_sn, 2021=100, SA)","Bruegel REER database (Darvas), version 22 Sep 2026, sheet REER_MONTHLY_120, series REER_120_VN (CPI-based, 120 trading partners); file supplied by authors"
2020-04,80.4,151.96312582785794,"https://www.cpb.nl/system/files/cpbmedia/CPB-world-trade-monitor-july-2026.xlsx (CPB WTM July 2026 release, published 2026-09-25; sheet trade_out, series mgz_w1_qnmi_sn, 2021=100, SA)","Bruegel REER database (Darvas), version 22 Sep 2026, sheet REER_MONTHLY_120, series REER_120_VN (CPI-based, 120 trading partners); file supplied by authors"
2020-05,81.3,152.0915938005631,"https://www.cpb.nl/system/files/cpbmedia/CPB-world-trade-monitor-july-2026.xlsx (CPB WTM July 2026 release, published 2026-09-25; sheet trade_out, series mgz_w1_qnmi_sn, 2021=100, SA)","Bruegel REER database (Darvas), version 22 Sep 2026, sheet REER_MONTHLY_120, series REER_120_VN (CPI-based, 120 trading partners); file supplied by authors"
2020-06,86.4,150.6047624850223,"https://www.cpb.nl/system/files/cpbmedia/CPB-world-trade-monitor-july-2026.xlsx (CPB WTM July 2026 release, published 2026-09-25; sheet trade_out, series mgz_w1_qnmi_sn, 2021=100, SA)","Bruegel REER database (Darvas), version 22 Sep 2026, sheet REER_MONTHLY_120, series REER_120_VN (CPI-based, 120 trading partners); file supplied by authors"
2020-07,90.1,149.71702343039237,"https://www.cpb.nl/system/files/cpbmedia/CPB-world-trade-monitor-july-2026.xlsx (CPB WTM July 2026 release, published 2026-09-25; sheet trade_out, series mgz_w1_qnmi_sn, 2021=100, SA)","Bruegel REER database (Darvas), version 22 Sep 2026, sheet REER_MONTHLY_120, series REER_120_VN (CPI-based, 120 trading partners); file supplied by authors"
2020-08,92.2,147.65145304558632,"https://www.cpb.nl/system/files/cpbmedia/CPB-world-trade-monitor-july-2026.xlsx (CPB WTM July 2026 release, published 2026-09-25; sheet trade_out, series mgz_w1_qnmi_sn, 2021=100, SA)","Bruegel REER database (Darvas), version 22 Sep 2026, sheet REER_MONTHLY_120, series REER_120_VN (CPI-based, 120 trading partners); file supplied by authors"
2020-09,94.1,147.55319114355083,"https://www.cpb.nl/system/files/cpbmedia/CPB-world-trade-monitor-july-2026.xlsx (CPB WTM July 2026 release, published 2026-09-25; sheet trade_out, series mgz_w1_qnmi_sn, 2021=100, SA)","Bruegel REER database (Darvas), version 22 Sep 2026, sheet REER_MONTHLY_120, series REER_120_VN (CPI-based, 120 trading partners); file supplied by authors"
2020-10,94.9,147.1367007555727,"https://www.cpb.nl/system/files/cpbmedia/CPB-world-trade-monitor-july-2026.xlsx (CPB WTM July 2026 release, published 2026-09-25; sheet trade_out, series mgz_w1_qnmi_sn, 2021=100, SA)","Bruegel REER database (Darvas), version 22 Sep 2026, sheet REER_MONTHLY_120, series REER_120_VN (CPI-based, 120 trading partners); file supplied by authors"
2020-11,97.1,145.44947095234272,"https://www.cpb.nl/system/files/cpbmedia/CPB-world-trade-monitor-july-2026.xlsx (CPB WTM July 2026 release, published 2026-09-25; sheet trade_out, series mgz_w1_qnmi_sn, 2021=100, SA)","Bruegel REER database (Darvas), version 22 Sep 2026, sheet REER_MONTHLY_120, series REER_120_VN (CPI-based, 120 trading partners); file supplied by authors"
2020-12,97.5,143.2090124115044,"https://www.cpb.nl/system/files/cpbmedia/CPB-world-trade-monitor-july-2026.xlsx (CPB WTM July 2026 release, published 2026-09-25; sheet trade_out, series mgz_w1_qnmi_sn, 2021=100, SA)","Bruegel REER database (Darvas), version 22 Sep 2026, sheet REER_MONTHLY_120, series REER_120_VN (CPI-based, 120 trading partners); file supplied by authors"
2021-01,97.5,142.31399429042347,"https://www.cpb.nl/system/files/cpbmedia/CPB-world-trade-monitor-july-2026.xlsx (CPB WTM July 2026 release, published 2026-09-25; sheet trade_out, series mgz_w1_qnmi_sn, 2021=100, SA)","Bruegel REER database (Darvas), version 22 Sep 2026, sheet REER_MONTHLY_120, series REER_120_VN (CPI-based, 120 trading partners); file supplied by authors"
2021-02,97.6,144.47901503840603,"https://www.cpb.nl/system/files/cpbmedia/CPB-world-trade-monitor-july-2026.xlsx (CPB WTM July 2026 release, published 2026-09-25; sheet trade_out, series mgz_w1_qnmi_sn, 2021=100, SA)","Bruegel REER database (Darvas), version 22 Sep 2026, sheet REER_MONTHLY_120, series REER_120_VN (CPI-based, 120 trading partners); file supplied by authors"
2021-03,100.7,146.22998759328703,"https://www.cpb.nl/system/files/cpbmedia/CPB-world-trade-monitor-july-2026.xlsx (CPB WTM July 2026 release, published 2026-09-25; sheet trade_out, series mgz_w1_qnmi_sn, 2021=100, SA)","Bruegel REER database (Darvas), version 22 Sep 2026, sheet REER_MONTHLY_120, series REER_120_VN (CPI-based, 120 trading partners); file supplied by authors"
2021-04,100.1,146.36560282846494,"https://www.cpb.nl/system/files/cpbmedia/CPB-world-trade-monitor-july-2026.xlsx (CPB WTM July 2026 release, published 2026-09-25; sheet trade_out, series mgz_w1_qnmi_sn, 2021=100, SA)","Bruegel REER database (Darvas), version 22 Sep 2026, sheet REER_MONTHLY_120, series REER_120_VN (CPI-based, 120 trading partners); file supplied by authors"
2021-05,99.3,145.2771598868492,"https://www.cpb.nl/system/files/cpbmedia/CPB-world-trade-monitor-july-2026.xlsx (CPB WTM July 2026 release, published 2026-09-25; sheet trade_out, series mgz_w1_qnmi_sn, 2021=100, SA)","Bruegel REER database (Darvas), version 22 Sep 2026, sheet REER_MONTHLY_120, series REER_120_VN (CPI-based, 120 trading partners); file supplied by authors"
2021-06,99.6,145.9619084911497,"https://www.cpb.nl/system/files/cpbmedia/CPB-world-trade-monitor-july-2026.xlsx (CPB WTM July 2026 release, published 2026-09-25; sheet trade_out, series mgz_w1_qnmi_sn, 2021=100, SA)","Bruegel REER database (Darvas), version 22 Sep 2026, sheet REER_MONTHLY_120, series REER_120_VN (CPI-based, 120 trading partners); file supplied by authors"
2021-07,98.9,148.0765427316506,"https://www.cpb.nl/system/files/cpbmedia/CPB-world-trade-monitor-july-2026.xlsx (CPB WTM July 2026 release, published 2026-09-25; sheet trade_out, series mgz_w1_qnmi_sn, 2021=100, SA)","Bruegel REER database (Darvas), version 22 Sep 2026, sheet REER_MONTHLY_120, series REER_120_VN (CPI-based, 120 trading partners); file supplied by authors"
2021-08,99.3,149.70569594890935,"https://www.cpb.nl/system/files/cpbmedia/CPB-world-trade-monitor-july-2026.xlsx (CPB WTM July 2026 release, published 2026-09-25; sheet trade_out, series mgz_w1_qnmi_sn, 2021=100, SA)","Bruegel REER database (Darvas), version 22 Sep 2026, sheet REER_MONTHLY_120, series REER_120_VN (CPI-based, 120 trading partners); file supplied by authors"
2021-09,99.1,148.77937781179307,"https://www.cpb.nl/system/files/cpbmedia/CPB-world-trade-monitor-july-2026.xlsx (CPB WTM July 2026 release, published 2026-09-25; sheet trade_out, series mgz_w1_qnmi_sn, 2021=100, SA)","Bruegel REER database (Darvas), version 22 Sep 2026, sheet REER_MONTHLY_120, series REER_120_VN (CPI-based, 120 trading partners); file supplied by authors"
2021-10,99.6,149.5881696903705,"https://www.cpb.nl/system/files/cpbmedia/CPB-world-trade-monitor-july-2026.xlsx (CPB WTM July 2026 release, published 2026-09-25; sheet trade_out, series mgz_w1_qnmi_sn, 2021=100, SA)","Bruegel REER database (Darvas), version 22 Sep 2026, sheet REER_MONTHLY_120, series REER_120_VN (CPI-based, 120 trading partners); file supplied by authors"
2021-11,103.2,150.546718000877,"https://www.cpb.nl/system/files/cpbmedia/CPB-world-trade-monitor-july-2026.xlsx (CPB WTM July 2026 release, published 2026-09-25; sheet trade_out, series mgz_w1_qnmi_sn, 2021=100, SA)","Bruegel REER database (Darvas), version 22 Sep 2026, sheet REER_MONTHLY_120, series REER_120_VN (CPI-based, 120 trading partners); file supplied by authors"
2021-12,105.0,149.29101662219605,"https://www.cpb.nl/system/files/cpbmedia/CPB-world-trade-monitor-july-2026.xlsx (CPB WTM July 2026 release, published 2026-09-25; sheet trade_out, series mgz_w1_qnmi_sn, 2021=100, SA)","Bruegel REER database (Darvas), version 22 Sep 2026, sheet REER_MONTHLY_120, series REER_120_VN (CPI-based, 120 trading partners); file supplied by authors"
2022-01,103.9,149.9009898200864,"https://www.cpb.nl/system/files/cpbmedia/CPB-world-trade-monitor-july-2026.xlsx (CPB WTM July 2026 release, published 2026-09-25; sheet trade_out, series mgz_w1_qnmi_sn, 2021=100, SA)","Bruegel REER database (Darvas), version 22 Sep 2026, sheet REER_MONTHLY_120, series REER_120_VN (CPI-based, 120 trading partners); file supplied by authors"
2022-02,103.5,149.4692408395941,"https://www.cpb.nl/system/files/cpbmedia/CPB-world-trade-monitor-july-2026.xlsx (CPB WTM July 2026 release, published 2026-09-25; sheet trade_out, series mgz_w1_qnmi_sn, 2021=100, SA)","Bruegel REER database (Darvas), version 22 Sep 2026, sheet REER_MONTHLY_120, series REER_120_VN (CPI-based, 120 trading partners); file supplied by authors"
2022-03,102.0,151.96397390604028,"https://www.cpb.nl/system/files/cpbmedia/CPB-world-trade-monitor-july-2026.xlsx (CPB WTM July 2026 release, published 2026-09-25; sheet trade_out, series mgz_w1_qnmi_sn, 2021=100, SA)","Bruegel REER database (Darvas), version 22 Sep 2026, sheet REER_MONTHLY_120, series REER_120_VN (CPI-based, 120 trading partners); file supplied by authors"
2022-04,101.9,154.54610858204515,"https://www.cpb.nl/system/files/cpbmedia/CPB-world-trade-monitor-july-2026.xlsx (CPB WTM July 2026 release, published 2026-09-25; sheet trade_out, series mgz_w1_qnmi_sn, 2021=100, SA)","Bruegel REER database (Darvas), version 22 Sep 2026, sheet REER_MONTHLY_120, series REER_120_VN (CPI-based, 120 trading partners); file supplied by authors"
2022-05,104.0,156.44453228801177,"https://www.cpb.nl/system/files/cpbmedia/CPB-world-trade-monitor-july-2026.xlsx (CPB WTM July 2026 release, published 2026-09-25; sheet trade_out, series mgz_w1_qnmi_sn, 2021=100, SA)","Bruegel REER database (Darvas), version 22 Sep 2026, sheet REER_MONTHLY_120, series REER_120_VN (CPI-based, 120 trading partners); file supplied by authors"
2022-06,103.2,156.70122659303607,"https://www.cpb.nl/system/files/cpbmedia/CPB-world-trade-monitor-july-2026.xlsx (CPB WTM July 2026 release, published 2026-09-25; sheet trade_out, series mgz_w1_qnmi_sn, 2021=100, SA)","Bruegel REER database (Darvas), version 22 Sep 2026, sheet REER_MONTHLY_120, series REER_120_VN (CPI-based, 120 trading partners); file supplied by authors"
2022-07,103.6,158.9497485878682,"https://www.cpb.nl/system/files/cpbmedia/CPB-world-trade-monitor-july-2026.xlsx (CPB WTM July 2026 release, published 2026-09-25; sheet trade_out, series mgz_w1_qnmi_sn, 2021=100, SA)","Bruegel REER database (Darvas), version 22 Sep 2026, sheet REER_MONTHLY_120, series REER_120_VN (CPI-based, 120 trading partners); file supplied by authors"
2022-08,104.4,158.52680862151294,"https://www.cpb.nl/system/files/cpbmedia/CPB-world-trade-monitor-july-2026.xlsx (CPB WTM July 2026 release, published 2026-09-25; sheet trade_out, series mgz_w1_qnmi_sn, 2021=100, SA)","Bruegel REER database (Darvas), version 22 Sep 2026, sheet REER_MONTHLY_120, series REER_120_VN (CPI-based, 120 trading partners); file supplied by authors"
2022-09,104.5,161.82427763654525,"https://www.cpb.nl/system/files/cpbmedia/CPB-world-trade-monitor-july-2026.xlsx (CPB WTM July 2026 release, published 2026-09-25; sheet trade_out, series mgz_w1_qnmi_sn, 2021=100, SA)","Bruegel REER database (Darvas), version 22 Sep 2026, sheet REER_MONTHLY_120, series REER_120_VN (CPI-based, 120 trading partners); file supplied by authors"
2022-10,104.1,159.37481535826456,"https://www.cpb.nl/system/files/cpbmedia/CPB-world-trade-monitor-july-2026.xlsx (CPB WTM July 2026 release, published 2026-09-25; sheet trade_out, series mgz_w1_qnmi_sn, 2021=100, SA)","Bruegel REER database (Darvas), version 22 Sep 2026, sheet REER_MONTHLY_120, series REER_120_VN (CPI-based, 120 trading partners); file supplied by authors"
2022-11,102.5,152.0546625704274,"https://www.cpb.nl/system/files/cpbmedia/CPB-world-trade-monitor-july-2026.xlsx (CPB WTM July 2026 release, published 2026-09-25; sheet trade_out, series mgz_w1_qnmi_sn, 2021=100, SA)","Bruegel REER database (Darvas), version 22 Sep 2026, sheet REER_MONTHLY_120, series REER_120_VN (CPI-based, 120 trading partners); file supplied by authors"
2022-12,102.0,153.48919934798718,"https://www.cpb.nl/system/files/cpbmedia/CPB-world-trade-monitor-july-2026.xlsx (CPB WTM July 2026 release, published 2026-09-25; sheet trade_out, series mgz_w1_qnmi_sn, 2021=100, SA)","Bruegel REER database (Darvas), version 22 Sep 2026, sheet REER_MONTHLY_120, series REER_120_VN (CPI-based, 120 trading partners); file supplied by authors"
2023-01,101.7,152.29316054195354,"https://www.cpb.nl/system/files/cpbmedia/CPB-world-trade-monitor-july-2026.xlsx (CPB WTM July 2026 release, published 2026-09-25; sheet trade_out, series mgz_w1_qnmi_sn, 2021=100, SA)","Bruegel REER database (Darvas), version 22 Sep 2026, sheet REER_MONTHLY_120, series REER_120_VN (CPI-based, 120 trading partners); file supplied by authors"
2023-02,101.6,151.95782462938791,"https://www.cpb.nl/system/files/cpbmedia/CPB-world-trade-monitor-july-2026.xlsx (CPB WTM July 2026 release, published 2026-09-25; sheet trade_out, series mgz_w1_qnmi_sn, 2021=100, SA)","Bruegel REER database (Darvas), version 22 Sep 2026, sheet REER_MONTHLY_120, series REER_120_VN (CPI-based, 120 trading partners); file supplied by authors"
2023-03,101.9,152.99909328582257,"https://www.cpb.nl/system/files/cpbmedia/CPB-world-trade-monitor-july-2026.xlsx (CPB WTM July 2026 release, published 2026-09-25; sheet trade_out, series mgz_w1_qnmi_sn, 2021=100, SA)","Bruegel REER database (Darvas), version 22 Sep 2026, sheet REER_MONTHLY_120, series REER_120_VN (CPI-based, 120 trading partners); file supplied by authors"
2023-04,101.1,151.92058186454096,"https://www.cpb.nl/system/files/cpbmedia/CPB-world-trade-monitor-july-2026.xlsx (CPB WTM July 2026 release, published 2026-09-25; sheet trade_out, series mgz_w1_qnmi_sn, 2021=100, SA)","Bruegel REER database (Darvas), version 22 Sep 2026, sheet REER_MONTHLY_120, series REER_120_VN (CPI-based, 120 trading partners); file supplied by authors"
2023-05,102.5,153.53125007605894,"https://www.cpb.nl/system/files/cpbmedia/CPB-world-trade-monitor-july-2026.xlsx (CPB WTM July 2026 release, published 2026-09-25; sheet trade_out, series mgz_w1_qnmi_sn, 2021=100, SA)","Bruegel REER database (Darvas), version 22 Sep 2026, sheet REER_MONTHLY_120, series REER_120_VN (CPI-based, 120 trading partners); file supplied by authors"
2023-06,101.6,154.22321588235812,"https://www.cpb.nl/system/files/cpbmedia/CPB-world-trade-monitor-july-2026.xlsx (CPB WTM July 2026 release, published 2026-09-25; sheet trade_out, series mgz_w1_qnmi_sn, 2021=100, SA)","Bruegel REER database (Darvas), version 22 Sep 2026, sheet REER_MONTHLY_120, series REER_120_VN (CPI-based, 120 trading partners); file supplied by authors"
2023-07,102.0,152.21253065499968,"https://www.cpb.nl/system/files/cpbmedia/CPB-world-trade-monitor-july-2026.xlsx (CPB WTM July 2026 release, published 2026-09-25; sheet trade_out, series mgz_w1_qnmi_sn, 2021=100, SA)","Bruegel REER database (Darvas), version 22 Sep 2026, sheet REER_MONTHLY_120, series REER_120_VN (CPI-based, 120 trading partners); file supplied by authors"
2023-08,101.9,154.36197842575532,"https://www.cpb.nl/system/files/cpbmedia/CPB-world-trade-monitor-july-2026.xlsx (CPB WTM July 2026 release, published 2026-09-25; sheet trade_out, series mgz_w1_qnmi_sn, 2021=100, SA)","Bruegel REER database (Darvas), version 22 Sep 2026, sheet REER_MONTHLY_120, series REER_120_VN (CPI-based, 120 trading partners); file supplied by authors"
2023-09,101.6,155.34383736449809,"https://www.cpb.nl/system/files/cpbmedia/CPB-world-trade-monitor-july-2026.xlsx (CPB WTM July 2026 release, published 2026-09-25; sheet trade_out, series mgz_w1_qnmi_sn, 2021=100, SA)","Bruegel REER database (Darvas), version 22 Sep 2026, sheet REER_MONTHLY_120, series REER_120_VN (CPI-based, 120 trading partners); file supplied by authors"
2023-10,103.7,155.12687852919655,"https://www.cpb.nl/system/files/cpbmedia/CPB-world-trade-monitor-july-2026.xlsx (CPB WTM July 2026 release, published 2026-09-25; sheet trade_out, series mgz_w1_qnmi_sn, 2021=100, SA)","Bruegel REER database (Darvas), version 22 Sep 2026, sheet REER_MONTHLY_120, series REER_120_VN (CPI-based, 120 trading partners); file supplied by authors"
2023-11,101.9,154.16299687743617,"https://www.cpb.nl/system/files/cpbmedia/CPB-world-trade-monitor-july-2026.xlsx (CPB WTM July 2026 release, published 2026-09-25; sheet trade_out, series mgz_w1_qnmi_sn, 2021=100, SA)","Bruegel REER database (Darvas), version 22 Sep 2026, sheet REER_MONTHLY_120, series REER_120_VN (CPI-based, 120 trading partners); file supplied by authors"
2023-12,103.3,152.52836784249772,"https://www.cpb.nl/system/files/cpbmedia/CPB-world-trade-monitor-july-2026.xlsx (CPB WTM July 2026 release, published 2026-09-25; sheet trade_out, series mgz_w1_qnmi_sn, 2021=100, SA)","Bruegel REER database (Darvas), version 22 Sep 2026, sheet REER_MONTHLY_120, series REER_120_VN (CPI-based, 120 trading partners); file supplied by authors"
2024-01,101.6,152.10533792762004,"https://www.cpb.nl/system/files/cpbmedia/CPB-world-trade-monitor-july-2026.xlsx (CPB WTM July 2026 release, published 2026-09-25; sheet trade_out, series mgz_w1_qnmi_sn, 2021=100, SA)","Bruegel REER database (Darvas), version 22 Sep 2026, sheet REER_MONTHLY_120, series REER_120_VN (CPI-based, 120 trading partners); file supplied by authors"
2024-02,104.3,153.50155658124626,"https://www.cpb.nl/system/files/cpbmedia/CPB-world-trade-monitor-july-2026.xlsx (CPB WTM July 2026 release, published 2026-09-25; sheet trade_out, series mgz_w1_qnmi_sn, 2021=100, SA)","Bruegel REER database (Darvas), version 22 Sep 2026, sheet REER_MONTHLY_120, series REER_120_VN (CPI-based, 120 trading partners); file supplied by authors"
2024-03,103.4,151.69741771237074,"https://www.cpb.nl/system/files/cpbmedia/CPB-world-trade-monitor-july-2026.xlsx (CPB WTM July 2026 release, published 2026-09-25; sheet trade_out, series mgz_w1_qnmi_sn, 2021=100, SA)","Bruegel REER database (Darvas), version 22 Sep 2026, sheet REER_MONTHLY_120, series REER_120_VN (CPI-based, 120 trading partners); file supplied by authors"
2024-04,104.3,151.58788622439067,"https://www.cpb.nl/system/files/cpbmedia/CPB-world-trade-monitor-july-2026.xlsx (CPB WTM July 2026 release, published 2026-09-25; sheet trade_out, series mgz_w1_qnmi_sn, 2021=100, SA)","Bruegel REER database (Darvas), version 22 Sep 2026, sheet REER_MONTHLY_120, series REER_120_VN (CPI-based, 120 trading partners); file supplied by authors"
2024-05,104.0,149.68954517413317,"https://www.cpb.nl/system/files/cpbmedia/CPB-world-trade-monitor-july-2026.xlsx (CPB WTM July 2026 release, published 2026-09-25; sheet trade_out, series mgz_w1_qnmi_sn, 2021=100, SA)","Bruegel REER database (Darvas), version 22 Sep 2026, sheet REER_MONTHLY_120, series REER_120_VN (CPI-based, 120 trading partners); file supplied by authors"
2024-06,104.5,150.32624640328078,"https://www.cpb.nl/system/files/cpbmedia/CPB-world-trade-monitor-july-2026.xlsx (CPB WTM July 2026 release, published 2026-09-25; sheet trade_out, series mgz_w1_qnmi_sn, 2021=100, SA)","Bruegel REER database (Darvas), version 22 Sep 2026, sheet REER_MONTHLY_120, series REER_120_VN (CPI-based, 120 trading partners); file supplied by authors"
2024-07,104.5,150.56556667681562,"https://www.cpb.nl/system/files/cpbmedia/CPB-world-trade-monitor-july-2026.xlsx (CPB WTM July 2026 release, published 2026-09-25; sheet trade_out, series mgz_w1_qnmi_sn, 2021=100, SA)","Bruegel REER database (Darvas), version 22 Sep 2026, sheet REER_MONTHLY_120, series REER_120_VN (CPI-based, 120 trading partners); file supplied by authors"
2024-08,106.2,148.59998594412704,"https://www.cpb.nl/system/files/cpbmedia/CPB-world-trade-monitor-july-2026.xlsx (CPB WTM July 2026 release, published 2026-09-25; sheet trade_out, series mgz_w1_qnmi_sn, 2021=100, SA)","Bruegel REER database (Darvas), version 22 Sep 2026, sheet REER_MONTHLY_120, series REER_120_VN (CPI-based, 120 trading partners); file supplied by authors"
2024-09,105.8,149.21491894991533,"https://www.cpb.nl/system/files/cpbmedia/CPB-world-trade-monitor-july-2026.xlsx (CPB WTM July 2026 release, published 2026-09-25; sheet trade_out, series mgz_w1_qnmi_sn, 2021=100, SA)","Bruegel REER database (Darvas), version 22 Sep 2026, sheet REER_MONTHLY_120, series REER_120_VN (CPI-based, 120 trading partners); file supplied by authors"
2024-10,106.2,149.58847011797855,"https://www.cpb.nl/system/files/cpbmedia/CPB-world-trade-monitor-july-2026.xlsx (CPB WTM July 2026 release, published 2026-09-25; sheet trade_out, series mgz_w1_qnmi_sn, 2021=100, SA)","Bruegel REER database (Darvas), version 22 Sep 2026, sheet REER_MONTHLY_120, series REER_120_VN (CPI-based, 120 trading partners); file supplied by authors"
2024-11,106.3,150.8533625703852,"https://www.cpb.nl/system/files/cpbmedia/CPB-world-trade-monitor-july-2026.xlsx (CPB WTM July 2026 release, published 2026-09-25; sheet trade_out, series mgz_w1_qnmi_sn, 2021=100, SA)","Bruegel REER database (Darvas), version 22 Sep 2026, sheet REER_MONTHLY_120, series REER_120_VN (CPI-based, 120 trading partners); file supplied by authors"
2024-12,106.8,151.81225754144756,"https://www.cpb.nl/system/files/cpbmedia/CPB-world-trade-monitor-july-2026.xlsx (CPB WTM July 2026 release, published 2026-09-25; sheet trade_out, series mgz_w1_qnmi_sn, 2021=100, SA)","Bruegel REER database (Darvas), version 22 Sep 2026, sheet REER_MONTHLY_120, series REER_120_VN (CPI-based, 120 trading partners); file supplied by authors"
2025-01,107.1,155.64145881232034,"https://www.cpb.nl/system/files/cpbmedia/CPB-world-trade-monitor-july-2026.xlsx (CPB WTM July 2026 release, published 2026-09-25; sheet trade_out, series mgz_w1_qnmi_sn, 2021=100, SA)","Bruegel REER database (Darvas), version 22 Sep 2026, sheet REER_MONTHLY_120, series REER_120_VN (CPI-based, 120 trading partners); file supplied by authors"
2025-02,108.8,152.30668665968986,"https://www.cpb.nl/system/files/cpbmedia/CPB-world-trade-monitor-july-2026.xlsx (CPB WTM July 2026 release, published 2026-09-25; sheet trade_out, series mgz_w1_qnmi_sn, 2021=100, SA)","Bruegel REER database (Darvas), version 22 Sep 2026, sheet REER_MONTHLY_120, series REER_120_VN (CPI-based, 120 trading partners); file supplied by authors"
2025-03,111.0,149.35863987227043,"https://www.cpb.nl/system/files/cpbmedia/CPB-world-trade-monitor-july-2026.xlsx (CPB WTM July 2026 release, published 2026-09-25; sheet trade_out, series mgz_w1_qnmi_sn, 2021=100, SA)","Bruegel REER database (Darvas), version 22 Sep 2026, sheet REER_MONTHLY_120, series REER_120_VN (CPI-based, 120 trading partners); file supplied by authors"
2025-04,108.4,144.95979636792788,"https://www.cpb.nl/system/files/cpbmedia/CPB-world-trade-monitor-july-2026.xlsx (CPB WTM July 2026 release, published 2026-09-25; sheet trade_out, series mgz_w1_qnmi_sn, 2021=100, SA)","Bruegel REER database (Darvas), version 22 Sep 2026, sheet REER_MONTHLY_120, series REER_120_VN (CPI-based, 120 trading partners); file supplied by authors"
2025-05,108.5,142.52969935311773,"https://www.cpb.nl/system/files/cpbmedia/CPB-world-trade-monitor-july-2026.xlsx (CPB WTM July 2026 release, published 2026-09-25; sheet trade_out, series mgz_w1_qnmi_sn, 2021=100, SA)","Bruegel REER database (Darvas), version 22 Sep 2026, sheet REER_MONTHLY_120, series REER_120_VN (CPI-based, 120 trading partners); file supplied by authors"
2025-06,108.0,140.49065729278118,"https://www.cpb.nl/system/files/cpbmedia/CPB-world-trade-monitor-july-2026.xlsx (CPB WTM July 2026 release, published 2026-09-25; sheet trade_out, series mgz_w1_qnmi_sn, 2021=100, SA)","Bruegel REER database (Darvas), version 22 Sep 2026, sheet REER_MONTHLY_120, series REER_120_VN (CPI-based, 120 trading partners); file supplied by authors"
2025-07,109.8,139.75228971865968,"https://www.cpb.nl/system/files/cpbmedia/CPB-world-trade-monitor-july-2026.xlsx (CPB WTM July 2026 release, published 2026-09-25; sheet trade_out, series mgz_w1_qnmi_sn, 2021=100, SA)","Bruegel REER database (Darvas), version 22 Sep 2026, sheet REER_MONTHLY_120, series REER_120_VN (CPI-based, 120 trading partners); file supplied by authors"
2025-08,109.2,139.81682347074855,"https://www.cpb.nl/system/files/cpbmedia/CPB-world-trade-monitor-july-2026.xlsx (CPB WTM July 2026 release, published 2026-09-25; sheet trade_out, series mgz_w1_qnmi_sn, 2021=100, SA)","Bruegel REER database (Darvas), version 22 Sep 2026, sheet REER_MONTHLY_120, series REER_120_VN (CPI-based, 120 trading partners); file supplied by authors"
2025-09,110.5,139.11130246406114,"https://www.cpb.nl/system/files/cpbmedia/CPB-world-trade-monitor-july-2026.xlsx (CPB WTM July 2026 release, published 2026-09-25; sheet trade_out, series mgz_w1_qnmi_sn, 2021=100, SA)","Bruegel REER database (Darvas), version 22 Sep 2026, sheet REER_MONTHLY_120, series REER_120_VN (CPI-based, 120 trading partners); file supplied by authors"
2025-10,109.5,140.69346419379198,"https://www.cpb.nl/system/files/cpbmedia/CPB-world-trade-monitor-july-2026.xlsx (CPB WTM July 2026 release, published 2026-09-25; sheet trade_out, series mgz_w1_qnmi_sn, 2021=100, SA)","Bruegel REER database (Darvas), version 22 Sep 2026, sheet REER_MONTHLY_120, series REER_120_VN (CPI-based, 120 trading partners); file supplied by authors"
2025-11,110.5,142.4123390629438,"https://www.cpb.nl/system/files/cpbmedia/CPB-world-trade-monitor-july-2026.xlsx (CPB WTM July 2026 release, published 2026-09-25; sheet trade_out, series mgz_w1_qnmi_sn, 2021=100, SA)","Bruegel REER database (Darvas), version 22 Sep 2026, sheet REER_MONTHLY_120, series REER_120_VN (CPI-based, 120 trading partners); file supplied by authors"
2025-12,111.2,141.90729856187102,"https://www.cpb.nl/system/files/cpbmedia/CPB-world-trade-monitor-july-2026.xlsx (CPB WTM July 2026 release, published 2026-09-25; sheet trade_out, series mgz_w1_qnmi_sn, 2021=100, SA)","Bruegel REER database (Darvas), version 22 Sep 2026, sheet REER_MONTHLY_120, series REER_120_VN (CPI-based, 120 trading partners); file supplied by authors"
2026-01,113.0,142.1449842005673,"https://www.cpb.nl/system/files/cpbmedia/CPB-world-trade-monitor-july-2026.xlsx (CPB WTM July 2026 release, published 2026-09-25; sheet trade_out, series mgz_w1_qnmi_sn, 2021=100, SA)","Bruegel REER database (Darvas), version 22 Sep 2026, sheet REER_MONTHLY_120, series REER_120_VN (CPI-based, 120 trading partners); file supplied by authors"
2026-02,114.9,142.5505876138749,"https://www.cpb.nl/system/files/cpbmedia/CPB-world-trade-monitor-july-2026.xlsx (CPB WTM July 2026 release, published 2026-09-25; sheet trade_out, series mgz_w1_qnmi_sn, 2021=100, SA)","Bruegel REER database (Darvas), version 22 Sep 2026, sheet REER_MONTHLY_120, series REER_120_VN (CPI-based, 120 trading partners); file supplied by authors"
2026-03,113.6,144.95848522223142,"https://www.cpb.nl/system/files/cpbmedia/CPB-world-trade-monitor-july-2026.xlsx (CPB WTM July 2026 release, published 2026-09-25; sheet trade_out, series mgz_w1_qnmi_sn, 2021=100, SA)","Bruegel REER database (Darvas), version 22 Sep 2026, sheet REER_MONTHLY_120, series REER_120_VN (CPI-based, 120 trading partners); file supplied by authors"
2026-04,113.0,144.90043053327759,"https://www.cpb.nl/system/files/cpbmedia/CPB-world-trade-monitor-july-2026.xlsx (CPB WTM July 2026 release, published 2026-09-25; sheet trade_out, series mgz_w1_qnmi_sn, 2021=100, SA)","Bruegel REER database (Darvas), version 22 Sep 2026, sheet REER_MONTHLY_120, series REER_120_VN (CPI-based, 120 trading partners); file supplied by authors"
2026-05,113.3,144.8927025329229,"https://www.cpb.nl/system/files/cpbmedia/CPB-world-trade-monitor-july-2026.xlsx (CPB WTM July 2026 release, published 2026-09-25; sheet trade_out, series mgz_w1_qnmi_sn, 2021=100, SA)","Bruegel REER database (Darvas), version 22 Sep 2026, sheet REER_MONTHLY_120, series REER_120_VN (CPI-based, 120 trading partners); file supplied by authors"
2026-06,114.5,145.98948437217555,"https://www.cpb.nl/system/files/cpbmedia/CPB-world-trade-monitor-july-2026.xlsx (CPB WTM July 2026 release, published 2026-09-25; sheet trade_out, series mgz_w1_qnmi_sn, 2021=100, SA)","Bruegel REER database (Darvas), version 22 Sep 2026, sheet REER_MONTHLY_120, series REER_120_VN (CPI-based, 120 trading partners); file supplied by authors"
2026-07,115.2,146.7241467660967,"https://www.cpb.nl/system/files/cpbmedia/CPB-world-trade-monitor-july-2026.xlsx (CPB WTM July 2026 release, published 2026-09-25; sheet trade_out, series mgz_w1_qnmi_sn, 2021=100, SA)","Bruegel REER database (Darvas), version 22 Sep 2026, sheet REER_MONTHLY_120, series REER_120_VN (CPI-based, 120 trading partners); file supplied by authors"
2026-08,,145.66007421772275,,"Bruegel REER database (Darvas), version 22 Sep 2026, sheet REER_MONTHLY_120, series REER_120_VN (CPI-based, 120 trading partners); file supplied by authors"
