as_of,economy,iso3,projects,registered_usd_m,source_name,source_url,quote
2012-12-31,TOTAL,,14522,210521.6,"GSO Statistical Yearbook of Vietnam 2012, Table 89: Đầu tư trực tiếp của nước ngoài được cấp giấy phép phân theo đối tác đầu tư chủ yếu (Lũy kế các dự án còn hiệu lực đến ngày 31/12/2012)",https://www.istmat.org/files/uploads/50952/04_investment_and_construction.pdf,"| TỔNG SỐ - TOTAL | 14522 | 210521,6 |"
2012-12-31,Japan,JPN,1849,28699.6,"GSO Statistical Yearbook of Vietnam 2012, Table 89: Đầu tư trực tiếp của nước ngoài được cấp giấy phép phân theo đối tác đầu tư chủ yếu (Lũy kế các dự án còn hiệu lực đến ngày 31/12/2012)",https://www.istmat.org/files/uploads/50952/04_investment_and_construction.pdf,"| Nhật Bản - Japan | 1849 | 28699,6 |"
2012-12-31,Republic of Korea,KOR,3197,24816.0,"GSO Statistical Yearbook of Vietnam 2012, Table 89: Đầu tư trực tiếp của nước ngoài được cấp giấy phép phân theo đối tác đầu tư chủ yếu (Lũy kế các dự án còn hiệu lực đến ngày 31/12/2012)",https://www.istmat.org/files/uploads/50952/04_investment_and_construction.pdf,"| Hàn Quốc - Korea Rep. of | 3197 | 24816,0 |"
2012-12-31,Singapore,SGP,1119,24875.3,"GSO Statistical Yearbook of Vietnam 2012, Table 89: Đầu tư trực tiếp của nước ngoài được cấp giấy phép phân theo đối tác đầu tư chủ yếu (Lũy kế các dự án còn hiệu lực đến ngày 31/12/2012)",https://www.istmat.org/files/uploads/50952/04_investment_and_construction.pdf,"| Xin-ga-po - Singapore | 1119 | 24875,3 |"
2012-12-31,China (mainland),CHN,893,4697.2,"GSO Statistical Yearbook of Vietnam 2012, Table 89: Đầu tư trực tiếp của nước ngoài được cấp giấy phép phân theo đối tác đầu tư chủ yếu (Lũy kế các dự án còn hiệu lực đến ngày 31/12/2012)",https://www.istmat.org/files/uploads/50952/04_investment_and_construction.pdf,"| CHND Trung Hoa - China, PR | 893 | 4697,2 |"
2012-12-31,Hong Kong SAR,HKG,705,11966.7,"GSO Statistical Yearbook of Vietnam 2012, Table 89: Đầu tư trực tiếp của nước ngoài được cấp giấy phép phân theo đối tác đầu tư chủ yếu (Lũy kế các dự án còn hiệu lực đến ngày 31/12/2012)",https://www.istmat.org/files/uploads/50952/04_investment_and_construction.pdf,"| Đặc khu hành chính Hồng Công (TQ) Hong Kong SAR (China) | 705 | 11966,7 |"
2012-12-31,Taiwan,TWN,2234,27129.1,"GSO Statistical Yearbook of Vietnam 2012, Table 89: Đầu tư trực tiếp của nước ngoài được cấp giấy phép phân theo đối tác đầu tư chủ yếu (Lũy kế các dự án còn hiệu lực đến ngày 31/12/2012)",https://www.istmat.org/files/uploads/50952/04_investment_and_construction.pdf,"| Đài Loan - Taiwan | 2234 | 27129,1 |"
2012-12-31,United States,USA,648,10507.2,"GSO Statistical Yearbook of Vietnam 2012, Table 89: Đầu tư trực tiếp của nước ngoài được cấp giấy phép phân theo đối tác đầu tư chủ yếu (Lũy kế các dự án còn hiệu lực đến ngày 31/12/2012)",https://www.istmat.org/files/uploads/50952/04_investment_and_construction.pdf,"| Hoa Kỳ - United States | 648 | 10507,2 |"
2012-12-31,British Virgin Islands,VGB,510,15386.4,"GSO Statistical Yearbook of Vietnam 2012, Table 89: Đầu tư trực tiếp của nước ngoài được cấp giấy phép phân theo đối tác đầu tư chủ yếu (Lũy kế các dự án còn hiệu lực đến ngày 31/12/2012)",https://www.istmat.org/files/uploads/50952/04_investment_and_construction.pdf,"| Quần đảo Virgin thuộc Anh - British Virgin Islands | 510 | 15386,4 |"
2012-12-31,Malaysia,MYS,435,10196.4,"GSO Statistical Yearbook of Vietnam 2012, Table 89: Đầu tư trực tiếp của nước ngoài được cấp giấy phép phân theo đối tác đầu tư chủ yếu (Lũy kế các dự án còn hiệu lực đến ngày 31/12/2012)",https://www.istmat.org/files/uploads/50952/04_investment_and_construction.pdf,"| Ma-lai-xi-a - Malaysia | 435 | 10196,4 |"
2008-12-31,TOTAL,,10981,163607.2,"GSO Statistical Yearbook of Vietnam 2008, Table 52: Đầu tư trực tiếp của nước ngoài được cấp giấy phép thời kỳ 1988-2008 phân theo đối tác đầu tư chủ yếu (projects still valid; total 10981 matches FIA valid-project count)",https://www.istmat.org/files/uploads/50948/04_investment.pdf,"| TỔNG SỐ - TOTAL | 10981 | 163607,2 |"
2008-12-31,Japan,JPN,1102,17362.2,"GSO Statistical Yearbook of Vietnam 2008, Table 52: Đầu tư trực tiếp của nước ngoài được cấp giấy phép thời kỳ 1988-2008 phân theo đối tác đầu tư chủ yếu (projects still valid; total 10981 matches FIA valid-project count)",https://www.istmat.org/files/uploads/50948/04_investment.pdf,"| Nhật Bản - Japan | 1102 | 17362,2 |"
2008-12-31,Republic of Korea,KOR,2153,16666.3,"GSO Statistical Yearbook of Vietnam 2008, Table 52: Đầu tư trực tiếp của nước ngoài được cấp giấy phép thời kỳ 1988-2008 phân theo đối tác đầu tư chủ yếu (projects still valid; total 10981 matches FIA valid-project count)",https://www.istmat.org/files/uploads/50948/04_investment.pdf,"| Hàn Quốc - Korea Rep. of | 2153 | 16666,3 |"
2008-12-31,Singapore,SGP,733,17071.0,"GSO Statistical Yearbook of Vietnam 2008, Table 52: Đầu tư trực tiếp của nước ngoài được cấp giấy phép thời kỳ 1988-2008 phân theo đối tác đầu tư chủ yếu (projects still valid; total 10981 matches FIA valid-project count)",https://www.istmat.org/files/uploads/50948/04_investment.pdf,"| Xin-ga-po - Singapore | 733 | 17071,0 |"
2008-12-31,China (mainland),CHN,711,2188.3,"GSO Statistical Yearbook of Vietnam 2008, Table 52: Đầu tư trực tiếp của nước ngoài được cấp giấy phép thời kỳ 1988-2008 phân theo đối tác đầu tư chủ yếu (projects still valid; total 10981 matches FIA valid-project count)",https://www.istmat.org/files/uploads/50948/04_investment.pdf,"| CHND Trung Hoa - China, PR | 711 | 2188,3 |"
2008-12-31,Hong Kong SAR,HKG,671,7416.7,"GSO Statistical Yearbook of Vietnam 2008, Table 52: Đầu tư trực tiếp của nước ngoài được cấp giấy phép thời kỳ 1988-2008 phân theo đối tác đầu tư chủ yếu (projects still valid; total 10981 matches FIA valid-project count)",https://www.istmat.org/files/uploads/50948/04_investment.pdf,"| Đặc khu hành chính Hồng Công (TQ) Hong Kong SAR (China) | 671 | 7416,7 |"
2008-12-31,Taiwan,TWN,2135,20951.9,"GSO Statistical Yearbook of Vietnam 2008, Table 52: Đầu tư trực tiếp của nước ngoài được cấp giấy phép thời kỳ 1988-2008 phân theo đối tác đầu tư chủ yếu (projects still valid; total 10981 matches FIA valid-project count)",https://www.istmat.org/files/uploads/50948/04_investment.pdf,"| Đài Loan - Taiwan | 2135 | 20951,9 |"
2008-12-31,United States,USA,493,5029.0,"GSO Statistical Yearbook of Vietnam 2008, Table 52: Đầu tư trực tiếp của nước ngoài được cấp giấy phép thời kỳ 1988-2008 phân theo đối tác đầu tư chủ yếu (projects still valid; total 10981 matches FIA valid-project count)",https://www.istmat.org/files/uploads/50948/04_investment.pdf,"| Hoa Kỳ - United States | 493 | 5029,0 |"
2008-12-31,British Virgin Islands,VGB,438,13824.1,"GSO Statistical Yearbook of Vietnam 2008, Table 52: Đầu tư trực tiếp của nước ngoài được cấp giấy phép thời kỳ 1988-2008 phân theo đối tác đầu tư chủ yếu (projects still valid; total 10981 matches FIA valid-project count)",https://www.istmat.org/files/uploads/50948/04_investment.pdf,"| Quần đảo Virgin thuộc Anh British Virgin Islands | 438 | 13824,1 |"
2008-12-31,Malaysia,MYS,340,18005.6,"GSO Statistical Yearbook of Vietnam 2008, Table 52: Đầu tư trực tiếp của nước ngoài được cấp giấy phép thời kỳ 1988-2008 phân theo đối tác đầu tư chủ yếu (projects still valid; total 10981 matches FIA valid-project count)",https://www.istmat.org/files/uploads/50948/04_investment.pdf,"| Ma-lai-xi-a - Malaysia | 340 | 18005,6 |"
