quarter,variable,value_usd_bn,vintage,source_name,source_url,quote
2012Q1,disbursed_ytd,2.5,first,GSO Báo cáo tình hình KT-XH quý I năm 2012,https://www.nso.gov.vn/du-lieu-va-so-lieu-thong-ke/2019/12/tinh-hinh-kinh-te-xa-hoi-quy-i-nam-2012/,"Vốn đầu tư trực tiếp nước ngoài thực hiện quý I năm nay ước tính đạt 2,5 tỷ USD, giảm 0,8% so với cùng kỳ năm trước."
2012Q1,registered_new_ytd,2.2674,first,"GSO Báo cáo tình hình KT-XH quý I năm 2012 [cut-off 20/3/2012; 2267,4 triệu USD]",https://www.nso.gov.vn/du-lieu-va-so-lieu-thong-ke/2019/12/tinh-hinh-kinh-te-xa-hoi-quy-i-nam-2012/,"Thu hút đầu tư trực tiếp của nước ngoài từ đầu năm đến thời điểm 20/3/2012 đạt 2634,9 triệu USD, bằng 63,6% cùng kỳ năm trước, bao gồm: Vốn đăng ký của 120 dự án được cấp phép mới đạt 2267,4 triệu USD, bằng 44,4% số dự án và bằng 77,2% số vốn cùng kỳ năm 2011; vốn đăng ký bổ sung của 29 lượt dự án được cấp phép từ các năm trước là 367,5 triệu USD."
2012Q1,registered_new_plus_adjusted_ytd,2.6349,first,"GSO Báo cáo tình hình KT-XH quý I năm 2012 [cut-off 20/3/2012; excludes capital contributions/share purchases; 2634,9 triệu USD]",https://www.nso.gov.vn/du-lieu-va-so-lieu-thong-ke/2019/12/tinh-hinh-kinh-te-xa-hoi-quy-i-nam-2012/,"Thu hút đầu tư trực tiếp của nước ngoài từ đầu năm đến thời điểm 20/3/2012 đạt 2634,9 triệu USD, bằng 63,6% cùng kỳ năm trước, bao gồm: Vốn đăng ký của 120 dự án được cấp phép mới đạt 2267,4 triệu USD, bằng 44,4% số dự án và bằng 77,2% số vốn cùng kỳ năm 2011; vốn đăng ký bổ sung của 29 lượt dự án được cấp phép từ các năm trước là 367,5 triệu USD."
2012Q2,disbursed_ytd,5.4,first,GSO Báo cáo tình hình KT-XH quý II và 6 tháng năm 2012,https://www.nso.gov.vn/du-lieu-va-so-lieu-thong-ke/2019/12/tinh-hinh-kinh-te-xa-hoi-sau-thang-dau-nam-2012/,"Vốn đầu tư trực tiếp nước ngoài thực hiện sáu tháng đầu năm ước tính đạt 5,4 tỷ USD, tăng 1,9% so với cùng kỳ năm trước."
2012Q2,registered_new_ytd,4.7621,first,"GSO Báo cáo tình hình KT-XH quý II và 6 tháng năm 2012 [cut-off 20/6/2012; 4762,1 triệu USD]",https://www.nso.gov.vn/du-lieu-va-so-lieu-thong-ke/2019/12/tinh-hinh-kinh-te-xa-hoi-sau-thang-dau-nam-2012/,"Thu hút đầu tư trực tiếp của nước ngoài từ đầu năm đến thời điểm 20/6/2012 đạt 6384 triệu USD, bằng 72,3% cùng kỳ năm trước, bao gồm: Vốn đăng ký của 452 dự án được cấp phép mới đạt 4762,1 triệu USD, bằng 75,3% số dự án và bằng 75,4% số vốn cùng kỳ năm 2011; vốn đăng ký bổ sung của 123 lượt dự án được cấp phép từ các năm trước là 1621,9 triệu USD."
2012Q2,registered_new_plus_adjusted_ytd,6.384,first,GSO Báo cáo tình hình KT-XH quý II và 6 tháng năm 2012 [cut-off 20/6/2012; excludes capital contributions/share purchases; 6384 triệu USD],https://www.nso.gov.vn/du-lieu-va-so-lieu-thong-ke/2019/12/tinh-hinh-kinh-te-xa-hoi-sau-thang-dau-nam-2012/,"Thu hút đầu tư trực tiếp của nước ngoài từ đầu năm đến thời điểm 20/6/2012 đạt 6384 triệu USD, bằng 72,3% cùng kỳ năm trước, bao gồm: Vốn đăng ký của 452 dự án được cấp phép mới đạt 4762,1 triệu USD, bằng 75,3% số dự án và bằng 75,4% số vốn cùng kỳ năm 2011; vốn đăng ký bổ sung của 123 lượt dự án được cấp phép từ các năm trước là 1621,9 triệu USD."
2012Q3,disbursed_ytd,8.1,first,GSO Báo cáo tình hình KT-XH tháng 9 và 9 tháng năm 2012,https://www.nso.gov.vn/du-lieu-va-so-lieu-thong-ke/2019/12/tinh-hinh-kinh-te-xa-hoi-chin-thang-nam-2012/,"Vốn đầu tư trực tiếp nước ngoài thực hiện chín tháng năm 2012 ước tính đạt 8,1 tỷ USD, giảm 1,2% so với cùng kỳ năm 2011."
2012Q3,registered_new_ytd,6.1084,first,"GSO Báo cáo tình hình KT-XH tháng 9 và 9 tháng năm 2012 [cut-off 20/9/2012; 6108,4 triệu USD]",https://www.nso.gov.vn/du-lieu-va-so-lieu-thong-ke/2019/12/tinh-hinh-kinh-te-xa-hoi-chin-thang-nam-2012/,"Thu hút đầu tư trực tiếp của nước ngoài từ đầu năm đến thời điểm 20/9/2012 đạt 9526,4 triệu USD, bằng 72,1% cùng kỳ năm trước, bao gồm: Vốn đăng ký của 775 dự án được cấp phép mới đạt 6108,4 triệu USD, bằng 82,6% số dự án và bằng 61% số vốn cùng kỳ năm 2011; vốn đăng ký bổ sung của 314 lượt dự án được cấp phép từ các năm trước là 3418 triệu USD."
2012Q3,registered_new_plus_adjusted_ytd,9.5264,first,"GSO Báo cáo tình hình KT-XH tháng 9 và 9 tháng năm 2012 [cut-off 20/9/2012; excludes capital contributions/share purchases; 9526,4 triệu USD]",https://www.nso.gov.vn/du-lieu-va-so-lieu-thong-ke/2019/12/tinh-hinh-kinh-te-xa-hoi-chin-thang-nam-2012/,"Thu hút đầu tư trực tiếp của nước ngoài từ đầu năm đến thời điểm 20/9/2012 đạt 9526,4 triệu USD, bằng 72,1% cùng kỳ năm trước, bao gồm: Vốn đăng ký của 775 dự án được cấp phép mới đạt 6108,4 triệu USD, bằng 82,6% số dự án và bằng 61% số vốn cùng kỳ năm 2011; vốn đăng ký bổ sung của 314 lượt dự án được cấp phép từ các năm trước là 3418 triệu USD."
2012Q4,disbursed_ytd,10.5,first,GSO Báo cáo tình hình KT-XH quý IV và năm 2012,https://www.nso.gov.vn/du-lieu-va-so-lieu-thong-ke/2019/12/tinh-hinh-kinh-te-xa-hoi-thang-muoi-hai-va-nam-2012/,"Vốn đầu tư trực tiếp nước ngoài thực hiện năm 2012 ước tính đạt 10,5 tỷ USD, bằng 95,1% năm 2011."
2012Q4,registered_new_ytd,7.9,first,GSO Báo cáo tình hình KT-XH quý IV và năm 2012 [cut-off 15/12/2012],https://www.nso.gov.vn/du-lieu-va-so-lieu-thong-ke/2019/12/tinh-hinh-kinh-te-xa-hoi-thang-muoi-hai-va-nam-2012/,"Thu hút đầu tư trực tiếp của nước ngoài từ đầu năm đến thời điểm 15/12/2012 đạt 13 tỷ USD, bằng 84,7% cùng kỳ năm trước, bao gồm: Vốn đăng ký của 1100 dự án được cấp phép mới đạt 7,9 tỷ USD, bằng 92,2% số dự án và bằng 64,9% số vốn cùng kỳ năm 2011; vốn đăng ký bổ sung của 435 lượt dự án được cấp phép từ các năm trước là 5,1 tỷ USD."
2012Q4,registered_new_plus_adjusted_ytd,13,first,GSO Báo cáo tình hình KT-XH quý IV và năm 2012 [cut-off 15/12/2012; excludes capital contributions/share purchases],https://www.nso.gov.vn/du-lieu-va-so-lieu-thong-ke/2019/12/tinh-hinh-kinh-te-xa-hoi-thang-muoi-hai-va-nam-2012/,"Thu hút đầu tư trực tiếp của nước ngoài từ đầu năm đến thời điểm 15/12/2012 đạt 13 tỷ USD, bằng 84,7% cùng kỳ năm trước, bao gồm: Vốn đăng ký của 1100 dự án được cấp phép mới đạt 7,9 tỷ USD, bằng 92,2% số dự án và bằng 64,9% số vốn cùng kỳ năm 2011; vốn đăng ký bổ sung của 435 lượt dự án được cấp phép từ các năm trước là 5,1 tỷ USD."
2013Q1,disbursed_ytd,2.7,first,GSO Báo cáo tình hình KT-XH quý I năm 2013,https://www.nso.gov.vn/du-lieu-va-so-lieu-thong-ke/2019/07/tinh-hinh-kinh-te-xa-hoi-quy-i-nam-2013/,"Vốn đầu tư trực tiếp nước ngoài thực hiện quý I năm 2013 ước tính đạt 2,7 tỷ USD, tăng 7,1% so với cùng kỳ năm 2012."
2013Q1,registered_new_ytd,2.927,first,GSO Báo cáo tình hình KT-XH quý I năm 2013 [cut-off 20/3/2013; 2927 triệu USD],https://www.nso.gov.vn/du-lieu-va-so-lieu-thong-ke/2019/07/tinh-hinh-kinh-te-xa-hoi-quy-i-nam-2013/,"Thu hút đầu tư trực tiếp của nước ngoài từ đầu năm đến 20/3/2013 đạt 6034,2 triệu USD, tăng 63,6% so với cùng kỳ năm 2012, bao gồm: Vốn đăng ký của 191 dự án được cấp phép mới đạt 2927 triệu USD (giảm 26,3% số dự án và tăng 2,2% số vốn so với cùng kỳ năm trước); vốn đăng ký bổ sung của 71 lượt dự án được cấp phép từ các năm trước với 3107,2 triệu USD."
2013Q1,registered_new_plus_adjusted_ytd,6.0342,first,"GSO Báo cáo tình hình KT-XH quý I năm 2013 [cut-off 20/3/2013; excludes capital contributions/share purchases; 6034,2 triệu USD]",https://www.nso.gov.vn/du-lieu-va-so-lieu-thong-ke/2019/07/tinh-hinh-kinh-te-xa-hoi-quy-i-nam-2013/,"Thu hút đầu tư trực tiếp của nước ngoài từ đầu năm đến 20/3/2013 đạt 6034,2 triệu USD, tăng 63,6% so với cùng kỳ năm 2012, bao gồm: Vốn đăng ký của 191 dự án được cấp phép mới đạt 2927 triệu USD (giảm 26,3% số dự án và tăng 2,2% số vốn so với cùng kỳ năm trước); vốn đăng ký bổ sung của 71 lượt dự án được cấp phép từ các năm trước với 3107,2 triệu USD."
2013Q2,disbursed_ytd,5.7,first,GSO Báo cáo tình hình KT-XH quý II và 6 tháng năm 2013,https://www.nso.gov.vn/du-lieu-va-so-lieu-thong-ke/2019/07/tinh-hinh-kinh-te-xa-hoi-sau-thang-dau-nam-2013/,"Vốn đầu tư trực tiếp nước ngoài thực hiện sáu tháng đầu năm ước tính đạt 5,7 tỷ USD, bằng 105,6% cùng kỳ năm trước."
2013Q2,registered_new_ytd,5.812,first,"GSO Báo cáo tình hình KT-XH quý II và 6 tháng năm 2013 [cut-off 20/6/2013; 5812,0 triệu USD]",https://www.nso.gov.vn/du-lieu-va-so-lieu-thong-ke/2019/07/tinh-hinh-kinh-te-xa-hoi-sau-thang-dau-nam-2013/,"Thu hút đầu tư trực tiếp của nước ngoài từ đầu năm đến thời điểm 20/6/2013 đạt 10472,9 triệu USD, bằng 115,9% cùng kỳ năm trước, bao gồm: Vốn đăng ký của 554 dự án được cấp phép mới đạt 5812,0 triệu USD, bằng 89,6% số dự án và bằng 103,7% số vốn cùng kỳ năm 2012; vốn đăng ký bổ sung của 217 lượt dự án được cấp phép từ các năm trước là 4660,9 triệu USD."
2013Q2,registered_new_plus_adjusted_ytd,10.4729,first,"GSO Báo cáo tình hình KT-XH quý II và 6 tháng năm 2013 [cut-off 20/6/2013; excludes capital contributions/share purchases; 10472,9 triệu USD]",https://www.nso.gov.vn/du-lieu-va-so-lieu-thong-ke/2019/07/tinh-hinh-kinh-te-xa-hoi-sau-thang-dau-nam-2013/,"Thu hút đầu tư trực tiếp của nước ngoài từ đầu năm đến thời điểm 20/6/2013 đạt 10472,9 triệu USD, bằng 115,9% cùng kỳ năm trước, bao gồm: Vốn đăng ký của 554 dự án được cấp phép mới đạt 5812,0 triệu USD, bằng 89,6% số dự án và bằng 103,7% số vốn cùng kỳ năm 2012; vốn đăng ký bổ sung của 217 lượt dự án được cấp phép từ các năm trước là 4660,9 triệu USD."
2013Q3,disbursed_ytd,8.6,first,GSO Báo cáo tình hình KT-XH quý III và 9 tháng năm 2013,https://www.nso.gov.vn/du-lieu-va-so-lieu-thong-ke/2019/07/tinh-hinh-kinh-te-xa-hoi-chin-thang-nam-2013/,"Vốn đầu tư trực tiếp nước ngoài thực hiện chín tháng năm nay ước tính đạt 8,6 tỷ USD, tăng 6,4% so với cùng kỳ năm 2012."
2013Q3,registered_new_ytd,9.2941,first,"GSO Báo cáo tình hình KT-XH quý III và 9 tháng năm 2013 [cut-off 20/9/2013; 9294,1 triệu USD]",https://www.nso.gov.vn/du-lieu-va-so-lieu-thong-ke/2019/07/tinh-hinh-kinh-te-xa-hoi-chin-thang-nam-2013/,"Thu hút đầu tư trực tiếp của nước ngoài từ đầu năm đến thời điểm 20/9/2013 đạt 15005,3 triệu USD, tăng 36,1% so với cùng kỳ năm trước, bao gồm: Vốn đăng ký của 872 dự án được cấp phép mới đạt 9294,1 triệu USD, giảm 7,3% về số dự án và tăng 34,9% về số vốn; vốn đăng ký bổ sung của 340 lượt dự án được cấp phép từ các năm trước là 5711,2 triệu USD."
2013Q3,registered_new_plus_adjusted_ytd,15.0053,first,"GSO Báo cáo tình hình KT-XH quý III và 9 tháng năm 2013 [cut-off 20/9/2013; excludes capital contributions/share purchases; 15005,3 triệu USD]",https://www.nso.gov.vn/du-lieu-va-so-lieu-thong-ke/2019/07/tinh-hinh-kinh-te-xa-hoi-chin-thang-nam-2013/,"Thu hút đầu tư trực tiếp của nước ngoài từ đầu năm đến thời điểm 20/9/2013 đạt 15005,3 triệu USD, tăng 36,1% so với cùng kỳ năm trước, bao gồm: Vốn đăng ký của 872 dự án được cấp phép mới đạt 9294,1 triệu USD, giảm 7,3% về số dự án và tăng 34,9% về số vốn; vốn đăng ký bổ sung của 340 lượt dự án được cấp phép từ các năm trước là 5711,2 triệu USD."
2013Q4,disbursed_ytd,11.5,first,GSO Báo cáo tình hình KT-XH quý IV và năm 2013,https://www.nso.gov.vn/du-lieu-va-so-lieu-thong-ke/2019/07/tinh-hinh-kinh-te-xa-hoi-nam-2013/,"Vốn đầu tư trực tiếp nước ngoài thực hiện năm 2013 ước tính đạt 11,5 tỷ USD, tăng 9,9% so với năm 2012."
2013Q4,registered_new_ytd,14.3,first,GSO Báo cáo tình hình KT-XH quý IV và năm 2013 [cut-off 15/12/2013],https://www.nso.gov.vn/du-lieu-va-so-lieu-thong-ke/2019/07/tinh-hinh-kinh-te-xa-hoi-nam-2013/,"Thu hút đầu tư trực tiếp nước ngoài từ đầu năm đến thời điểm 15/12/2013 ước tính đạt 21,6 tỷ USD, tăng 54,5% so với cùng kỳ năm trước, bao gồm: 14,3 tỷ USD vốn đăng ký của 1275 dự án được cấp phép mới, tăng 70,5% (Số dự án tăng 0,7%) và 7,3 tỷ USD vốn đăng ký bổ sung của 472 lượt dự án được cấp phép từ các năm trước, tăng 30,8%."
2013Q4,registered_new_plus_adjusted_ytd,21.6,first,GSO Báo cáo tình hình KT-XH quý IV và năm 2013 [cut-off 15/12/2013; excludes capital contributions/share purchases],https://www.nso.gov.vn/du-lieu-va-so-lieu-thong-ke/2019/07/tinh-hinh-kinh-te-xa-hoi-nam-2013/,"Thu hút đầu tư trực tiếp nước ngoài từ đầu năm đến thời điểm 15/12/2013 ước tính đạt 21,6 tỷ USD, tăng 54,5% so với cùng kỳ năm trước, bao gồm: 14,3 tỷ USD vốn đăng ký của 1275 dự án được cấp phép mới, tăng 70,5% (Số dự án tăng 0,7%) và 7,3 tỷ USD vốn đăng ký bổ sung của 472 lượt dự án được cấp phép từ các năm trước, tăng 30,8%."
2014Q1,disbursed_ytd,2.85,first,GSO Báo cáo tình hình KT-XH quý I năm 2014 [2850 triệu USD],https://www.nso.gov.vn/du-lieu-va-so-lieu-thong-ke/2019/07/bao-cao-tinh-hinh-kinh-te-xa-hoi-quy-i-nam-2014/,"Vốn đầu tư trực tiếp nước ngoài thực hiện quý I/2014 ước tính đạt 2850 triệu USD, tăng 5,6% so với cùng kỳ năm 2013."
2014Q1,registered_new_ytd,2.0467,first,"GSO Báo cáo tình hình KT-XH quý I năm 2014 [cut-off 20/3/2014; 2046,7 triệu USD]",https://www.nso.gov.vn/du-lieu-va-so-lieu-thong-ke/2019/07/bao-cao-tinh-hinh-kinh-te-xa-hoi-quy-i-nam-2014/,"Đầu tư trực tiếp của nước ngoài từ đầu năm đến thời điểm 20/3/2014 thu hút 252 dự án được cấp phép mới với số vốn đăng ký đạt 2046,7 triệu USD, giảm 6% về số dự án và giảm 38,6% về số vốn so với cùng kỳ năm 2013."
2014Q1,registered_new_plus_adjusted_ytd,3.334,first,GSO Báo cáo tình hình KT-XH quý I năm 2014 [cut-off 20/3/2014; excludes capital contributions/share purchases; 3334 triệu USD],https://www.nso.gov.vn/du-lieu-va-so-lieu-thong-ke/2019/07/bao-cao-tinh-hinh-kinh-te-xa-hoi-quy-i-nam-2014/,"Như vậy tổng vốn đăng ký của các dự án cấp mới và vốn cấp bổ sung đạt 3334 triệu USD, giảm 49,6% so với cùng kỳ năm 2013."
2014Q2,disbursed_ytd,5.75,first,GSO Báo cáo tình hình KT-XH quý II và 6 tháng năm 2014,https://www.nso.gov.vn/du-lieu-va-so-lieu-thong-ke/2019/07/tinh-hinh-kinh-te-xa-hoi-6-thang-dau-nam-2014/,"Vốn đầu tư trực tiếp nước ngoài thực hiện 6 tháng đầu năm ước tính đạt 5,75 tỷ USD, tăng 0,9% so với cùng kỳ năm 2013."
2014Q2,registered_new_ytd,4.8583,first,"GSO Báo cáo tình hình KT-XH quý II và 6 tháng năm 2014 [cut-off 20/6/2014; 4858,3 triệu USD]",https://www.nso.gov.vn/du-lieu-va-so-lieu-thong-ke/2019/07/tinh-hinh-kinh-te-xa-hoi-6-thang-dau-nam-2014/,"Đầu tư trực tiếp của nước ngoài từ đầu năm đến thời điểm 20/6/2014 thu hút 656 dự án được cấp phép mới với số vốn đăng ký đạt 4858,3 triệu USD, giảm 5,1% về số dự án và giảm 6,8% về số vốn so với cùng kỳ năm 2013."
2014Q2,registered_new_plus_adjusted_ytd,6.8523,first,"GSO Báo cáo tình hình KT-XH quý II và 6 tháng năm 2014 [cut-off 20/6/2014; excludes capital contributions/share purchases; 6852,3 triệu USD]",https://www.nso.gov.vn/du-lieu-va-so-lieu-thong-ke/2019/07/tinh-hinh-kinh-te-xa-hoi-6-thang-dau-nam-2014/,"Như vậy tổng vốn đăng ký của các dự án cấp mới và vốn cấp bổ sung đạt 6852,3 triệu USD, giảm 35,3% so với cùng kỳ năm trước."
2014Q3,disbursed_ytd,8.9,first,GSO Báo cáo tình hình KT-XH quý III và 9 tháng năm 2014,https://www.nso.gov.vn/du-lieu-va-so-lieu-thong-ke/2019/07/tinh-hinh-kinh-te-xa-hoi-9-thang-nam-2014/,"Vốn đầu tư trực tiếp nước ngoài thực hiện 9 tháng năm nay ước tính đạt 8,9 tỷ USD, tăng 3,2% so với cùng kỳ năm trước."
2014Q3,registered_new_ytd,7.6378,first,"GSO Báo cáo tình hình KT-XH quý III và 9 tháng năm 2014 [cut-off 20/9/2014; 7637,8 triệu USD]",https://www.nso.gov.vn/du-lieu-va-so-lieu-thong-ke/2019/07/tinh-hinh-kinh-te-xa-hoi-9-thang-nam-2014/,"Đầu tư trực tiếp của nước ngoài từ đầu năm đến thời điểm 20/9/2014 thu hút 1152 dự án được cấp phép mới với số vốn đăng ký đạt 7637,8 triệu USD, tăng 32,1% về số dự án và giảm 17,8% về số vốn so với cùng kỳ năm 2013."
2014Q3,registered_new_plus_adjusted_ytd,11.1826,first,"GSO Báo cáo tình hình KT-XH quý III và 9 tháng năm 2014 [cut-off 20/9/2014; excludes capital contributions/share purchases; 11182,6 triệu USD]",https://www.nso.gov.vn/du-lieu-va-so-lieu-thong-ke/2019/07/tinh-hinh-kinh-te-xa-hoi-9-thang-nam-2014/,"Như vậy tổng vốn đăng ký của các dự án cấp mới và vốn cấp bổ sung đạt 11182,6 triệu USD, giảm 25,5% so với cùng kỳ năm 2013."
2014Q4,disbursed_ytd,12.4,first,GSO Báo cáo tình hình KT-XH quý IV và năm 2014,https://www.nso.gov.vn/du-lieu-va-so-lieu-thong-ke/2019/07/tinh-hinh-kinh-te-xa-hoi-nam-2014/,"Vốn đầu tư trực tiếp nước ngoài thực hiện năm 2014 ước tính đạt 12,4 tỷ USD, tăng 7,4% so với năm trước và cao hơn 2,9% so với kế hoạch năm 2014."
2014Q4,registered_new_ytd,15.6426,first,"GSO Báo cáo tình hình KT-XH quý IV và năm 2014 [cut-off 15/12/2014; 15642,6 triệu USD]",https://www.nso.gov.vn/du-lieu-va-so-lieu-thong-ke/2019/07/tinh-hinh-kinh-te-xa-hoi-nam-2014/,"Từ đầu năm đến thời điểm 15/12/2014, đầu tư trực tiếp của nước ngoài thu hút 1588 dự án được cấp phép mới với số vốn đăng ký đạt 15642,6 triệu USD, tăng 24,5% về số dự án và tăng 9,6% về số vốn so với cùng kỳ năm 2013."
2014Q4,registered_new_plus_adjusted_ytd,20.2309,first,"GSO Báo cáo tình hình KT-XH quý IV và năm 2014 [cut-off 15/12/2014; excludes capital contributions/share purchases; 20230,9 triệu USD]",https://www.nso.gov.vn/du-lieu-va-so-lieu-thong-ke/2019/07/tinh-hinh-kinh-te-xa-hoi-nam-2014/,"Như vậy tổng vốn đăng ký của các dự án cấp mới và vốn cấp bổ sung đạt 20230,9 triệu USD, tuy giảm 6,5% so với cùng kỳ năm 2013 nhưng cao hơn 19% so với kế hoạch."
2015Q1,disbursed_ytd,3.05,first,GSO Báo cáo tình hình KT-XH quý I năm 2015 [3050 triệu USD],https://www.nso.gov.vn/du-lieu-va-so-lieu-thong-ke/2019/05/tinh-hinh-kinh-te-xa-hoi-quy-i-nam-2015/,"Vốn đầu tư trực tiếp nước ngoài thực hiện quý I/2015 ước tính đạt 3050 triệu USD, tăng 7% so với cùng kỳ năm 2014."
2015Q1,registered_new_ytd,1.2167,first,"GSO Báo cáo tình hình KT-XH quý I năm 2015 [cut-off 20/3/2015; 1216,7 triệu USD]",https://www.nso.gov.vn/du-lieu-va-so-lieu-thong-ke/2019/05/tinh-hinh-kinh-te-xa-hoi-quy-i-nam-2015/,"Đầu tư trực tiếp của nước ngoài từ đầu năm đến thời điểm 20/3/2015 thu hút 267 dự án được cấp phép mới với số vốn đăng ký đạt 1216,7 triệu USD, tăng 6% về số dự án và giảm 40,6% về số vốn so với cùng kỳ năm 2014."
2015Q1,registered_new_plus_adjusted_ytd,1.8378,first,"GSO Báo cáo tình hình KT-XH quý I năm 2015 [cut-off 20/3/2015; excludes capital contributions/share purchases; 1837,8 triệu USD]",https://www.nso.gov.vn/du-lieu-va-so-lieu-thong-ke/2019/05/tinh-hinh-kinh-te-xa-hoi-quy-i-nam-2015/,"Như vậy tổng vốn đăng ký của các dự án cấp mới và vốn cấp bổ sung đạt 1837,8 triệu USD, giảm 44,9% so với cùng kỳ năm trước."
2015Q2,disbursed_ytd,6.3,first,GSO Báo cáo tình hình KT-XH quý II và 6 tháng năm 2015,https://www.nso.gov.vn/du-lieu-va-so-lieu-thong-ke/2019/07/tinh-hinh-kinh-te-xa-hoi-6-thang-dau-nam-2015/,"Vốn đầu tư trực tiếp nước ngoài thực hiện 6 tháng đầu năm ước tính đạt 6,3 tỷ USD, tăng 9,6% so với cùng kỳ năm 2014."
2015Q2,registered_new_ytd,3.8392,first,"GSO Báo cáo tình hình KT-XH quý II và 6 tháng năm 2015 [cut-off 20/6/2015; 3839,2 triệu USD]",https://www.nso.gov.vn/du-lieu-va-so-lieu-thong-ke/2019/07/tinh-hinh-kinh-te-xa-hoi-6-thang-dau-nam-2015/,"Đầu tư trực tiếp của nước ngoài từ đầu năm đến thời điểm 20/6/2015 thu hút 757 dự án được cấp phép mới với số vốn đăng ký đạt 3839,2 triệu USD, tăng 15,4% về số dự án và giảm 21% về số vốn so với cùng kỳ năm 2014."
2015Q2,registered_new_plus_adjusted_ytd,5.4934,first,"GSO Báo cáo tình hình KT-XH quý II và 6 tháng năm 2015 [cut-off 20/6/2015; excludes capital contributions/share purchases; 5493,4 triệu USD]",https://www.nso.gov.vn/du-lieu-va-so-lieu-thong-ke/2019/07/tinh-hinh-kinh-te-xa-hoi-6-thang-dau-nam-2015/,"Như vậy tổng vốn đăng ký của các dự án cấp mới và vốn cấp bổ sung đạt 5493,4 triệu USD, giảm 19,8% so với cùng kỳ năm trước."
2015Q3,disbursed_ytd,9.7,first,GSO Báo cáo tình hình KT-XH quý III và 9 tháng năm 2015,https://www.nso.gov.vn/du-lieu-va-so-lieu-thong-ke/2019/07/bao-cao-tinh-hinh-kinh-te-xa-hoi-9-thang-nam-2015/,"Vốn đầu tư trực tiếp nước ngoài thực hiện 9 tháng năm nay ước tính đạt 9,7 tỷ USD, tăng 8,4% so với cùng kỳ năm 2014."
2015Q3,registered_new_ytd,11.04,first,GSO Báo cáo tình hình KT-XH quý III và 9 tháng năm 2015 [cut-off 20/9/2015],https://www.nso.gov.vn/du-lieu-va-so-lieu-thong-ke/2019/07/bao-cao-tinh-hinh-kinh-te-xa-hoi-9-thang-nam-2015/,"Đầu tư trực tiếp của nước ngoài từ đầu năm đến thời điểm 20/9/2015 thu hút 1432 dự án được cấp phép mới với số vốn đăng ký đạt 11,04 tỷ USD, tăng 24,3% về số dự án và tăng 44,5% về số vốn so với cùng kỳ năm 2014."
2015Q3,registered_new_plus_adjusted_ytd,17.16,first,GSO Báo cáo tình hình KT-XH quý III và 9 tháng năm 2015 [cut-off 20/9/2015; excludes capital contributions/share purchases],https://www.nso.gov.vn/du-lieu-va-so-lieu-thong-ke/2019/07/bao-cao-tinh-hinh-kinh-te-xa-hoi-9-thang-nam-2015/,"Như vậy tổng vốn đăng ký của các dự án cấp mới và vốn cấp bổ sung đạt 17,16 tỷ USD, tăng 53,4% so với cùng kỳ năm trước."
2015Q4,disbursed_ytd,14.5,first,GSO Báo cáo tình hình KT-XH quý IV và năm 2015,https://www.nso.gov.vn/du-lieu-va-so-lieu-thong-ke/2020/11/bao-cao-tinh-hinh-kinh-te-xa-hoi-quy-iv-va-nam-2015/,"Vốn đầu tư trực tiếp nước ngoài thực hiện năm 2015 ước tính đạt 14,5 tỷ USD, tăng 17,4% so với năm trước."
2015Q4,registered_new_ytd,15.58,first,GSO Báo cáo tình hình KT-XH quý IV và năm 2015 [cut-off 15/12/2015],https://www.nso.gov.vn/du-lieu-va-so-lieu-thong-ke/2020/11/bao-cao-tinh-hinh-kinh-te-xa-hoi-quy-iv-va-nam-2015/,"Đầu tư trực tiếp của nước ngoài từ đầu năm đến thời điểm 15/12/2015 thu hút 2013 dự án được cấp phép mới với số vốn đăng ký đạt 15,58 tỷ USD, tăng 26,8% về số dự án và giảm 0,4% về số vốn so với cùng kỳ năm 2014."
2015Q4,registered_new_plus_adjusted_ytd,22.76,first,GSO Báo cáo tình hình KT-XH quý IV và năm 2015 [cut-off 15/12/2015; excludes capital contributions/share purchases],https://www.nso.gov.vn/du-lieu-va-so-lieu-thong-ke/2020/11/bao-cao-tinh-hinh-kinh-te-xa-hoi-quy-iv-va-nam-2015/,"Như vậy tổng vốn đăng ký của các dự án cấp mới và vốn cấp bổ sung đạt 22,76 tỷ USD, tăng 12,5% so với năm 2014."
2016Q1,disbursed_ytd,3.5,first,GSO Báo cáo tình hình KT-XH quý I năm 2016,https://www.nso.gov.vn/du-lieu-va-so-lieu-thong-ke/2020/11/bc-tinh-hinh-kinh-te-xa-hoi-quy-i-nam-2016/,"Vốn đầu tư trực tiếp nước ngoài thực hiện quý I/2016 ước tính đạt 3,5 tỷ USD, tăng 14,8% so với cùng kỳ năm 2015."
2016Q1,registered_new_ytd,2.7404,first,"GSO Báo cáo tình hình KT-XH quý I năm 2016 [cut-off 20/3/2016; 2740,4 triệu USD]",https://www.nso.gov.vn/du-lieu-va-so-lieu-thong-ke/2020/11/bc-tinh-hinh-kinh-te-xa-hoi-quy-i-nam-2016/,"Đầu tư trực tiếp của nước ngoài từ đầu năm đến thời điểm 20/3/2016 thu hút 473 dự án được cấp phép mới với số vốn đăng ký đạt 2740,4 triệu USD, tăng 77,2% về số dự án và tăng 125,2% về số vốn so với cùng kỳ năm 2015."
2016Q1,registered_new_plus_adjusted_ytd,4.0263,first,"GSO Báo cáo tình hình KT-XH quý I năm 2016 [cut-off 20/3/2016; excludes capital contributions/share purchases; 4026,3 triệu USD]",https://www.nso.gov.vn/du-lieu-va-so-lieu-thong-ke/2020/11/bc-tinh-hinh-kinh-te-xa-hoi-quy-i-nam-2016/,"Như vậy tổng vốn đăng ký của các dự án cấp mới và vốn cấp bổ sung đạt 4026,3 triệu USD, tăng 119,1% so với cùng kỳ năm trước."
2016Q2,disbursed_ytd,7.3,first,GSO Báo cáo tình hình KT-XH 6 tháng đầu năm 2016,https://www.nso.gov.vn/du-lieu-va-so-lieu-thong-ke/2019/05/bao-cao-tinh-hinh-kinh-te-xa-hoi-6-thang-dau-nam-2016/,"Vốn đầu tư trực tiếp nước ngoài thực hiện 6 tháng đầu năm 2016 ước tính đạt 7,3 tỷ USD, tăng 15,1% so với cùng kỳ năm 2015."
2016Q2,registered_new_ytd,7.4969,first,"GSO Báo cáo tình hình KT-XH 6 tháng đầu năm 2016 [cut-off 20/6/2016; 7496,9 triệu USD]",https://www.nso.gov.vn/du-lieu-va-so-lieu-thong-ke/2019/05/bao-cao-tinh-hinh-kinh-te-xa-hoi-6-thang-dau-nam-2016/,"Đầu tư trực tiếp của nước ngoài từ đầu năm đến thời điểm 20/6/2016 thu hút 1145 dự án cấp phép mới với số vốn đăng ký đạt 7496,9 triệu USD, tăng 51,3% về số dự án và tăng 95,3% về vốn đăng ký so với cùng kỳ năm 2015."
2016Q2,registered_new_plus_adjusted_ytd,11.2847,first,"GSO Báo cáo tình hình KT-XH 6 tháng đầu năm 2016 [cut-off 20/6/2016; excludes capital contributions/share purchases; 11284,7 triệu USD]",https://www.nso.gov.vn/du-lieu-va-so-lieu-thong-ke/2019/05/bao-cao-tinh-hinh-kinh-te-xa-hoi-6-thang-dau-nam-2016/,"Như vậy, tổng vốn đăng ký của các dự án cấp mới và vốn cấp bổ sung đạt 11284,7 triệu USD, tăng 105,4% so với cùng kỳ năm trước."
2016Q3,disbursed_ytd,11.02,first,GSO Báo cáo tình hình KT-XH quý III và 9 tháng năm 2016 (page slug mislabelled 2020),https://www.nso.gov.vn/du-lieu-va-so-lieu-thong-ke/2020/11/bao-cao-tinh-hinh-kinh-te-xa-hoi-thang-quy-iii-va-9-thang-nam-2020/,"Vốn đầu tư trực tiếp nước ngoài thực hiện 9 tháng ước tính đạt 11,02 tỷ USD, tăng 12,4% so với cùng kỳ năm 2015."
2016Q3,registered_new_ytd,11.1646,first,"GSO Báo cáo tình hình KT-XH quý III và 9 tháng năm 2016 (page slug mislabelled 2020) [cut-off 20/9/2016; 11.164,6 triệu USD]",https://www.nso.gov.vn/du-lieu-va-so-lieu-thong-ke/2020/11/bao-cao-tinh-hinh-kinh-te-xa-hoi-thang-quy-iii-va-9-thang-nam-2020/,"Đầu tư trực tiếp của nước ngoài từ đầu năm đến thời điểm 20/9/2016 thu hút 1820 dự án cấp phép mới với số vốn đăng ký đạt 11.164,6 triệu USD, tăng 27,1% về số dự án và tăng 1,1% về vốn đăng ký so với cùng kỳ năm 2015."
2016Q3,registered_new_plus_adjusted_ytd,16.4301,first,"GSO Báo cáo tình hình KT-XH quý III và 9 tháng năm 2016 (page slug mislabelled 2020) [cut-off 20/9/2016; excludes capital contributions/share purchases; 16.430,1 triệu USD]",https://www.nso.gov.vn/du-lieu-va-so-lieu-thong-ke/2020/11/bao-cao-tinh-hinh-kinh-te-xa-hoi-thang-quy-iii-va-9-thang-nam-2020/,"Như vậy, tổng vốn đăng ký của các dự án cấp mới và vốn bổ sung trong 9 tháng năm nay đạt 16.430,1 triệu USD, giảm 4,2% so với cùng kỳ năm trước."
2016Q4,disbursed_ytd,15.8,first,GSO Báo cáo tình hình KT-XH quý IV và năm 2016 (page slug mislabelled 2020),https://www.nso.gov.vn/du-lieu-va-so-lieu-thong-ke/2020/11/bao-cao-tinh-hinh-kinh-te-xa-hoi-quy-iv-va-nam-2020/,"Vốn đầu tư trực tiếp nước ngoài thực hiện năm 2016 ước tính đạt 15,8 tỷ USD, tăng 9% so với năm 2015, đạt mức giải ngân vốn FDI cao nhất từ trước đến nay."
2016Q4,registered_total_ytd,24.3727,first,"GSO Báo cáo tình hình KT-XH quý IV và năm 2016 (page slug mislabelled 2020) [cut-off 26/12/2016; 24.372,7 triệu USD]",https://www.nso.gov.vn/du-lieu-va-so-lieu-thong-ke/2020/11/bao-cao-tinh-hinh-kinh-te-xa-hoi-quy-iv-va-nam-2020/,"Như vậy, tính chung tổng vốn đăng ký của các dự án cấp mới, cấp vốn bổ sung và đầu tư theo hình thức góp vốn, mua cổ phần trong năm 2016 đạt 24.372,7 triệu USD, tăng 7,1% so với năm trước."
2016Q4,registered_new_ytd,15.1823,first,"GSO Báo cáo tình hình KT-XH quý IV và năm 2016 (page slug mislabelled 2020) [cut-off 26/12/2016; 15.182,3 triệu USD]",https://www.nso.gov.vn/du-lieu-va-so-lieu-thong-ke/2020/11/bao-cao-tinh-hinh-kinh-te-xa-hoi-quy-iv-va-nam-2020/,"Đầu tư trực tiếp của nước ngoài từ đầu năm đến thời điểm 26/12/2016 thu hút 2.556 dự án cấp phép mới với số vốn đăng ký đạt 15.182,3 triệu USD, tăng 27% về số dự án và giảm 2,5% về vốn đăng ký so với cùng kỳ năm 2015."
2017Q1,disbursed_ytd,3.62,first,GSO Báo cáo tình hình KT-XH quý I năm 2017 [3.620 triệu USD],https://www.nso.gov.vn/du-lieu-va-so-lieu-thong-ke/2019/05/bao-cao-tinh-hinh-kinh-te-xa-hoi-quy-i-nam-2017/,"Vốn đầu tư trực tiếp nước ngoài thực hiện quý I ước tính đạt 3.620 triệu USD, tăng 3,4% so với cùng kỳ năm 2016."
2017Q1,registered_total_ytd,7.7101,first,"GSO Báo cáo tình hình KT-XH quý I năm 2017 [cut-off 20/3/2017; 7.710,1 triệu USD]",https://www.nso.gov.vn/du-lieu-va-so-lieu-thong-ke/2019/05/bao-cao-tinh-hinh-kinh-te-xa-hoi-quy-i-nam-2017/,"Như vậy, tính chung tổng vốn đăng ký của các dự án cấp mới, cấp vốn bổ sung và đầu tư theo hình thức góp vốn, mua cổ phần 3 tháng đầu năm đạt 7.710,1 triệu USD, tăng 77,6% so với cùng kỳ năm trước."
2017Q1,registered_new_ytd,2.9172,first,"GSO Báo cáo tình hình KT-XH quý I năm 2017 [cut-off 20/3/2017; 2.917,2 triệu USD]",https://www.nso.gov.vn/du-lieu-va-so-lieu-thong-ke/2019/05/bao-cao-tinh-hinh-kinh-te-xa-hoi-quy-i-nam-2017/,"Đầu tư trực tiếp của nước ngoài từ đầu năm đến thời điểm 20/3/2017 thu hút 493 dự án cấp phép mới với số vốn đăng ký đạt 2.917,2 triệu USD, tăng 4,2% về số dự án và tăng 6,5% về vốn đăng ký so với cùng kỳ năm 2016."
2017Q2,disbursed_ytd,7.7,first,GSO Báo cáo tình hình KT-XH tháng 6 và 6 tháng năm 2017,https://www.nso.gov.vn/du-lieu-va-so-lieu-thong-ke/2019/10/bc-tinh-hinh-kinh-te-xa-hoi-6-thang-dau-nam-2017/,"Vốn đầu tư trực tiếp nước ngoài thực hiện 6 tháng đầu năm ước tính đạt 7,7 tỷ USD, tăng 6,5% so với cùng kỳ năm 2016."
2017Q2,registered_total_ytd,19.23,first,GSO Báo cáo tình hình KT-XH tháng 6 và 6 tháng năm 2017 [cut-off 20/6/2017],https://www.nso.gov.vn/du-lieu-va-so-lieu-thong-ke/2019/10/bc-tinh-hinh-kinh-te-xa-hoi-6-thang-dau-nam-2017/,"Như vậy, tính chung tổng vốn đăng ký của các dự án cấp mới, cấp vốn bổ sung và đầu tư theo hình thức góp vốn, mua cổ phần 6 tháng đầu năm đạt 19,23 tỷ USD, tăng 54,8% so với cùng kỳ năm trước."
2017Q2,registered_new_ytd,11.84,first,GSO Báo cáo tình hình KT-XH tháng 6 và 6 tháng năm 2017 [cut-off 20/6/2017],https://www.nso.gov.vn/du-lieu-va-so-lieu-thong-ke/2019/10/bc-tinh-hinh-kinh-te-xa-hoi-6-thang-dau-nam-2017/,"Đầu tư trực tiếp của nước ngoài từ đầu năm đến thời điểm 20/6/2017 thu hút 1.183 dự án cấp phép mới với số vốn đăng ký đạt 11,84 tỷ USD, tăng 56,3% về số dự án và tăng 57,9% về vốn đăng ký so với cùng kỳ năm 2016."
2017Q3,disbursed_ytd,12.5,first,GSO Báo cáo tình hình KT-XH quý III và 9 tháng năm 2017,https://www.nso.gov.vn/du-lieu-va-so-lieu-thong-ke/2019/10/bao-cao-tinh-hinh-kinh-te-xa-hoi-9-thang-nam-2017/,"Vốn đầu tư trực tiếp nước ngoài thực hiện 9 tháng ước tính đạt 12,5 tỷ USD, tăng 13,4% so với cùng kỳ năm 2016."
2017Q3,registered_total_ytd,25.5,first,GSO Báo cáo tình hình KT-XH quý III và 9 tháng năm 2017 [cut-off 20/9/2017],https://www.nso.gov.vn/du-lieu-va-so-lieu-thong-ke/2019/10/bao-cao-tinh-hinh-kinh-te-xa-hoi-9-thang-nam-2017/,"Như vậy, tính chung tổng vốn đăng ký của các dự án cấp mới, cấp vốn bổ sung và đầu tư theo hình thức góp vốn, mua cổ phần 9 tháng đạt 25,5 tỷ USD, tăng 34,3% so với cùng kỳ năm trước."
2017Q3,registered_new_ytd,14.6,first,GSO Báo cáo tình hình KT-XH quý III và 9 tháng năm 2017 [cut-off 20/9/2017],https://www.nso.gov.vn/du-lieu-va-so-lieu-thong-ke/2019/10/bao-cao-tinh-hinh-kinh-te-xa-hoi-9-thang-nam-2017/,"Đầu tư trực tiếp của nước ngoài từ đầu năm đến thời điểm 20/9/2017 thu hút 1.844 dự án cấp phép mới với số vốn đăng ký đạt 14,6 tỷ USD, tăng 1,3% về số dự án và tăng 30,4% về vốn đăng ký so với cùng kỳ năm 2016."
2017Q3,registered_new_plus_adjusted_ytd,21.3,first,GSO Báo cáo tình hình KT-XH quý III và 9 tháng năm 2017 [cut-off 20/9/2017; excludes capital contributions/share purchases],https://www.nso.gov.vn/du-lieu-va-so-lieu-thong-ke/2019/10/bao-cao-tinh-hinh-kinh-te-xa-hoi-9-thang-nam-2017/,"Bên cạnh đó, có 878 lượt dự án đã cấp phép từ các năm trước đăng ký điều chỉnh vốn đầu tư với số vốn tăng thêm đạt 6,8 tỷ USD, tăng 28,3% so với cùng kỳ năm trước, nâng tổng số vốn đăng ký cấp mới và vốn tăng thêm trong 9 tháng năm 2017 lên 21,3 tỷ USD, tăng 29,7% so với cùng kỳ năm 2016."
2017Q4,disbursed_ytd,17.5,first,GSO Báo cáo tình hình KT-XH quý IV và năm 2017,https://www.nso.gov.vn/du-lieu-va-so-lieu-thong-ke/2019/10/bao-cao-tinh-hinh-kinh-te-xa-hoi-nam-2017/,"Vốn đầu tư trực tiếp nước ngoài thực hiện năm 2017 ước tính đạt 17,5 tỷ USD, tăng 10,8% so với năm 2016."
2017Q4,registered_total_ytd,35.88,first,"Báo Nhân Dân điện tử 22/12/2017, citing Cục Đầu tư nước ngoài (FIA) [GSO year-end report gives only new+adjusted]",https://nhandan.vn/nam-2017-thu-hut-3588-ty-usd-von-fdi-post312727.html,"NDĐT – Theo Cục Đầu tư nước ngoài, tính chung trong 12 tháng năm 2017, tổng vốn đăng ký cấp mới, tăng thêm và góp vốn mua cổ phần của nhà đầu tư nước ngoài là 35,88 tỷ USD, tăng 44,4% so với cùng kỳ năm 2016."
2017Q4,registered_new_ytd,21.3,first,GSO Báo cáo tình hình KT-XH quý IV và năm 2017 [cut-off 20/12/2017],https://www.nso.gov.vn/du-lieu-va-so-lieu-thong-ke/2019/10/bao-cao-tinh-hinh-kinh-te-xa-hoi-nam-2017/,"Đầu tư trực tiếp của nước ngoài từ đầu năm đến thời điểm 20/12/2017 thu hút 2.591 dự án cấp phép mới với số vốn đăng ký đạt 21,3 tỷ USD, tăng 3,5% về số dự án và tăng 42,3% về vốn đăng ký so với cùng kỳ năm 2016."
2017Q4,registered_new_plus_adjusted_ytd,29.7,first,GSO Báo cáo tình hình KT-XH quý IV và năm 2017 [cut-off 20/12/2017; excludes capital contributions/share purchases],https://www.nso.gov.vn/du-lieu-va-so-lieu-thong-ke/2019/10/bao-cao-tinh-hinh-kinh-te-xa-hoi-nam-2017/,"Bên cạnh đó, có 1.188 lượt dự án đã cấp phép từ các năm trước đăng ký điều chỉnh vốn đầu tư với số vốn tăng thêm đạt 8,4 tỷ USD, tăng 49,2% so với cùng kỳ năm trước, nâng tổng số vốn đăng ký cấp mới và vốn tăng thêm trong năm 2017 lên 29,7 tỷ USD, tăng 44,2% so với năm 2016."
2018Q1,disbursed_ytd,3.88,first,GSO Báo cáo tình hình KT-XH quý I năm 2018 [3.880 triệu USD],https://www.nso.gov.vn/du-lieu-va-so-lieu-thong-ke/2019/04/bao-cao-tinh-hinh-kinh-te-xa-hoi-quy-i-nam-2018/,"Vốn đầu tư trực tiếp nước ngoài thực hiện quý I ước tính đạt 3.880 triệu USD, tăng 7,2% so với cùng kỳ năm 2017."
2018Q1,registered_new_ytd,2.1216,first,"GSO Báo cáo tình hình KT-XH quý I năm 2018 [cut-off 20/3/2018; 2.121,6 triệu USD]",https://www.nso.gov.vn/du-lieu-va-so-lieu-thong-ke/2019/04/bao-cao-tinh-hinh-kinh-te-xa-hoi-quy-i-nam-2018/,"Đầu tư trực tiếp của nước ngoài từ đầu năm đến thời điểm 20/3/2018 thu hút 618 dự án cấp phép mới với số vốn đăng ký đạt 2.121,6 triệu USD, tăng 25,4% về số dự án và giảm 27,3% về vốn đăng ký so với cùng kỳ năm 2017."
2018Q2,disbursed_ytd,8.37,first,GSO Báo cáo tình hình KT-XH quý II và 6 tháng năm 2018,https://www.nso.gov.vn/du-lieu-va-so-lieu-thong-ke/2019/04/bao-cao-tinh-hinh-kinh-te-xa-hoi-6-thang-dau-nam-2018/,"Vốn đầu tư trực tiếp nước ngoài thực hiện 6 tháng đầu năm ước tính đạt 8,37 tỷ USD, tăng 8,4% so với cùng kỳ năm 2017."
2018Q2,registered_new_ytd,11.7998,first,"GSO Báo cáo tình hình KT-XH quý II và 6 tháng năm 2018 [cut-off 20/6/2018; 11.799,8 triệu USD]",https://www.nso.gov.vn/du-lieu-va-so-lieu-thong-ke/2019/04/bao-cao-tinh-hinh-kinh-te-xa-hoi-6-thang-dau-nam-2018/,"Đầu tư trực tiếp của nước ngoài từ đầu năm đến thời điểm 20/6/2018 thu hút 1.366 dự án cấp phép mới với số vốn đăng ký đạt 11.799,8 triệu USD, tăng 15,5% về số dự án và giảm 0,3% về vốn đăng ký so với cùng kỳ năm 2017."
2018Q2,registered_new_plus_adjusted_ytd,16.234,first,GSO Báo cáo tình hình KT-XH quý II và 6 tháng năm 2018 [cut-off 20/6/2018; excludes capital contributions/share purchases; 16.234 triệu USD],https://www.nso.gov.vn/du-lieu-va-so-lieu-thong-ke/2019/04/bao-cao-tinh-hinh-kinh-te-xa-hoi-6-thang-dau-nam-2018/,"Như vậy, tổng số vốn đăng ký cấp mới và vốn tăng thêm trong 6 tháng đạt 16.234 triệu USD, giảm 4,4% so với cùng kỳ năm 2017."
2018Q3,disbursed_ytd,13.25,first,GSO Báo cáo tình hình KT-XH quý III và 9 tháng năm 2018,https://www.nso.gov.vn/du-lieu-va-so-lieu-thong-ke/2019/04/bao-cao-tinh-hinh-kinh-te-xa-hoi-quy-iii-va-9-thang-nam-2018/,"Vốn đầu tư trực tiếp nước ngoài thực hiện 9 tháng năm nay ước tính đạt 13,25 tỷ USD, tăng 6% so với cùng kỳ năm 2017."
2018Q3,registered_new_ytd,14.1245,first,"GSO Báo cáo tình hình KT-XH quý III và 9 tháng năm 2018 [cut-off 20/9/2018; 14.124,5 triệu USD]",https://www.nso.gov.vn/du-lieu-va-so-lieu-thong-ke/2019/04/bao-cao-tinh-hinh-kinh-te-xa-hoi-quy-iii-va-9-thang-nam-2018/,"Đầu tư trực tiếp của nước ngoài từ đầu năm đến thời điểm 20/9/2018 thu hút 2.182 dự án cấp phép mới với số vốn đăng ký đạt 14.124,5 triệu USD, tăng 18,3% về số dự án và giảm 3% về vốn đăng ký so với cùng kỳ năm 2017."
2018Q3,registered_new_plus_adjusted_ytd,19.6687,first,"GSO Báo cáo tình hình KT-XH quý III và 9 tháng năm 2018 [cut-off 20/9/2018; excludes capital contributions/share purchases; 19.668,7 triệu USD]",https://www.nso.gov.vn/du-lieu-va-so-lieu-thong-ke/2019/04/bao-cao-tinh-hinh-kinh-te-xa-hoi-quy-iii-va-9-thang-nam-2018/,"Như vậy, tổng số vốn đăng ký cấp mới và vốn tăng thêm trong 9 tháng đạt 19.668,7 triệu USD, giảm 7,7% so với cùng kỳ năm 2017."
2018Q4,disbursed_ytd,19.1,first,GSO Báo cáo tình hình KT-XH quý IV và năm 2018,https://www.nso.gov.vn/du-lieu-va-so-lieu-thong-ke/2019/04/thong-cao-bao-chi-ve-tinh-hinh-kinh-te-xa-hoi-quy-iv-va-nam-2018/,"Vốn đầu tư trực tiếp nước ngoài thực hiện năm 2018 ước tính đạt 19,1 tỷ USD, tăng 9,1% so với năm 2017."
2018Q4,registered_total_ytd,35.46,first,"Báo Nhân Dân điện tử 25/12/2018, citing Cục Đầu tư nước ngoài (FIA) [FIA total incl. capital contributions; GSO year-end report gives only new+adjusted]",https://nhandan.vn/nam-2018-thu-hut-von-fdi-dat-3546-ty-usd-post345020.html,"Theo Cục Đầu tư nước ngoài (Bộ Kế hoạch và Đầu tư), tính chung cả năm 2018, tổng vốn đầu tư trực tiếp nước ngoài (FDI) vào Việt Nam đạt 35,46 tỷ USD, trong đó, vốn giải ngân đạt 19,1 tỷ USD."
2018Q4,registered_new_ytd,17.9762,first,"GSO Báo cáo tình hình KT-XH quý IV và năm 2018 [cut-off 20/12/2018; 17.976,2 triệu USD]",https://www.nso.gov.vn/du-lieu-va-so-lieu-thong-ke/2019/04/thong-cao-bao-chi-ve-tinh-hinh-kinh-te-xa-hoi-quy-iv-va-nam-2018/,"Đầu tư trực tiếp của nước ngoài từ đầu năm đến thời điểm 20/12/2018 thu hút 3.046 dự án cấp phép mới với số vốn đăng ký đạt 17.976,2 triệu USD, tăng 17,6% về số dự án và giảm 15,5% về vốn đăng ký so với cùng kỳ năm 2017."
2018Q4,registered_new_plus_adjusted_ytd,25.5729,first,"GSO Báo cáo tình hình KT-XH quý IV và năm 2018 [cut-off 20/12/2018; excludes capital contributions/share purchases; 25.572,9 triệu USD]",https://www.nso.gov.vn/du-lieu-va-so-lieu-thong-ke/2019/04/thong-cao-bao-chi-ve-tinh-hinh-kinh-te-xa-hoi-quy-iv-va-nam-2018/,"Như vậy, tổng số vốn đăng ký cấp mới và vốn tăng thêm trong năm 2018 đạt 25.572,9 triệu USD, giảm 13,9% so với cùng kỳ năm 2017."
2019Q1,disbursed_ytd,4.12,first,GSO Báo cáo tình hình KT-XH quý I năm 2019 [4.120 triệu USD],https://www.nso.gov.vn/du-lieu-va-so-lieu-thong-ke/2019/05/bao-cao-tinh-hinh-kinh-te-xa-hoi-quy-i-nam-2019/,"Vốn đầu tư trực tiếp nước ngoài thực hiện 3 tháng ước tính đạt 4.120 triệu USD, tăng 6,2% so với cùng kỳ năm 2018."
2019Q1,registered_new_ytd,3.8214,first,"GSO Báo cáo tình hình KT-XH quý I năm 2019 [cut-off 20/3/2019; 3.821,4 triệu USD]",https://www.nso.gov.vn/du-lieu-va-so-lieu-thong-ke/2019/05/bao-cao-tinh-hinh-kinh-te-xa-hoi-quy-i-nam-2019/,"Đầu tư trực tiếp của nước ngoài từ đầu năm đến thời điểm 20/3/2019 thu hút 785 dự án cấp phép mới với số vốn đăng ký đạt 3.821,4 triệu USD, tăng 27% về số dự án và tăng 80,1% về vốn đăng ký so với cùng kỳ năm 2018."
2019Q1,registered_new_plus_adjusted_ytd,5.1198,first,"GSO Báo cáo tình hình KT-XH quý I năm 2019 [cut-off 20/3/2019; excludes capital contributions/share purchases; 5.119,8 triệu USD]",https://www.nso.gov.vn/du-lieu-va-so-lieu-thong-ke/2019/05/bao-cao-tinh-hinh-kinh-te-xa-hoi-quy-i-nam-2019/,"Như vậy, tổng số vốn đăng ký cấp mới và vốn tăng thêm trong 3 tháng đạt 5.119,8 triệu USD, tăng 30,9% so với cùng kỳ năm trước."
2019Q2,disbursed_ytd,9.1,first,GSO Báo cáo tình hình KT-XH quý II và 6 tháng năm 2019,https://www.nso.gov.vn/du-lieu-va-so-lieu-thong-ke/2019/10/bao-cao-tinh-hinh-kinh-te-xa-hoi-quy-ii-va-6-thang-dau-nam-2019/,"Vốn đầu tư trực tiếp nước ngoài thực hiện 6 tháng ước tính đạt 9,1 tỷ USD, tăng 8,1% so với cùng kỳ năm 2018."
2019Q2,registered_total_ytd,18.47,first,"Báo Đầu tư (baodautu.vn) 25/06/2019, citing Cục Đầu tư nước ngoài (FIA) [cut-off 20/6/2019]",https://baodautu.vn/fdi-6-thang-2019-chi-bang-908-so-voi-cung-ky-2018-d102648.html,"Cũng theo báo cáo của Cục Đầu tư nước ngoài, tính đến ngày 20/6/2019, tổng vốn đăng ký cấp mới, tăng thêm và góp vốn mua cổ phần của nhà đầu tư nước ngoài (ĐTNN) đạt 18,47 tỷ USD, bằng 90,8% so với cùng kỳ năm 2018."
2019Q2,registered_new_ytd,7.4118,first,"GSO Báo cáo tình hình KT-XH quý II và 6 tháng năm 2019 [cut-off 20/6/2019; 7.411,8 triệu USD]",https://www.nso.gov.vn/du-lieu-va-so-lieu-thong-ke/2019/10/bao-cao-tinh-hinh-kinh-te-xa-hoi-quy-ii-va-6-thang-dau-nam-2019/,"Đầu tư trực tiếp nước ngoài từ đầu năm đến thời điểm 20/6/2019 thu hút 1.723 dự án cấp phép mới với số vốn đăng ký đạt 7.411,8 triệu USD, tăng 26,1% về số dự án và giảm 37,2% về vốn đăng ký so với cùng kỳ năm 2018."
2019Q2,registered_new_plus_adjusted_ytd,10.3472,first,"GSO Báo cáo tình hình KT-XH quý II và 6 tháng năm 2019 [cut-off 20/6/2019; excludes capital contributions/share purchases; 10.347,2 triệu USD]",https://www.nso.gov.vn/du-lieu-va-so-lieu-thong-ke/2019/10/bao-cao-tinh-hinh-kinh-te-xa-hoi-quy-ii-va-6-thang-dau-nam-2019/,"Như vậy, tổng số vốn đăng ký cấp mới và vốn tăng thêm trong 6 tháng đầu năm 2019 đạt 10.347,2 triệu USD, giảm 36,3% so với cùng kỳ năm 2018."
2019Q3,disbursed_ytd,14.2,first,GSO Báo cáo tình hình KT-XH quý III và 9 tháng năm 2019,https://www.nso.gov.vn/du-lieu-va-so-lieu-thong-ke/2019/10/bao-cao-tinh-hinh-kinh-te-xa-hoi-quy-iii-va-9-thang-nam-2019/,"Vốn đầu tư trực tiếp nước ngoài thực hiện 9 tháng ước tính đạt 14,2 tỷ USD, tăng 7,3% so với cùng kỳ năm trước."
2019Q3,registered_total_ytd,26.16,first,"FIA (Cục Đầu tư nước ngoài) 'Tình hình thu hút đầu tư nước ngoài 9 tháng năm 2019' [cut-off 20/9/2019]; FIA page not directly reachable from this environment, quote taken from search-index excerpt of the FIA page",https://fia.mof.gov.vn/Detail/CatID/f3cb5873-74b1-4a47-a57c-a491e0be4051/NewsID/a0fd1da5-c9ac-492d-873f-b8d01de697c4,"Tính đến 20/9/2019, tổng vốn đăng ký cấp mới, điều chỉnh và góp vốn mua cổ phần của nhà ĐTNN là 26,16 tỷ USD, tăng 3,1% so với cùng kỳ năm 2018."
2019Q3,registered_new_ytd,10.9734,first,"GSO Báo cáo tình hình KT-XH quý III và 9 tháng năm 2019 [cut-off 20/9/2019; 10.973,4 triệu USD]",https://www.nso.gov.vn/du-lieu-va-so-lieu-thong-ke/2019/10/bao-cao-tinh-hinh-kinh-te-xa-hoi-quy-iii-va-9-thang-nam-2019/,"Đầu tư trực tiếp nước ngoài từ đầu năm đến thời điểm 20/9/2019 thu hút 2.759 dự án cấp phép mới với số vốn đăng ký đạt 10.973,4 triệu USD, tăng 26,4% về số dự án và giảm 22,3% về vốn đăng ký so với cùng kỳ năm 2018."
2019Q3,registered_new_plus_adjusted_ytd,15.7632,first,"GSO Báo cáo tình hình KT-XH quý III và 9 tháng năm 2019 [cut-off 20/9/2019; excludes capital contributions/share purchases; 15.763,2 triệu USD]",https://www.nso.gov.vn/du-lieu-va-so-lieu-thong-ke/2019/10/bao-cao-tinh-hinh-kinh-te-xa-hoi-quy-iii-va-9-thang-nam-2019/,"Như vậy, tổng số vốn đăng ký cấp mới và vốn tăng thêm trong 9 tháng năm nay đạt 15.763,2 triệu USD, giảm 19,9% so với cùng kỳ năm 2018."
2019Q4,disbursed_ytd,20.4,first,GSO Báo cáo tình hình KT-XH quý IV và năm 2019,https://www.nso.gov.vn/du-lieu-va-so-lieu-thong-ke/2019/12/bao-cao-tinh-hinh-kinh-te-xa-hoi-quy-iv-va-nam-2019/,"Vốn đầu tư trực tiếp nước ngoài thực hiện năm 2019 ước tính đạt 20,4 tỷ USD, tăng 6,7% so với năm trước."
2019Q4,registered_total_ytd,38,first,GSO Báo cáo tình hình KT-XH quý IV và năm 2019 [cut-off 20/12/2019],https://www.nso.gov.vn/du-lieu-va-so-lieu-thong-ke/2019/12/bao-cao-tinh-hinh-kinh-te-xa-hoi-quy-iv-va-nam-2019/,"Tổng vốn đầu tư nước ngoài vào Việt Nam tính đến 20/12/2019 bao gồm vốn đăng ký cấp mới, vốn đăng ký điều chỉnh và giá trị góp vốn, mua cổ phần của nhà đầu tư nước ngoài đạt 38 tỷ USD, tăng 7,2% so với năm 2018."
2019Q4,registered_new_ytd,16.7,first,GSO Báo cáo tình hình KT-XH quý IV và năm 2019 [cut-off 20/12/2019],https://www.nso.gov.vn/du-lieu-va-so-lieu-thong-ke/2019/12/bao-cao-tinh-hinh-kinh-te-xa-hoi-quy-iv-va-nam-2019/,"Trong đó có 3.883 dự án được cấp phép mới với số vốn đăng ký đạt 16,7 tỷ USD, tăng 27,5% về số dự án và giảm 6,8% về số vốn đăng ký so với năm trước; 1.381 lượt dự án đã cấp phép từ các năm trước đăng ký điều chỉnh vốn đầu tư với số vốn tăng thêm đạt 5,8 tỷ USD, giảm 23,6%; 9.842 lượt góp vốn, mua cổ phần của nhà đầu tư nước ngoài với tổng giá trị góp vốn là 15,5 tỷ USD, tăng 56,4%."
2020Q1,disbursed_ytd,3.9,first,GSO Báo cáo tình hình KT-XH quý I năm 2020,https://www.nso.gov.vn/du-lieu-va-so-lieu-thong-ke/2020/03/bao-cao-tinh-hinh-kinh-te-xa-hoi-quy-i-nam-2020/,"Vốn đầu tư trực tiếp nước ngoài thực hiện quý I/2020 ước tính đạt 3,9 tỷ USD, giảm 6,6% so với cùng kỳ năm trước, trong đó công nghiệp chế biến, chế tạo đạt 2,8 tỷ USD, chiếm 73,7% tổng vốn đầu tư trực tiếp nước ngoài thực hiện; hoạt động kinh doanh bất động sản đạt 405,4 triệu USD, chiếm 10,5%; sản xuất, phân phối điện, khí đốt, nước nóng, hơi nước và điều hòa không khí đạt 337,7 triệu USD, chiếm 8,8%."
2020Q1,registered_total_ytd,8.6,first,"GSO Báo cáo tình hình KT-XH quý I năm 2020 [cut-off 20/3/2020; stated as 'gần 8,6']",https://www.nso.gov.vn/du-lieu-va-so-lieu-thong-ke/2020/03/bao-cao-tinh-hinh-kinh-te-xa-hoi-quy-i-nam-2020/,"Tổng vốn đầu tư nước ngoài vào Việt Nam tính đến ngày 20/3/2020 bao gồm vốn đăng ký cấp mới, vốn đăng ký điều chỉnh và giá trị góp vốn, mua cổ phần của nhà đầu tư nước ngoài đạt gần 8,6 tỷ USD, giảm 20,9% so với cùng kỳ năm trước."
2020Q1,registered_new_ytd,5.5,first,GSO Báo cáo tình hình KT-XH quý I năm 2020 [cut-off 20/3/2020],https://www.nso.gov.vn/du-lieu-va-so-lieu-thong-ke/2020/03/bao-cao-tinh-hinh-kinh-te-xa-hoi-quy-i-nam-2020/,"Trong đó có 758 dự án được cấp phép mới với số vốn đăng ký đạt 5,5 tỷ USD, giảm 3,4% về số dự án và tăng 44,8% về số vốn đăng ký so với cùng kỳ năm trước; có 236 lượt dự án đã cấp phép từ các năm trước đăng ký điều chỉnh vốn đầu tư với số vốn tăng thêm đạt 1,1 tỷ USD, giảm 18%; có 2.523 lượt góp vốn mua cổ phần của nhà đầu tư nước ngoài với tổng giá trị góp vốn gần 2 tỷ USD, giảm 65,6%."
2020Q2,disbursed_ytd,8.65,first,GSO Báo cáo tình hình KT-XH quý II và 6 tháng năm 2020,https://www.nso.gov.vn/du-lieu-va-so-lieu-thong-ke/2020/06/bao-cao-tinh-hinh-kinh-te-xa-hoi-6-thang-dau-nam-2020/,"Vốn đầu tư trực tiếp nước ngoài thực hiện 6 tháng đầu năm ước tính đạt 8,65 tỷ USD, giảm 4,9% so với cùng kỳ năm trước, trong đó công nghiệp chế biến, chế tạo đạt 6,1 tỷ USD, chiếm 70,8% tổng vốn đầu tư trực tiếp nước ngoài thực hiện; hoạt động kinh doanh bất động sản đạt 1,3 tỷ USD, chiếm 15,5%; sản xuất, phân phối điện, khí đốt, nước nóng, hơi nước và điều hòa không khí đạt 634,3 triệu USD, chiếm 7,3%."
2020Q2,registered_total_ytd,15.7,first,"GSO Báo cáo tình hình KT-XH quý II và 6 tháng năm 2020 [cut-off 20/6/2020; stated as 'gần 15,7']",https://www.nso.gov.vn/du-lieu-va-so-lieu-thong-ke/2020/06/bao-cao-tinh-hinh-kinh-te-xa-hoi-6-thang-dau-nam-2020/,"Tổng vốn đầu tư nước ngoài vào Việt Nam tính đến ngày 20/6/2020 bao gồm vốn đăng ký cấp mới, vốn đăng ký điều chỉnh và giá trị góp vốn, mua cổ phần của nhà đầu tư nước ngoài đạt gần 15,7 tỷ USD, giảm 15,1% so với cùng kỳ năm trước."
2020Q2,registered_new_ytd,8.5,first,"GSO Báo cáo tình hình KT-XH quý II và 6 tháng năm 2020 [cut-off 20/6/2020; stated as 'gần 8,5']",https://www.nso.gov.vn/du-lieu-va-so-lieu-thong-ke/2020/06/bao-cao-tinh-hinh-kinh-te-xa-hoi-6-thang-dau-nam-2020/,"Trong đó có 1.418 dự án được cấp phép mới với số vốn đăng ký đạt gần 8,5 tỷ USD, giảm 17,7% về số dự án và tăng 13,8% về số vốn đăng ký so với cùng kỳ năm trước; có 526 lượt dự án đã cấp phép từ các năm trước đăng ký điều chỉnh vốn đầu tư với số vốn tăng thêm đạt 3,7 tỷ USD, tăng 26,8%; có 4.125 lượt góp vốn mua cổ phần của nhà đầu tư nước ngoài với tổng giá trị góp vốn 3,5 tỷ USD, giảm 56,8%."
2020Q3,disbursed_ytd,13.8,first,"GSO Báo cáo tình hình KT-XH quý III và 9 tháng năm 2020 [stated as 'gần 13,8 tỷ USD']",https://www.nso.gov.vn/du-lieu-va-so-lieu-thong-ke/2020/09/tinh-hinh-kinh-te-xa-hoi-thang-9-va-9-thang-nam-2020/,"Vốn đầu tư trực tiếp nước ngoài thực hiện 9 tháng ước tính đạt gần 13,8 tỷ USD, giảm 3,2% so với cùng kỳ năm trước."
2020Q3,registered_total_ytd,21.2,first,GSO Báo cáo tình hình KT-XH quý III và 9 tháng năm 2020 [cut-off 20/9/2020],https://www.nso.gov.vn/du-lieu-va-so-lieu-thong-ke/2020/09/tinh-hinh-kinh-te-xa-hoi-thang-9-va-9-thang-nam-2020/,"Tổng vốn đầu tư nước ngoài vào Việt Nam tính đến ngày 20/9/2020 bao gồm vốn đăng ký cấp mới, vốn đăng ký điều chỉnh và giá trị góp vốn, mua cổ phần của nhà đầu tư nước ngoài đạt 21,2 tỷ USD, giảm 18,9% so với cùng kỳ năm trước."
2020Q3,registered_new_ytd,10.4,first,GSO Báo cáo tình hình KT-XH quý III và 9 tháng năm 2020 [cut-off 20/9/2020],https://www.nso.gov.vn/du-lieu-va-so-lieu-thong-ke/2020/09/tinh-hinh-kinh-te-xa-hoi-thang-9-va-9-thang-nam-2020/,"Trong đó có 1.947 dự án được cấp phép mới với số vốn đăng ký đạt 10,4 tỷ USD, giảm 29,4% về số dự án và giảm 5,6% về số vốn đăng ký so với cùng kỳ năm trước; có 798 lượt dự án đã cấp phép từ các năm trước đăng ký điều chỉnh vốn đầu tư với số vốn tăng thêm đạt trên 5,1 tỷ USD, tăng 6,8%; có 5.172 lượt góp vốn mua cổ phần của nhà đầu tư nước ngoài với tổng giá trị góp vốn 5,7 tỷ USD, giảm 44,9%."
2020Q4,disbursed_ytd,20.0,first,GSO Báo cáo tình hình KT-XH quý IV và năm 2020 [stated as 'gần 20 tỷ USD'],https://www.nso.gov.vn/du-lieu-va-so-lieu-thong-ke/2020/12/baocao-tinh-hinh-kinh-te-xa-hoi-quy-iv-va-nam-2020/,"Vốn đầu tư trực tiếp nước ngoài thực hiện năm 2020 ước tính đạt gần 20 tỷ USD, giảm 2% so với năm trước."
2020Q4,registered_total_ytd,28.5,first,GSO Báo cáo tình hình KT-XH quý IV và năm 2020 [cut-off 20/12/2020],https://www.nso.gov.vn/du-lieu-va-so-lieu-thong-ke/2020/12/baocao-tinh-hinh-kinh-te-xa-hoi-quy-iv-va-nam-2020/,"Tổng vốn đầu tư nước ngoài vào Việt Nam tính đến ngày 20/12/2020 bao gồm vốn đăng ký cấp mới, vốn đăng ký điều chỉnh và giá trị góp vốn, mua cổ phần của nhà đầu tư nước ngoài đạt 28,5 tỷ USD, giảm 25% so với năm 2019."
2020Q4,registered_new_ytd,14.6,first,GSO Báo cáo tình hình KT-XH quý IV và năm 2020 [cut-off 20/12/2020],https://www.nso.gov.vn/du-lieu-va-so-lieu-thong-ke/2020/12/baocao-tinh-hinh-kinh-te-xa-hoi-quy-iv-va-nam-2020/,"Trong đó có 2.523 dự án được cấp phép mới với số vốn đăng ký đạt 14,6 tỷ USD, giảm 35% về số dự án và giảm 12,5% về số vốn đăng ký so với năm trước; có 1.140 lượt dự án đã cấp phép từ các năm trước đăng ký điều chỉnh vốn đầu tư với số vốn tăng thêm đạt 6,4 tỷ USD, tăng 10,6%; có 6.141 lượt góp vốn mua cổ phần của nhà đầu tư nước ngoài với tổng giá trị góp vốn 7,5 tỷ USD, giảm 51,7%."
2021Q1,disbursed_ytd,4.1,first,GSO Báo cáo tình hình KT-XH quý I năm 2021,https://www.nso.gov.vn/du-lieu-va-so-lieu-thong-ke/2021/03/bao-cao-tinh-hinh-kinh-te-xa-hoi-quy-i-nam-2021/,"Vốn đầu tư trực tiếp nước ngoài thực hiện quý I/2021 ước tính đạt 4,1 tỷ USD, tăng 6,5% so với cùng kỳ năm trước."
2021Q1,registered_total_ytd,10.13,first,GSO Báo cáo tình hình KT-XH quý I năm 2021 [cut-off 20/3/2021],https://www.nso.gov.vn/du-lieu-va-so-lieu-thong-ke/2021/03/bao-cao-tinh-hinh-kinh-te-xa-hoi-quy-i-nam-2021/,"Tổng vốn đầu tư nước ngoài vào Việt Nam tính đến ngày 20/3/2021 bao gồm vốn đăng ký cấp mới, vốn đăng ký điều chỉnh và giá trị góp vốn, mua cổ phần của nhà đầu tư nước ngoài đạt gần 10,13 tỷ USD, tăng 18,5% so với cùng kỳ năm trước."
2021Q1,registered_new_ytd,7.2,first,GSO Báo cáo tình hình KT-XH quý I năm 2021 [cut-off 20/3/2021],https://www.nso.gov.vn/du-lieu-va-so-lieu-thong-ke/2021/03/bao-cao-tinh-hinh-kinh-te-xa-hoi-quy-i-nam-2021/,"Trong đó có 234 dự án được cấp phép mới với số vốn đăng ký đạt 7,2 tỷ USD, giảm 69,1% về số dự án và tăng 30,6% về số vốn đăng ký so với cùng kỳ năm trước; có 161 lượt dự án đã cấp phép từ các năm trước đăng ký điều chỉnh vốn đầu tư với số vốn tăng thêm đạt 2,1 tỷ USD, tăng 97,4%; có 734 lượt góp vốn mua cổ phần của nhà đầu tư nước ngoài với tổng giá trị góp vốn gần 805,3 triệu USD, giảm 58,8%."
2021Q2,disbursed_ytd,9.24,first,GSO Báo cáo tình hình KT-XH quý II và 6 tháng đầu năm 2021,https://www.nso.gov.vn/du-lieu-va-so-lieu-thong-ke/2021/06/bao-cao-tinh-hinh-kinh-te-xa-hoi-quy-ii-va-6-thang-dau-nam-2021/,"Vốn đầu tư trực tiếp nước ngoài thực hiện 6 tháng đầu năm 2021 ước tính đạt 9,24 tỷ USD, tăng 6,8% so với cùng kỳ năm trước."
2021Q2,registered_total_ytd,15.27,first,GSO Báo cáo tình hình KT-XH quý II và 6 tháng đầu năm 2021 [cut-off 20/6/2021],https://www.nso.gov.vn/du-lieu-va-so-lieu-thong-ke/2021/06/bao-cao-tinh-hinh-kinh-te-xa-hoi-quy-ii-va-6-thang-dau-nam-2021/,"Tổng vốn đầu tư nước ngoài vào Việt Nam tính đến ngày 20/6/2021 bao gồm vốn đăng ký cấp mới, vốn đăng ký điều chỉnh và giá trị góp vốn, mua cổ phần của nhà đầu tư nước ngoài đạt gần 15,27 tỷ USD, giảm 2,6% so với cùng kỳ năm trước."
2021Q2,registered_new_ytd,9.55,first,GSO Báo cáo tình hình KT-XH quý II và 6 tháng đầu năm 2021 [cut-off 20/6/2021],https://www.nso.gov.vn/du-lieu-va-so-lieu-thong-ke/2021/06/bao-cao-tinh-hinh-kinh-te-xa-hoi-quy-ii-va-6-thang-dau-nam-2021/,"Trong đó có 804 dự án được cấp phép mới với số vốn đăng ký đạt gần 9,55 tỷ USD, giảm 43,3% về số dự án và tăng 13,2% về số vốn đăng ký so với cùng kỳ năm trước; có 460 lượt dự án đã cấp phép từ các năm trước đăng ký điều chỉnh vốn đầu tư với số vốn tăng thêm đạt 4,12 tỷ USD, tăng 10,6%; có 1.855 lượt góp vốn mua cổ phần của nhà đầu tư nước ngoài với tổng giá trị góp vốn 1,60 tỷ USD, giảm 54,3%."
2021Q3,disbursed_ytd,13.28,first,GSO Báo cáo tình hình KT-XH quý III và 9 tháng năm 2021,https://www.nso.gov.vn/du-lieu-va-so-lieu-thong-ke/2021/09/bao-cao-tinh-hinh-kinh-te-xa-hoi-quy-iii-va-9-thang-nam-2021/,"Vốn đầu tư trực tiếp nước ngoài thực hiện tại Việt Nam 9 tháng năm 2021 ước tính đạt 13,28 tỷ USD, giảm 3,5% so với cùng kỳ năm trước."
2021Q3,registered_total_ytd,22.15,first,GSO Báo cáo tình hình KT-XH quý III và 9 tháng năm 2021 [cut-off 20/9/2021],https://www.nso.gov.vn/du-lieu-va-so-lieu-thong-ke/2021/09/bao-cao-tinh-hinh-kinh-te-xa-hoi-quy-iii-va-9-thang-nam-2021/,"Tổng vốn đầu tư nước ngoài vào Việt Nam tính đến ngày 20/9/2021 bao gồm vốn đăng ký cấp mới, vốn đăng ký điều chỉnh và giá trị góp vốn, mua cổ phần của nhà đầu tư nước ngoài đạt 22,15 tỷ USD, tăng 4,4% so với cùng kỳ năm trước."
2021Q3,registered_new_ytd,12.5,first,GSO Báo cáo tình hình KT-XH quý III và 9 tháng năm 2021 [cut-off 20/9/2021],https://www.nso.gov.vn/du-lieu-va-so-lieu-thong-ke/2021/09/bao-cao-tinh-hinh-kinh-te-xa-hoi-quy-iii-va-9-thang-nam-2021/,"Trong đó vốn đăng ký cấp mới có 1.212 dự án được cấp phép với số vốn đăng ký đạt 12,5 tỷ USD, giảm 37,8% về số dự án và tăng 20,6% về số vốn đăng ký so với cùng kỳ năm trước; vốn đăng ký điều chỉnh có 678 lượt dự án đã cấp phép từ các năm trước đăng ký điều chỉnh vốn đầu tư tăng thêm 6,43 tỷ USD, tăng 25,6%; vốn đăng ký góp vốn, mua cổ phần của nhà đầu tư nước ngoài có 2.830 lượt với tổng giá trị góp vốn 3,22 tỷ USD, giảm 43,8%."
2021Q4,disbursed_ytd,19.74,first,GSO Báo cáo tình hình KT-XH quý IV và năm 2021,https://www.nso.gov.vn/du-lieu-va-so-lieu-thong-ke/2021/12/bao-cao-tinh-hinh-kinh-te-xa-hoi-quy-iv-va-nam-2021/,"Vốn đầu tư trực tiếp nước ngoài thực hiện tại Việt Nam năm 2021, ước đạt 19,74 tỷ USD, giảm 1,2% so với năm trước."
2021Q4,registered_total_ytd,31.15,first,GSO Báo cáo tình hình KT-XH quý IV và năm 2021 [cut-off 20/12/2021],https://www.nso.gov.vn/du-lieu-va-so-lieu-thong-ke/2021/12/bao-cao-tinh-hinh-kinh-te-xa-hoi-quy-iv-va-nam-2021/,"Tổng vốn đầu tư nước ngoài đăng ký vào Việt Nam: Tính đến ngày 20/12/2021 bao gồm vốn đăng ký cấp mới, vốn đăng ký điều chỉnh và giá trị góp vốn, mua cổ phần của nhà đầu tư nước ngoài đạt 31,15 tỷ USD, tăng 9,2% so với năm 2020."
2021Q4,registered_new_ytd,15.25,first,GSO Báo cáo tình hình KT-XH quý IV và năm 2021 [cut-off 20/12/2021],https://www.nso.gov.vn/du-lieu-va-so-lieu-thong-ke/2021/12/bao-cao-tinh-hinh-kinh-te-xa-hoi-quy-iv-va-nam-2021/,"Vốn đăng ký cấp mới: Có 1.738 dự án được cấp phép với số vốn đăng ký đạt 15,25 tỷ USD, giảm 31,1% về số dự án và tăng 4,1% về số vốn đăng ký so với năm trước."
2022Q1,disbursed_ytd,4.42,first,GSO Báo cáo tình hình KT-XH quý I năm 2022,https://www.nso.gov.vn/du-lieu-va-so-lieu-thong-ke/2022/03/bao-cao-tinh-hinh-kinh-te-xa-hoi-quy-i-nam-2022/,"Vốn đầu tư trực tiếp nước ngoài thực hiện tại Việt Nam 3 tháng đầu năm 2022 ước tính đạt 4,42 tỷ USD, tăng 7,8% so với cùng kỳ năm trước."
2022Q1,registered_total_ytd,8.91,first,GSO Báo cáo tình hình KT-XH quý I năm 2022 [cut-off 20/3/2022],https://www.nso.gov.vn/du-lieu-va-so-lieu-thong-ke/2022/03/bao-cao-tinh-hinh-kinh-te-xa-hoi-quy-i-nam-2022/,"Tổng vốn đầu tư nước ngoài đăng ký vào Việt Nam tính đến ngày 20/3/2022 bao gồm vốn đăng ký cấp mới, vốn đăng ký điều chỉnh và giá trị góp vốn, mua cổ phần của nhà đầu tư nước ngoài đạt 8,91 tỷ USD, giảm 12,1% so với cùng kỳ năm trước."
2022Q1,registered_new_ytd,3.21,first,GSO Báo cáo tình hình KT-XH quý I năm 2022 [cut-off 20/3/2022],https://www.nso.gov.vn/du-lieu-va-so-lieu-thong-ke/2022/03/bao-cao-tinh-hinh-kinh-te-xa-hoi-quy-i-nam-2022/,"Vốn đăng ký cấp mới có 322 dự án được cấp phép với số vốn đăng ký đạt 3,21 tỷ USD, tăng 37,6% về số dự án và giảm 55,5% về số vốn đăng ký so với cùng kỳ năm trước."
2022Q2,disbursed_ytd,10.06,first,GSO Báo cáo tình hình KT-XH quý II và 6 tháng đầu năm 2022,https://www.nso.gov.vn/du-lieu-va-so-lieu-thong-ke/2022/06/bao-cao-tinh-hinh-kinh-te-xa-hoi-quy-ii-va-6-thang-dau-nam-2022/,"Vốn đầu tư trực tiếp nước ngoài thực hiện tại Việt Nam 6 tháng đầu năm 2022 ước tính đạt 10,06 tỷ USD, tăng 8,9% so với cùng kỳ năm trước, đây là mức tăng cao nhất của 6 tháng đầu năm trong 5 năm qua."
2022Q2,registered_total_ytd,14.03,first,GSO Báo cáo tình hình KT-XH quý II và 6 tháng đầu năm 2022 [cut-off 20/6/2022],https://www.nso.gov.vn/du-lieu-va-so-lieu-thong-ke/2022/06/bao-cao-tinh-hinh-kinh-te-xa-hoi-quy-ii-va-6-thang-dau-nam-2022/,"Tổng vốn đầu tư nước ngoài đăng ký vào Việt Nam tính đến ngày 20/6/2022 bao gồm: Vốn đăng ký cấp mới, vốn đăng ký điều chỉnh và giá trị góp vốn, mua cổ phần của nhà đầu tư nước ngoài đạt gần 14,03 tỷ USD, giảm 8,1% so với cùng kỳ năm trước."
2022Q2,registered_new_ytd,4.94,first,"Báo Đầu tư (baodautu.vn) 30/06/2022, citing Cục Đầu tư nước ngoài (FIA) [cut-off 20/6/2022]",https://baodautu.vn/thu-hut-fdi-6-thang-dau-nam-2022-samsung-tiep-tuc-ghi-diem-d168667.html,"Tuy con số này chỉ bằng 91,1% so với cùng kỳ năm 2021 và phần nhiều do vốn đăng ký mới chưa hồi phục hoàn toàn sau sự gián đoạn của các biện pháp chống dịch năm 2021, chỉ đạt 4,94 tỷ USD, giảm 48,2% so với cùng kỳ, song vốn tăng thêm và vốn đầu tư thông qua góp vốn, mua cổ phần đều tăng rất mạnh."
2022Q3,disbursed_ytd,15.43,first,GSO Báo cáo tình hình KT-XH quý III và 9 tháng năm 2022,https://www.nso.gov.vn/du-lieu-va-so-lieu-thong-ke/2022/09/bao-cao-tinh-hinh-kinh-te-xa-hoi-quy-iii-va-9-thang-nam-2022/,"Vốn đầu tư trực tiếp nước ngoài thực hiện tại Việt Nam 9 tháng năm 2022 ước tính đạt 15,43 tỷ USD, tăng 16,3% so với cùng kỳ năm trước."
2022Q3,registered_total_ytd,18.75,first,GSO Báo cáo tình hình KT-XH quý III và 9 tháng năm 2022 [cut-off 20/9/2022],https://www.nso.gov.vn/du-lieu-va-so-lieu-thong-ke/2022/09/bao-cao-tinh-hinh-kinh-te-xa-hoi-quy-iii-va-9-thang-nam-2022/,"Tổng vốn đầu tư nước ngoài đăng ký vào Việt Nam tính đến ngày 20/9/2022 bao gồm: Vốn đăng ký cấp mới, vốn đăng ký điều chỉnh và giá trị góp vốn, mua cổ phần của nhà đầu tư nước ngoài đạt gần 18,75 tỷ USD, giảm 15,3% so với cùng kỳ năm trước."
2022Q3,registered_new_ytd,7.12,first,"Báo Đầu tư (baodautu.vn) ~26/09/2022, citing Cục Đầu tư nước ngoài (FIA) [9 months, FIA cut-off 20/9/2022]",https://baodautu.vn/giai-ngan-von-dau-tu-nuoc-ngoai-tiep-tuc-tang-manh-9-thang-dat-154-ty-usd-d174227.html,"Cụ thể, Cục Đầu tư nước ngoài cho biết, trong 9 tháng, có 1.355 dự án mới được cấp giấy chứng nhận đăng ký với, với tổng vốn 7,12 tỷ USD, tăng 11,8% về số dự án so với cùng kỳ, nhưng lại giảm 43% về số vốn."
2022Q4,disbursed_ytd,22.4,first,GSO Báo cáo tình hình KT-XH quý IV và năm 2022,https://www.nso.gov.vn/du-lieu-va-so-lieu-thong-ke/2022/12/bao-cao-tinh-hinh-kinh-te-xa-hoi-quy-iv-va-nam-2022/,"Vốn đầu tư trực tiếp nước ngoài thực hiện tại Việt Nam năm 2022 ước đạt gần 22,4 tỷ USD, tăng 13,5% so với năm trước."
2022Q4,registered_total_ytd,27.72,first,GSO Báo cáo tình hình KT-XH quý IV và năm 2022 [cut-off 20/12/2022],https://www.nso.gov.vn/du-lieu-va-so-lieu-thong-ke/2022/12/bao-cao-tinh-hinh-kinh-te-xa-hoi-quy-iv-va-nam-2022/,"Tổng vốn đầu tư nước ngoài đăng ký vào Việt Nam: Tính đến ngày 20/12/2022 bao gồm vốn đăng ký cấp mới, vốn đăng ký điều chỉnh và giá trị góp vốn, mua cổ phần của nhà đầu tư nước ngoài ước đạt gần 27,72 tỷ USD, giảm 11% so với năm trước."
2022Q4,registered_new_ytd,12.45,first,"Báo Đầu tư (baodautu.vn) 27/12/2022, citing Cục Đầu tư nước ngoài (FIA) [cut-off 20/12/2022; stated as 'gần 12,45']",https://baodautu.vn/nam-2022-gan-2772-ty-usd-von-dau-tu-nuoc-ngoai-vao-viet-nam-d181086.html,"Trong số này, vốn đăng ký mới đạt gần 12,45 tỷ USD, giảm 18,4% so với cùng kỳ; vốn đầu tư thông qua góp vốn, mua cổ phần đạt 5,15%, giảm 25,2% so với cùng kỳ."
2023Q1,disbursed_ytd,4.32,first,GSO Báo cáo tình hình KT-XH quý I năm 2023,https://www.nso.gov.vn/du-lieu-va-so-lieu-thong-ke/2023/03/bao-cao-tinh-hinh-kinh-te-xa-hoi-quy-i-nam-2023/,"Vốn đầu tư trực tiếp nước ngoài thực hiện tại Việt Nam 3 tháng đầu năm 2023 ước đạt 4,32 tỷ USD, giảm 2,2% so với cùng kỳ năm trước."
2023Q1,registered_total_ytd,7.8,first,GSO Báo cáo tình hình KT-XH quý I năm 2023 [cut-off 30/3/2023],https://www.nso.gov.vn/du-lieu-va-so-lieu-thong-ke/2023/03/bao-cao-tinh-hinh-kinh-te-xa-hoi-quy-i-nam-2023/,"Tổng vốn đầu tư nước ngoài đăng ký vào Việt Nam tính đến ngày 30/3/2023 bao gồm vốn đăng ký cấp mới, vốn đăng ký điều chỉnh và giá trị góp vốn, mua cổ phần của nhà đầu tư nước ngoài đạt 7,8 tỷ USD, giảm 19,3% so với cùng kỳ năm trước."
2023Q1,registered_total_ytd,5.45,first,"ALTERNATIVE SOURCE (conflicts with GSO 7,8 to 30/3/2023): Báo Đầu tư ~27/03/2023 citing Cục Đầu tư nước ngoài (FIA) [cut-off 20/3/2023; stated as 'gần 5,45']",https://baodautu.vn/fdi-vao-viet-nam-tiep-tuc-xu-huong-giam-3-thang-chi-dat-545-ty-usd-d186328.html,"Số liệu vừa được Cục Đầu tư nước ngoài (Bộ Kế hoạch và Đầu tư) công bố, tính đến ngày 20/3/2023, tổng vốn đăng ký cấp mới, điều chỉnh và góp vốn mua cổ phần, mua phần vốn góp của nhà đầu tư nước ngoài đạt gần 5,45 tỷ USD, bằng 61,2% so với cùng kỳ."
2023Q2,disbursed_ytd,10.02,first,GSO Báo cáo tình hình KT-XH quý II và 6 tháng đầu năm 2023,https://www.nso.gov.vn/du-lieu-va-so-lieu-thong-ke/2023/06/bao-cao-tinh-hinh-kinh-te-xa-hoi-quy-ii-va-6-thang-dau-nam-2023/,"Vốn đầu tư trực tiếp nước ngoài thực hiện tại Việt Nam 6 tháng đầu năm 2023 ước đạt 10,02 tỷ USD, tăng 0,5% so với cùng kỳ năm trước."
2023Q2,registered_total_ytd,13.4,first,GSO Báo cáo tình hình KT-XH quý II và 6 tháng đầu năm 2023 [cut-off 20/6/2023],https://www.nso.gov.vn/du-lieu-va-so-lieu-thong-ke/2023/06/bao-cao-tinh-hinh-kinh-te-xa-hoi-quy-ii-va-6-thang-dau-nam-2023/,"Tổng vốn đầu tư nước ngoài đăng ký vào Việt Nam tính đến ngày 20/6/2023 bao gồm vốn đăng ký cấp mới, vốn đăng ký điều chỉnh và giá trị góp vốn, mua cổ phần của nhà đầu tư nước ngoài đạt 13,4 tỷ USD, giảm 4,3% so với cùng kỳ năm trước."
2023Q2,registered_new_ytd,6.49,first,"Thông tin Đối ngoại (ttdn.vn, Ban Tuyên giáo TW) ~29/06/2023, reporting GSO data [cut-off 20/6/2023]",https://ttdn.vn/hoi-nhap-va-phat-trien/kinh-te-dau-tu/tren-10-ty-usd-von-fdi-thuc-hien-tai-viet-nam-trong-6-thang-81259,"Tổng vốn đầu tư nước ngoài đăng ký vào Việt Nam tính đến ngày 20/6/2023 bao gồm vốn đăng ký cấp mới, vốn đăng ký điều chỉnh và giá trị góp vốn, mua cổ phần của nhà đầu tư nước ngoài đạt 13,43 tỷ USD, giảm 4,3% so với cùng kỳ năm trước, trong đó: 1.293 dự án được cấp phép mới với số vốn đăng ký đạt 6,49 tỷ USD, tăng 71,9% về số dự án và tăng 31,3% về số vốn đăng ký so với cùng kỳ năm trước; 632 lượt dự án (đã cấp phép từ các năm trước) đăng ký điều chỉnh vốn với số vốn đầu tư tăng thêm 2,93 tỷ USD, giảm 57,1%; 1.594 lượt dự án góp vốn, mua cổ phần của nhà đầu tư nước ngoài với tổng giá trị góp vốn 4,01 tỷ USD, tăng 76,8% (trong đó có 626 lượt góp vốn, mua cổ phần làm tăng vốn điều lệ của doanh nghiệp với giá trị góp vốn là 1,32 tỷ USD và 968 lượt nhà đầu tư nước ngoài mua lại cổ phần trong nước mà không làm tăng vốn điều lệ với giá trị 2,69 tỷ USD)."
2023Q3,disbursed_ytd,15.91,first,GSO Báo cáo tình hình KT-XH quý III và 9 tháng năm 2023,https://www.nso.gov.vn/du-lieu-va-so-lieu-thong-ke/2023/09/bao-cao-tinh-hinh-kinh-te-xa-hoi-quy-iii-va-9-thang-nam-2023/,"Vốn đầu tư trực tiếp nước ngoài thực hiện tại Việt Nam 9 tháng năm 2023 ước đạt 15,91 tỷ USD, tăng 2,2% so với cùng kỳ năm trước."
2023Q3,registered_total_ytd,20.21,first,GSO Báo cáo tình hình KT-XH quý III và 9 tháng năm 2023 [cut-off 20/9/2023],https://www.nso.gov.vn/du-lieu-va-so-lieu-thong-ke/2023/09/bao-cao-tinh-hinh-kinh-te-xa-hoi-quy-iii-va-9-thang-nam-2023/,"Tổng vốn đầu tư nước ngoài đăng ký vào Việt Nam tính đến ngày 20/9/2023 bao gồm: Vốn đăng ký cấp mới, vốn đăng ký điều chỉnh và giá trị góp vốn, mua cổ phần của nhà đầu tư nước ngoài đạt gần 20,21 tỷ USD, tăng 7,7% so với cùng kỳ năm trước."
2023Q3,registered_new_ytd,10.23,first,"Thông tin Đối ngoại (ttdn.vn, Ban Tuyên giáo TW) 29/09/2023, source stated: Tổng cục Thống kê [cut-off 20/9/2023]",https://ttdn.vn/hoi-nhap-va-phat-trien/kinh-te-dau-tu/tren-15-9-ty-usd-von-dau-tu-truc-tiep-nuoc-ngoai-thuc-hien-trong-9-thang-87456,"Trong đó, có 2.254 dự án được cấp phép với số vốn đăng ký đạt 10,23 tỷ USD, tăng 66,3% so với cùng kỳ năm trước về số dự án và tăng 43,6% về số vốn đăng ký; có 934 lượt dự án đã cấp phép từ các năm trước đăng ký điều chỉnh vốn đầu tư tăng thêm 5,15 tỷ USD, giảm 38,3% so với cùng kỳ năm trước; có 2.539 lượt với tổng giá trị góp vốn 4,83 tỷ USD, tăng 47%."
2023Q4,disbursed_ytd,23.18,first,GSO Báo cáo tình hình KT-XH quý IV và năm 2023,https://www.nso.gov.vn/bai-top/2023/12/bao-cao-tinh-hinh-kinh-te-xa-hoi-quy-iv-va-nam-2023/,"Vốn đầu tư trực tiếp nước ngoài thực hiện tại Việt Nam năm 2023 ước đạt 23,18 tỷ USD, tăng 3,5% so với năm trước."
2023Q4,registered_total_ytd,36.6,first,GSO Báo cáo tình hình KT-XH quý IV và năm 2023 [cut-off 20/12/2023],https://www.nso.gov.vn/bai-top/2023/12/bao-cao-tinh-hinh-kinh-te-xa-hoi-quy-iv-va-nam-2023/,"Tổng vốn đầu tư nước ngoài đăng ký vào Việt Nam tính đến ngày 20/12/2023 bao gồm: Vốn đăng ký cấp mới, vốn đăng ký điều chỉnh và giá trị góp vốn, mua cổ phần của nhà đầu tư nước ngoài đạt gần 36,6 tỷ USD, tăng 32,1% so với năm trước."
2023Q4,registered_new_ytd,20.19,first,GSO Tình hình thu hút đầu tư nước ngoài năm 2023 (Jan 2024) [data to 20/12/2023],https://www.nso.gov.vn/du-lieu-va-so-lieu-thong-ke/2024/01/tinh-hinh-thu-hut-dau-tu-nuoc-ngoai-nam-2023/,"Đầu tư mới: Có 3.188 dự án mới được cấp giấy chứng nhận đăng ký đầu tư (tăng 56,6% so với năm trước), tổng vốn đăng ký đạt gần 20,19 tỷ USD (tăng 62,2% so với năm trước)."
2024Q1,disbursed_ytd,4.63,first,GSO/NSO Báo cáo tình hình KT-XH quý I năm 2024,https://www.nso.gov.vn/du-lieu-va-so-lieu-thong-ke/2024/03/bao-cao-tinh-hinh-kinh-te-xa-hoi-quy-i-nam-2024/,"Vốn đầu tư trực tiếp nước ngoài thực hiện tại Việt Nam ba tháng đầu năm 2024 ước đạt 4,63 tỷ USD, tăng 7,1% so với cùng kỳ năm trước."
2024Q1,registered_total_ytd,6.17,first,GSO/NSO Báo cáo tình hình KT-XH quý I năm 2024 [cut-off 20/3/2024],https://www.nso.gov.vn/du-lieu-va-so-lieu-thong-ke/2024/03/bao-cao-tinh-hinh-kinh-te-xa-hoi-quy-i-nam-2024/,"Tổng vốn đầu tư nước ngoài đăng ký vào Việt Nam tính đến ngày 20/3/2024 bao gồm: Vốn đăng ký cấp mới, vốn đăng ký điều chỉnh và giá trị góp vốn, mua cổ phần của nhà đầu tư nước ngoài đạt gần 6,17 tỷ USD, tăng 13,4% so với cùng kỳ năm trước."
2024Q1,registered_new_ytd,4.77,first,"Xây dựng chính sách – Cổng TTĐT Chính phủ (xaydungchinhsach.chinhphu.vn), article on GSO Q1/2024 data [cut-off 20/3/2024]; quote taken from search-engine excerpt of the page",https://xaydungchinhsach.chinhphu.vn/kinh-te-khoi-sac-tao-da-cho-thuc-hien-muc-tieu-tang-truong-nam-2024-119240329100411536.htm,"Trong 3 tháng đầu năm nay so với cùng kỳ năm trước có 644 dự án được cấp phép, tăng 23,4%; với số vốn đăng ký đạt 4,77 tỷ USD, tăng 57,9%."
2024Q2,disbursed_ytd,10.84,first,GSO/NSO Báo cáo tình hình KT-XH quý II và 6 tháng đầu năm 2024,https://www.nso.gov.vn/du-lieu-va-so-lieu-thong-ke/2024/06/bao-cao-tinh-hinh-kinh-te-xa-hoi-quy-ii-va-sau-thang-dau-nam-2024/,"Vốn đầu tư trực tiếp nước ngoài thực hiện tại Việt Nam sáu tháng đầu năm 2024 ước đạt 10,84 tỷ USD, tăng 8,2% so với cùng kỳ năm trước."
2024Q2,registered_total_ytd,15.19,first,GSO/NSO Báo cáo tình hình KT-XH quý II và 6 tháng đầu năm 2024 [cut-off 20/6/2024],https://www.nso.gov.vn/du-lieu-va-so-lieu-thong-ke/2024/06/bao-cao-tinh-hinh-kinh-te-xa-hoi-quy-ii-va-sau-thang-dau-nam-2024/,"Tổng vốn đầu tư nước ngoài đăng ký vào Việt Nam tính đến ngày 20/6/2024 bao gồm: Vốn đăng ký cấp mới, vốn đăng ký điều chỉnh và giá trị góp vốn, mua cổ phần của nhà đầu tư nước ngoài đạt gần 15,19 tỷ USD, tăng 13,1% so với cùng kỳ năm trước."
2024Q2,registered_new_ytd,9.54,first,GSO Thông cáo báo chí tình hình KT-XH quý II và 6 tháng đầu năm 2024 [cut-off 20/6/2024],https://www.nso.gov.vn/du-lieu-va-so-lieu-thong-ke/2024/06/thong-cao-bao-chi-ve-tinh-hinh-kinh-te-xa-hoi-quy-ii-va-sau-thang-dau-nam-2024/,"Tổng vốn đầu tư nước ngoài đăng ký vào Việt Nam tính đến ngày 20/6/2024 bao gồm: Vốn đăng ký cấp mới, vốn đăng ký điều chỉnh và giá trị góp vốn, mua cổ phần của nhà đầu tư nước ngoài đạt gần 15,19 tỷ USD, tăng 13,1% so với cùng kỳ năm trước, trong đó: 1.538 dự án được cấp phép mới với số vốn đăng ký đạt 9,54 tỷ USD, tăng 18,9% về số dự án và tăng 46,9% về số vốn đăng ký so với cùng kỳ năm trước; 592 lượt dự án đã cấp phép từ các năm trước đăng ký điều chỉnh vốn đầu tư tăng thêm 3,95 tỷ USD, tăng 35% so với cùng kỳ năm trước; 1.420 lượt với tổng giá trị góp vốn 1,7 tỷ USD, giảm 57,7% so với cùng kỳ năm trước (trong đó, có 501 lượt góp vốn, mua cổ phần làm tăng vốn điều lệ của doanh nghiệp với giá trị góp vốn là 696,7 triệu USD và 919 lượt nhà đầu tư nước ngoài mua lại cổ phần trong nước mà không làm tăng vốn điều lệ với giá trị 1 tỷ USD)."
2024Q3,disbursed_ytd,17.34,first,GSO/NSO Báo cáo tình hình KT-XH quý III và 9 tháng năm 2024,https://www.nso.gov.vn/bai-top/2024/10/bao-cao-tinh-hinh-kinh-te-xa-hoi-quy-iii-va-9-thang-nam-2024/,"Vốn đầu tư trực tiếp nước ngoài thực hiện tại Việt Nam chín tháng năm 2024 ước đạt 17,34 tỷ USD, tăng 8,9% so với cùng kỳ năm trước."
2024Q3,registered_total_ytd,24.78,first,GSO/NSO Báo cáo tình hình KT-XH quý III và 9 tháng năm 2024,https://www.nso.gov.vn/bai-top/2024/10/bao-cao-tinh-hinh-kinh-te-xa-hoi-quy-iii-va-9-thang-nam-2024/,"Tổng vốn đầu tư nước ngoài đăng ký vào Việt Nam tính đến ngày 30/9/2024 bao gồm: Vốn đăng ký cấp mới, vốn đăng ký điều chỉnh và giá trị góp vốn, mua cổ phần của nhà đầu tư nước ngoài đạt 24,78 tỷ USD, tăng 11,6% so với cùng kỳ năm trước."
2024Q3,registered_new_ytd,13.55,first,"GSO Thông cáo báo chí tình hình KT-XH quý III và 9 tháng năm 2024 [data to 30/9/2024; stated as 'gần 13,55']",https://www.nso.gov.vn/du-lieu-va-so-lieu-thong-ke/2024/10/thong-cao-bao-chi-tinh-hinh-kinh-te-xa-hoi-quy-iii-va-9-thang-nam-2024/,"Trong đó: vốn đăng ký cấp mới có 2.492 dự án được cấp phép với số vốn đăng ký đạt gần 13,55 tỷ USD, giảm 4,3% so với cùng kỳ năm trước về số dự án và tăng 11,3% về số vốn đăng ký; có 1.027 lượt dự án đã cấp phép từ các năm trước đăng ký điều chỉnh vốn đầu tư tăng thêm 7,64 tỷ USD, tăng 48,1% so với cùng kỳ năm trước; có 2.471 lượt đăng ký góp vốn, mua cổ phần của nhà đầu tư nước ngoài với tổng giá trị góp vốn 3,59 tỷ USD, giảm 26,2% so với cùng kỳ năm trước (trong đó, có 932 lượt góp vốn, mua cổ phần làm tăng vốn điều lệ của doanh nghiệp với giá trị góp vốn là 1,86 tỷ USD; 1.539 lượt nhà đầu tư nước ngoài mua lại cổ phần trong nước mà không làm tăng vốn điều lệ với giá trị 1,73 tỷ USD)."
2024Q4,disbursed_ytd,25.35,first,GSO/NSO Báo cáo tình hình KT-XH quý IV và năm 2024,https://www.nso.gov.vn/bai-top/2025/01/bao-cao-tinh-hinh-kinh-te-xa-hoi-quy-iv-va-nam-2024/,"Vốn đầu tư trực tiếp nước ngoài thực hiện tại Việt Nam năm 2024 ước đạt 25,35 tỷ USD, tăng 9,4% so với năm trước."
2024Q4,registered_total_ytd,38.23,first,GSO/NSO Báo cáo tình hình KT-XH quý IV và năm 2024,https://www.nso.gov.vn/bai-top/2025/01/bao-cao-tinh-hinh-kinh-te-xa-hoi-quy-iv-va-nam-2024/,"Tổng vốn đầu tư nước ngoài đăng ký vào Việt Nam tính đến ngày 31/12/2024 bao gồm: Vốn đăng ký cấp mới, vốn đăng ký điều chỉnh và giá trị góp vốn, mua cổ phần của nhà đầu tư nước ngoài đạt 38,23 tỷ USD, giảm 3,0% so với cùng kỳ năm trước."
2024Q4,registered_new_ytd,19.73,first,"Mekong ASEAN (press) 06/01/2025, citing GSO press conference on Q4/2024 data [data to 31/12/2024]",https://mekongasean.vn/von-fdi-thuc-hien-nam-2024-lap-ky-luc-dat-2535-ty-usd-37247.html,"Cụ thể, có 3.375 dự án được cấp giấy chứng nhận đăng ký mới với số vốn đạt 19,73 tỷ USD, tăng 1,8% so với cùng kỳ năm trước về số dự án và giảm 7,6% về số vốn đăng ký."
2025Q1,disbursed_ytd,4.96,first,GSO/NSO Báo cáo tình hình KT-XH quý I năm 2025,https://www.nso.gov.vn/du-lieu-va-so-lieu-thong-ke/2025/04/bao-cao-tinh-hinh-kinh-te-xa-hoi-quy-i-nam-2025/,"Vốn đầu tư nước ngoài thực hiện tại Việt Nam ba tháng đầu năm 2025 ước đạt 4,96 tỷ USD, tăng 7,2% so với cùng kỳ năm trước."
2025Q1,registered_total_ytd,10.98,first,GSO/NSO Báo cáo tình hình KT-XH quý I năm 2025,https://www.nso.gov.vn/du-lieu-va-so-lieu-thong-ke/2025/04/bao-cao-tinh-hinh-kinh-te-xa-hoi-quy-i-nam-2025/,"Tổng vốn đầu tư nước ngoài đăng ký vào Việt Nam tính đến ngày 31/3/2025 đạt 10,98 tỷ USD, tăng 34,7% so với cùng kỳ năm trước."
2025Q1,registered_new_ytd,4.33,first,GSO/NSO Thông cáo báo chí tình hình KT-XH quý I năm 2025 [data to 31/3/2025],https://www.nso.gov.vn/du-lieu-va-so-lieu-thong-ke/2025/04/thong-cao-bao-chi-tinh-hinh-kinh-te-xa-hoi-quy-i-nam-2025/,"Bao gồm: Vốn đăng ký cấp mới có 850 dự án được cấp phép với số vốn đăng ký đạt 4,33 tỷ USD, tăng 11,5% về số dự án và giảm 31,5% về số vốn đăng ký so với cùng kỳ năm trước."
2025Q2,disbursed_ytd,11.72,first,GSO/NSO Báo cáo tình hình KT-XH quý II và 6 tháng đầu năm 2025,https://www.nso.gov.vn/bai-top/2025/07/bao-cao-tinh-hinh-kinh-te-xa-hoi-quy-ii-va-6-thang-dau-nam-2025/,"Vốn đầu tư trực tiếp nước ngoài thực hiện tại Việt Nam sáu tháng đầu năm 2025 ước đạt 11,72 tỷ USD, tăng 8,1% so với cùng kỳ năm trước."
2025Q2,registered_total_ytd,21.52,first,GSO/NSO Báo cáo tình hình KT-XH quý II và 6 tháng đầu năm 2025,https://www.nso.gov.vn/bai-top/2025/07/bao-cao-tinh-hinh-kinh-te-xa-hoi-quy-ii-va-6-thang-dau-nam-2025/,"Tổng vốn đầu tư nước ngoài đăng ký vào Việt Nam tính đến ngày 30/6/2025 bao gồm: Vốn đăng ký cấp mới, vốn đăng ký điều chỉnh và giá trị góp vốn, mua cổ phần của nhà đầu tư nước ngoài đạt 21,52 tỷ USD, tăng 32,6% so với cùng kỳ năm trước."
2025Q2,registered_new_ytd,9.29,first,GSO/NSO Thông cáo báo chí tình hình KT-XH quý II và 6 tháng đầu năm 2025 [data to 30/6/2025],https://www.nso.gov.vn/du-lieu-va-so-lieu-thong-ke/2025/07/thong-cao-bao-chi-ve-tinh-hinh-kinh-te-xa-hoi-quy-ii-va-sau-thang-dau-nam-2025/,"Trong đó: 1.988 dự án được cấp phép mới với số vốn đăng ký đạt 9,29 tỷ USD, tăng 21,7% so với cùng kỳ năm trước về số dự án và giảm 9,6% về số vốn đăng ký; có 826 lượt dự án đã cấp phép từ các năm trước đăng ký điều chỉnh vốn đầu tư tăng thêm 8,95 tỷ USD, gấp 2,2 lần so với cùng kỳ năm trước; Vốn đăng ký góp vốn, mua cổ phần của nhà đầu tư nước ngoài có 1.708 lượt với tổng giá trị góp vốn 3,28 tỷ USD, tăng 73,6% so với cùng kỳ năm trước."
2025Q3,disbursed_ytd,18.80,first,GSO/NSO Báo cáo tình hình KT-XH quý III và 9 tháng năm 2025,https://www.nso.gov.vn/bai-top/2025/10/bao-cao-tinh-hinh-kinh-te-xa-hoi-quy-iii-va-9-thang-nam-2025/,"Vốn đầu tư trực tiếp nước ngoài thực hiện tại Việt Nam chín tháng năm 2025 ước đạt 18,80 tỷ USD, tăng 8,5% so với cùng kỳ năm trước."
2025Q3,registered_total_ytd,28.54,first,GSO/NSO Báo cáo tình hình KT-XH quý III và 9 tháng năm 2025,https://www.nso.gov.vn/bai-top/2025/10/bao-cao-tinh-hinh-kinh-te-xa-hoi-quy-iii-va-9-thang-nam-2025/,"Tổng vốn đầu tư nước ngoài đăng ký vào Việt Nam tính đến ngày 30/9/2025 bao gồm: Vốn đăng ký cấp mới, vốn đăng ký điều chỉnh và giá trị góp vốn, mua cổ phần của nhà đầu tư nước ngoài đạt 28,54 tỷ USD, tăng 15,2% so với cùng kỳ năm trước."
2025Q3,registered_new_ytd,12.39,first,GSO/NSO Thông cáo báo chí tình hình KT-XH quý III và 9 tháng năm 2025 [data to 30/9/2025],https://www.nso.gov.vn/du-lieu-va-so-lieu-thong-ke/2025/10/thong-cao-bao-chi-tinh-hinh-kinh-te-xa-hoi-quy-iii-va-9-thang-nam-2025/,"Trong đó: 2.926 dự án được cấp phép cấp mới với số vốn đăng ký đạt 12,39 tỷ USD, tăng 17,4% so với cùng kỳ năm trước về số dự án và giảm 8,6% về số vốn đăng ký; có 1.092 lượt dự án đã cấp phép từ các năm trước đăng ký điều chỉnh vốn đầu tư tăng thêm 11,32 tỷ USD, tăng 48,0% so với cùng kỳ năm trước; Vốn đăng ký góp vốn, mua cổ phần của nhà đầu tư nước ngoài có 2.527 lượt với tổng giá trị góp vốn 4,84 tỷ USD, tăng 35,0% so với cùng kỳ năm trước."
2025Q4,disbursed_ytd,27.62,first,GSO/NSO Báo cáo tình hình KT-XH quý IV và năm 2025,https://www.nso.gov.vn/du-lieu-va-so-lieu-thong-ke/2026/01/bao-cao-tinh-hinh-kinh-te-xa-hoi-quy-iv-va-nam-2025/,"Vốn đầu tư trực tiếp nước ngoài thực hiện tại Việt Nam năm 2025 ước đạt 27,62 tỷ USD, tăng 9,0% so với năm trước."
2025Q4,registered_total_ytd,38.42,first,GSO/NSO Báo cáo tình hình KT-XH quý IV và năm 2025,https://www.nso.gov.vn/du-lieu-va-so-lieu-thong-ke/2026/01/bao-cao-tinh-hinh-kinh-te-xa-hoi-quy-iv-va-nam-2025/,"Tổng vốn đầu tư nước ngoài đăng ký vào Việt Nam tính đến ngày 31/12/2025 bao gồm: Vốn đăng ký cấp mới, vốn đăng ký điều chỉnh và giá trị góp vốn, mua cổ phần của nhà đầu tư nước ngoài đạt 38,42 tỷ USD, tăng 0,5% so với năm trước."
2025Q4,registered_new_ytd,17.32,first,GSO/NSO Thông cáo báo chí tình hình KT-XH quý IV và năm 2025 [data to 31/12/2025],https://www.nso.gov.vn/tin-tuc-thong-ke/2026/01/thong-cao-bao-chi-tinh-hinh-kinh-te-xa-hoi-quy-iv-va-nam-2025/,"Trong đó: 4.054 dự án được cấp phép với số vốn đăng ký đạt 17,32 tỷ USD, tăng 20,1% so với năm trước về số dự án và giảm 12,2% về số vốn đăng ký; có 1.404 lượt dự án đã cấp phép từ các năm trước đăng ký điều chỉnh vốn đầu tư tăng thêm 14,07 tỷ USD, tăng 0,8% so với năm trước; Vốn đăng ký góp vốn, mua cổ phần của nhà đầu tư nước ngoài có 3.587 lượt với tổng giá trị góp vốn 7,03 tỷ USD, tăng 54,8% so với năm trước."
2026Q1,disbursed_ytd,5.41,first,GSO/NSO Báo cáo tình hình KT-XH quý I năm 2026,https://www.nso.gov.vn/bai-top/2026/04/bao-cao-tinh-hinh-kinh-te-xa-hoi-quy-i-nam-2026/,"Vốn đầu tư trực tiếp nước ngoài thực hiện tại Việt Nam quý I/2026 ước đạt 5,41 tỷ USD, tăng 9,1% so với cùng kỳ năm trước."
2026Q1,registered_total_ytd,15.20,first,GSO/NSO Báo cáo tình hình KT-XH quý I năm 2026,https://www.nso.gov.vn/bai-top/2026/04/bao-cao-tinh-hinh-kinh-te-xa-hoi-quy-i-nam-2026/,"Tổng vốn đầu tư nước ngoài đăng ký vào Việt Nam tính đến ngày 31/3/2026 bao gồm: Vốn đăng ký cấp mới, vốn đăng ký điều chỉnh và giá trị góp vốn, mua cổ phần của nhà đầu tư nước ngoài đạt 15,20 tỷ USD, tăng 42,90% so với cùng kỳ năm trước."
2026Q1,registered_new_ytd,10.23,first,GSO/NSO Thông cáo báo chí tình hình KT-XH quý I năm 2026 [data to 31/3/2026],https://www.nso.gov.vn/du-lieu-va-so-lieu-thong-ke/2026/04/thong-cao-bao-chi-tinh-hinh-kinh-te-xa-hoi-quy-i-nam-2026/,"Trong đó: Vốn đăng ký cấp mới có 904 dự án được cấp phép với số vốn đăng ký đạt 10,23 tỷ USD, tăng 6,4% so với cùng kỳ năm trước về số dự án và gấp 2,4 lần về số vốn đăng ký."
2026Q2,disbursed_ytd,13.03,first,GSO/NSO Báo cáo tình hình KT-XH quý II và 6 tháng 2026,https://www.nso.gov.vn/bai-top/2026/07/bao-cao-tinh-hinh-kinh-te-xa-hoi-quy-ii-va-sau-thang-dau-nam-2026/,"Vốn đầu tư trực tiếp nước ngoài thực hiện tại Việt Nam sáu tháng đầu năm 2026 ước đạt 13,03 tỷ USD, tăng 11,2% so với cùng kỳ năm trước."
2026Q2,registered_total_ytd,34.65,first,GSO/NSO Báo cáo tình hình KT-XH quý II và 6 tháng 2026,https://www.nso.gov.vn/bai-top/2026/07/bao-cao-tinh-hinh-kinh-te-xa-hoi-quy-ii-va-sau-thang-dau-nam-2026/,"Tổng vốn đầu tư nước ngoài đăng ký vào Việt Nam tính đến ngày 30/6/2026 bao gồm: Vốn đăng ký cấp mới, vốn đăng ký điều chỉnh và giá trị góp vốn, mua cổ phần của nhà đầu tư nước ngoài đạt 34,65 tỷ USD, tăng 61,0% so với cùng kỳ năm trước."
2026Q2,registered_new_ytd,17.39,first,GSO/NSO Thông cáo báo chí tình hình KT-XH quý II và 6 tháng đầu năm 2026 [data to 30/6/2026],https://www.nso.gov.vn/du-lieu-va-so-lieu-thong-ke/2026/07/thong-cao-bao-chi-ve-tinh-hinh-kinh-te-xa-hoi-quy-ii-va-sau-thang-dau-nam-2026/,"Trong đó: 2.013 dự án được cấp phép mới với số vốn đăng ký đạt 17,39 tỷ USD, tăng 1,3% so với cùng kỳ năm trước về số dự án và tăng 87,2% về số vốn đăng ký; có 541 lượt dự án đã cấp phép từ các năm trước đăng ký điều chỉnh vốn đầu tư tăng thêm 11,04 tỷ USD, tăng 23,5% so với cùng kỳ năm trước; Vốn đăng ký góp vốn, mua cổ phần của nhà đầu tư nước ngoài có lượt với tổng giá trị góp vốn 6,22 tỷ USD, tăng 89,5% so với cùng kỳ năm trước."
