pattern,iso3,note
United States Virgin Islands,VIR,
British Virgin Islands,VGB,
British West Indies,XBWI,no ISO code; British Caribbean territories not listed separately
Channel Islands,XCHI,no ISO code; Jersey and Guernsey together
British Isles,GBR,"2025 label 'Vương quốc Liên hiệp Anh và Bắc Ireland'; summed with United Kingdom"
United Kingdom,GBR,
United States,USA,
United Arab Emirates|United Arad Emirates,ARE,
Saint Kitts|Island of Nevis,KNA,'Đảo Nêvít - Island of Nevis' (2025) mapped to St Kitts and Nevis
Saint Vincent|St Vincent,VCT,
Afghanistan,AFG,
Angola,AGO,
Anguilla,AIA,
Argentina,ARG,
Armenia,ARM,
Australia,AUS,
Austria,AUT,
Bahama,BHS,
Bahrain,BHR,
Bangladesh,BGD,
Barados|Barbados,BRB,
Belarus,BLR,
Belgium,BEL,
Belize,BLZ,
Bermuda,BMU,
Brunei,BRN,
Bulgaria,BGR,
Cambodia,KHM,
Cameroon,CMR,
Canada,CAN,
Cayman,CYM,
China,CHN,matched after Hong Kong/Macao/Taiwan
Congo,COG,"label 'Công-gô - Congo'; assumed Republic of the Congo"
Cook Islands,COK,
Costa Rica,CRI,
Cote d'Ivoire|Ivory Coast,CIV,
Cuba,CUB,
Cyprus,CYP,
Czech,CZE,
Denmark,DNK,
Egypt,EGY,
Salvador,SLV,
Estonia,EST,
Germany,DEU,
Russian,RUS,
Finland,FIN,
France,FRA,
Georgia,GEO,
Ghana,GHA,
Greece,GRC,
Guatemala,GTM,
Hong Kong|Hong kong,HKG,
Hungary,HUN,
Iceland,ISL,
India,IND,
Indonesia,IDN,
Iran,IRN,
Ireland,IRL,
Israel,ISR,
Italy,ITA,
Japan,JPN,
Jordan,JOR,
Kazakhstan,KAZ,
Korea,KOR,
Kuwait,KWT,
Kyrgyz,KGZ,
Lao|Laos,LAO,
Latvia,LVA,
Lithuania,LTU,
Luxembourg,LUX,
Macao|Macau,MAC,
Malaysia,MYS,
Mali,MLI,
Marshall,MHL,
Mauritius,MUS,
Moldova,MDA,
Nepal,NPL,
Netherlands,NLD,
New Zealand,NZL,
Nigeria,NGA,
Norway,NOR,
Oman,OMN,
Pakistan,PAK,
Panama,PAN,
Philippines,PHL,
Poland,POL,
Portugal,PRT,
Qatar,QAT,
Samoa,WSM,
Saudi Arabia,SAU,
Seychelles,SYC,
Singapore,SGP,
Slovakia,SVK,
Slovenia,SVN,
South Africa,ZAF,
Spain,ESP,
Sri Lanka|Srilanka,LKA,
Sweden,SWE,
Switzerland,CHE,
Syria,SYR,
Taiwan,TWN,
Thailand,THA,
Turkey|Türkiye,TUR,
Ukrain,UKR,
Vanuatu,VUT,
Venezuela,VEN,
Yemen,YEM,
