year,label,projects,capital_usd_m,extra_cols,row_text
2016,TỔNG SỐ - TOTAL,2613,26890.5,,"Niên giám Thống kê 2016, Biểu 106, tr. 245; trang ảnh/phông không mã Unicode: OCR (tesseract 5.3.4) rồi đối chiếu từng dòng với ảnh trang"
2016,Hàn Quốc - Korea Rep. of,849,7965.2,,"Niên giám Thống kê 2016, Biểu 106, tr. 245; trang ảnh/phông không mã Unicode: OCR (tesseract 5.3.4) rồi đối chiếu từng dòng với ảnh trang"
2016,Nhật Bản - Japan,351,3035.9,,"Niên giám Thống kê 2016, Biểu 106, tr. 245; trang ảnh/phông không mã Unicode: OCR (tesseract 5.3.4) rồi đối chiếu từng dòng với ảnh trang"
2016,Xin-ga-po - Singapore,213,2414.7,,"Niên giám Thống kê 2016, Biểu 106, tr. 245; trang ảnh/phông không mã Unicode: OCR (tesseract 5.3.4) rồi đối chiếu từng dòng với ảnh trang"
2016,Đài Loan - Taiwan,125,2194.4,,"Niên giám Thống kê 2016, Biểu 106, tr. 245; trang ảnh/phông không mã Unicode: OCR (tesseract 5.3.4) rồi đối chiếu từng dòng với ảnh trang"
2016,"CHND Trung Hoa - China, PR",283,2136.7,,"Niên giám Thống kê 2016, Biểu 106, tr. 245; trang ảnh/phông không mã Unicode: OCR (tesseract 5.3.4) rồi đối chiếu từng dòng với ảnh trang"
2016,Đặc khu hành chính Hồng Công (TQ) - Hong Kong SAR (China),168,1680.9,,"Niên giám Thống kê 2016, Biểu 106, tr. 245; trang ảnh/phông không mã Unicode: OCR (tesseract 5.3.4) rồi đối chiếu từng dòng với ảnh trang"
2016,Ma-lai-xi-a - Malaysia,41,939.6,,"Niên giám Thống kê 2016, Biểu 106, tr. 245; trang ảnh/phông không mã Unicode: OCR (tesseract 5.3.4) rồi đối chiếu từng dòng với ảnh trang"
2016,Quần đảo Virgin thuộc Anh - British Virgin Islands,50,874.5,,"Niên giám Thống kê 2016, Biểu 106, tr. 245; trang ảnh/phông không mã Unicode: OCR (tesseract 5.3.4) rồi đối chiếu từng dòng với ảnh trang"
2016,Thái Lan - Thailand,35,732.0,,"Niên giám Thống kê 2016, Biểu 106, tr. 245; trang ảnh/phông không mã Unicode: OCR (tesseract 5.3.4) rồi đối chiếu từng dòng với ảnh trang"
2016,Quần đảo Cay men - Cayman Islands,8,645.6,,"Niên giám Thống kê 2016, Biểu 106, tr. 245; trang ảnh/phông không mã Unicode: OCR (tesseract 5.3.4) rồi đối chiếu từng dòng với ảnh trang"
2016,Xa-moa - Samoa,26,535.5,,"Niên giám Thống kê 2016, Biểu 106, tr. 245; trang ảnh/phông không mã Unicode: OCR (tesseract 5.3.4) rồi đối chiếu từng dòng với ảnh trang"
2016,Ôx-trây-li-a - Australia,45,466.8,,"Niên giám Thống kê 2016, Biểu 106, tr. 245; trang ảnh/phông không mã Unicode: OCR (tesseract 5.3.4) rồi đối chiếu từng dòng với ảnh trang"
2016,Hoa Kỳ - United States,65,430.4,,"Niên giám Thống kê 2016, Biểu 106, tr. 245; trang ảnh/phông không mã Unicode: OCR (tesseract 5.3.4) rồi đối chiếu từng dòng với ảnh trang"
2016,Bru-nây - Brunei,18,354.8,,"Niên giám Thống kê 2016, Biểu 106, tr. 245; trang ảnh/phông không mã Unicode: OCR (tesseract 5.3.4) rồi đối chiếu từng dòng với ảnh trang"
2016,Lúc-xăm-bua - Luxembourg,,311.8,,"Niên giám Thống kê 2016, Biểu 106, tr. 245; trang ảnh/phông không mã Unicode: OCR (tesseract 5.3.4) rồi đối chiếu từng dòng với ảnh trang"
2016,CH Xây-sen - Seychelles,38,287.8,,"Niên giám Thống kê 2016, Biểu 106, tr. 245; trang ảnh/phông không mã Unicode: OCR (tesseract 5.3.4) rồi đối chiếu từng dòng với ảnh trang"
2016,Đan Mạch - Denmark,8,238.0,,"Niên giám Thống kê 2016, Biểu 106, tr. 245; trang ảnh/phông không mã Unicode: OCR (tesseract 5.3.4) rồi đối chiếu từng dòng với ảnh trang"
2016,Vương quốc Anh - United Kingdom,48,230.5,,"Niên giám Thống kê 2016, Biểu 106, tr. 245; trang ảnh/phông không mã Unicode: OCR (tesseract 5.3.4) rồi đối chiếu từng dòng với ảnh trang"
2016,Pháp - France,41,205.3,,"Niên giám Thống kê 2016, Biểu 106, tr. 245; trang ảnh/phông không mã Unicode: OCR (tesseract 5.3.4) rồi đối chiếu từng dòng với ảnh trang"
2016,Ấn Độ - India,19,104.9,,"Niên giám Thống kê 2016, Biểu 106, tr. 245; trang ảnh/phông không mã Unicode: OCR (tesseract 5.3.4) rồi đối chiếu từng dòng với ảnh trang"
2016,Hà Lan - Netherlands,16,92.1,,"Niên giám Thống kê 2016, Biểu 106, tr. 245; trang ảnh/phông không mã Unicode: OCR (tesseract 5.3.4) rồi đối chiếu từng dòng với ảnh trang"
2016,CHLB Đức - F.R Germany,21,80.2,,"Niên giám Thống kê 2016, Biểu 106, tr. 245; trang ảnh/phông không mã Unicode: OCR (tesseract 5.3.4) rồi đối chiếu từng dòng với ảnh trang"
2016,Ca-na-đa - Canada,16,76.4,,"Niên giám Thống kê 2016, Biểu 106, tr. 245; trang ảnh/phông không mã Unicode: OCR (tesseract 5.3.4) rồi đối chiếu từng dòng với ảnh trang"
2016,Tây Ban Nha - Spain,7,64.7,,"Niên giám Thống kê 2016, Biểu 106, tr. 245; trang ảnh/phông không mã Unicode: OCR (tesseract 5.3.4) rồi đối chiếu từng dòng với ảnh trang"
2016,Tây Ấn thuộc Anh - British West Indies,4,63.2,,"Niên giám Thống kê 2016, Biểu 106, tr. 245; trang ảnh/phông không mã Unicode: OCR (tesseract 5.3.4) rồi đối chiếu từng dòng với ảnh trang"
2016,Liên bang Nga - Fed. Russian,15,58.2,,"Niên giám Thống kê 2016, Biểu 106, tr. 245; trang ảnh/phông không mã Unicode: OCR (tesseract 5.3.4) rồi đối chiếu từng dòng với ảnh trang"
2016,Thụy Sỹ - Switzerland,8,55.6,,"Niên giám Thống kê 2016, Biểu 106, tr. 245; trang ảnh/phông không mã Unicode: OCR (tesseract 5.3.4) rồi đối chiếu từng dòng với ảnh trang"
2016,Phi-li-pin - Philippines,2,54.9,,"Niên giám Thống kê 2016, Biểu 106, tr. 245; trang ảnh/phông không mã Unicode: OCR (tesseract 5.3.4) rồi đối chiếu từng dòng với ảnh trang"
2016,Bơ-mu-đa - Bermuda,1,50.5,,"Niên giám Thống kê 2016, Biểu 106, tr. 246; trang ảnh/phông không mã Unicode: OCR (tesseract 5.3.4) rồi đối chiếu từng dòng với ảnh trang"
2016,Đặc khu HC Ma-cao (TQ) - Macao SAR (China),2,42.7,,"Niên giám Thống kê 2016, Biểu 106, tr. 246; trang ảnh/phông không mã Unicode: OCR (tesseract 5.3.4) rồi đối chiếu từng dòng với ảnh trang"
2016,Quốc đảo Marshall - Marshall Islands,2,41.5,,"Niên giám Thống kê 2016, Biểu 106, tr. 246; trang ảnh/phông không mã Unicode: OCR (tesseract 5.3.4) rồi đối chiếu từng dòng với ảnh trang"
2016,I-ta-li-a - Italy,11,40.8,,"Niên giám Thống kê 2016, Biểu 106, tr. 246; trang ảnh/phông không mã Unicode: OCR (tesseract 5.3.4) rồi đối chiếu từng dòng với ảnh trang"
2016,Áo - Austria,4,34.6,,"Niên giám Thống kê 2016, Biểu 106, tr. 246; trang ảnh/phông không mã Unicode: OCR (tesseract 5.3.4) rồi đối chiếu từng dòng với ảnh trang"
2016,U-crai-na - Ukraina,2,29.2,,"Niên giám Thống kê 2016, Biểu 106, tr. 246; trang ảnh/phông không mã Unicode: OCR (tesseract 5.3.4) rồi đối chiếu từng dòng với ảnh trang"
2016,In-đô-nê-xi-a - Indonesia,8,26.9,,"Niên giám Thống kê 2016, Biểu 106, tr. 246; trang ảnh/phông không mã Unicode: OCR (tesseract 5.3.4) rồi đối chiếu từng dòng với ảnh trang"
2016,Ba Lan - Poland,3,26.7,,"Niên giám Thống kê 2016, Biểu 106, tr. 246; trang ảnh/phông không mã Unicode: OCR (tesseract 5.3.4) rồi đối chiếu từng dòng với ảnh trang"
2016,Bê-li-xê - Belize,2,26.5,,"Niên giám Thống kê 2016, Biểu 106, tr. 246; trang ảnh/phông không mã Unicode: OCR (tesseract 5.3.4) rồi đối chiếu từng dòng với ảnh trang"
2016,Pa-ki-xtan - Pakistan,1,22.0,,"Niên giám Thống kê 2016, Biểu 106, tr. 246; trang ảnh/phông không mã Unicode: OCR (tesseract 5.3.4) rồi đối chiếu từng dòng với ảnh trang"
2016,Ka-dắc-xtan - Kazakhstan,,21.2,,"Niên giám Thống kê 2016, Biểu 106, tr. 246; trang ảnh/phông không mã Unicode: OCR (tesseract 5.3.4) rồi đối chiếu từng dòng với ảnh trang"
2016,Niu-di-lân - New Zealand,1,18.6,,"Niên giám Thống kê 2016, Biểu 106, tr. 246; trang ảnh/phông không mã Unicode: OCR (tesseract 5.3.4) rồi đối chiếu từng dòng với ảnh trang"
2016,Bê-la-rút - Belarus,1,16.3,,"Niên giám Thống kê 2016, Biểu 106, tr. 246; trang ảnh/phông không mã Unicode: OCR (tesseract 5.3.4) rồi đối chiếu từng dòng với ảnh trang"
2016,Cam-pu-chia - Cambodia,5,15.5,,"Niên giám Thống kê 2016, Biểu 106, tr. 246; trang ảnh/phông không mã Unicode: OCR (tesseract 5.3.4) rồi đối chiếu từng dòng với ảnh trang"
2016,Ma-ri-ti-us - Mauritius,1,15.5,,"Niên giám Thống kê 2016, Biểu 106, tr. 246; trang ảnh/phông không mã Unicode: OCR (tesseract 5.3.4) rồi đối chiếu từng dòng với ảnh trang"
2016,Lào - Lao PDR,1,14.3,,"Niên giám Thống kê 2016, Biểu 106, tr. 246; trang ảnh/phông không mã Unicode: OCR (tesseract 5.3.4) rồi đối chiếu từng dòng với ảnh trang"
2016,Ai-len - Ireland,,12.5,,"Niên giám Thống kê 2016, Biểu 106, tr. 246; trang ảnh/phông không mã Unicode: OCR (tesseract 5.3.4) rồi đối chiếu từng dòng với ảnh trang"
2016,Ăng-go-la - Angola,1,11.7,,"Niên giám Thống kê 2016, Biểu 106, tr. 246; trang ảnh/phông không mã Unicode: OCR (tesseract 5.3.4) rồi đối chiếu từng dòng với ảnh trang"
2016,Pa-na-ma - Panama,1,11.0,,"Niên giám Thống kê 2016, Biểu 106, tr. 246; trang ảnh/phông không mã Unicode: OCR (tesseract 5.3.4) rồi đối chiếu từng dòng với ảnh trang"
2016,Đảo An-gui-la - Anguilla,,10.1,,"Niên giám Thống kê 2016, Biểu 106, tr. 246; trang ảnh/phông không mã Unicode: OCR (tesseract 5.3.4) rồi đối chiếu từng dòng với ảnh trang"
2016,Cộng hòa En Xan-va-đo - El Salvador,1,10.0,,"Niên giám Thống kê 2016, Biểu 106, tr. 246; trang ảnh/phông không mã Unicode: OCR (tesseract 5.3.4) rồi đối chiếu từng dòng với ảnh trang"
2016,Bỉ - Belgium,7,9.2,,"Niên giám Thống kê 2016, Biểu 106, tr. 246; trang ảnh/phông không mã Unicode: OCR (tesseract 5.3.4) rồi đối chiếu từng dòng với ảnh trang"
2016,Xri Lan-ca - Sri Lanka,1,7.5,,"Niên giám Thống kê 2016, Biểu 106, tr. 246; trang ảnh/phông không mã Unicode: OCR (tesseract 5.3.4) rồi đối chiếu từng dòng với ảnh trang"
2016,Cộng hòa Séc - Czech Republic,,7.2,,"Niên giám Thống kê 2016, Biểu 106, tr. 246; trang ảnh/phông không mã Unicode: OCR (tesseract 5.3.4) rồi đối chiếu từng dòng với ảnh trang"
2016,Thổ Nhĩ Kỳ - Turkey,2,5.8,,"Niên giám Thống kê 2016, Biểu 106, tr. 246; trang ảnh/phông không mã Unicode: OCR (tesseract 5.3.4) rồi đối chiếu từng dòng với ảnh trang"
2016,Bồ Đào Nha - Portugal,,4.0,,"Niên giám Thống kê 2016, Biểu 106, tr. 246; trang ảnh/phông không mã Unicode: OCR (tesseract 5.3.4) rồi đối chiếu từng dòng với ảnh trang"
2016,Hung-ga-ry - Hungary,,3.6,,"Niên giám Thống kê 2016, Biểu 106, tr. 246; trang ảnh/phông không mã Unicode: OCR (tesseract 5.3.4) rồi đối chiếu từng dòng với ảnh trang"
2016,Na Uy - Norway,1,1.2,,"Niên giám Thống kê 2016, Biểu 106, tr. 246; trang ảnh/phông không mã Unicode: OCR (tesseract 5.3.4) rồi đối chiếu từng dòng với ảnh trang"
