cmdCode,aggrLevel,primaryValue,isAggregate
3602,4,11810988.0,True
3603,4,816004.0,True
3604,4,345423226.0,True
3605,4,1853623.0,True
3606,4,7373081.0,True
3701,4,4483591.0,True
3702,4,10746344.0,True
3703,4,199288.0,True
3704,4,11782400.0,True
3705,4,193493.0,True
3707,4,11693995.0,True
3801,4,54733901.0,True
3802,4,20188479.0,True
3803,4,5254.0,True
3804,4,542317.0,True
3805,4,124635.0,True
3806,4,22939269.0,True
3807,4,3451.0,True
3808,4,272403767.0,True
3809,4,5420585.0,True
3810,4,4007877.0,True
3811,4,9313664.0,True
3812,4,35392779.0,True
3813,4,867887.0,True
3814,4,1805119.0,True
3815,4,103541462.0,True
3816,4,783750.0,True
3817,4,458262.0,True
3818,4,112884536.0,True
3819,4,14484.0,True
3820,4,304596.0,True
3821,4,120308.0,True
3822,4,160395757.0,True
3823,4,16645863.0,True
3824,4,397635786.0,True
3825,4,7364778.0,True
3826,4,37603.0,True
3901,4,53422782.0,True
3902,4,11246683.0,True
3903,4,39341873.0,True
3904,4,70769073.0,True
3905,4,19786669.0,True
3906,4,86215739.0,True
3907,4,191012361.0,True
3908,4,19732437.0,True
3909,4,293548281.0,True
3910,4,72453620.0,True
3911,4,82599152.0,True
3912,4,48981612.0,True
3913,4,102773286.0,True
3914,4,55504896.0,True
3915,4,12926232.0,True
3916,4,63378903.0,True
3917,4,613140731.0,True
3918,4,1998910677.0,True
3919,4,276041516.0,True
3920,4,499444595.0,True
3921,4,423775041.0,True
3922,4,182712900.0,True
3923,4,2724639949.0,True
3924,4,4083781656.0,True
3925,4,660001803.0,True
3926,4,4855875978.0,True
4001,4,244219.0,True
4002,4,47622229.0,True
4003,4,7571069.0,True
4004,4,2176797.0,True
4005,4,11428489.0,True
4006,4,5426862.0,True
4007,4,901929.0,True
4008,4,50347988.0,True
4009,4,252414787.0,True
4010,4,104699175.0,True
4011,4,2050226460.0,True
4012,4,80911971.0,True
4013,4,48782373.0,True
4014,4,4321664.0,True
4015,4,266766266.0,True
4016,4,799306935.0,True
4017,4,5124919.0,True
4202,4,6645039946.0,True
4401,4,1048582.0,True
4402,4,3681379.0,True
4403,4,2385841.0,True
4404,4,2438854.0,True
4405,4,134200.0,True
4407,4,85080925.0,True
4408,4,12155108.0,True
4409,4,288903647.0,True
4410,4,7527230.0,True
4411,4,296319017.0,True
4412,4,1238683302.0,True
4413,4,587197.0,True
4414,4,223546381.0,True
4415,4,10728092.0,True
4416,4,1351105.0,True
4417,4,12356315.0,True
4418,4,593724846.0,True
4419,4,179297625.0,True
4420,4,568331441.0,True
4421,4,747451209.0,True
4801,4,67348.0,True
4802,4,7375113.0,True
4803,4,24582233.0,True
4804,4,4916811.0,True
4805,4,4267958.0,True
4806,4,6004847.0,True
4807,4,931131.0,True
4808,4,7939956.0,True
4809,4,1489761.0,True
4810,4,140739922.0,True
4811,4,191559210.0,True
4812,4,883414.0,True
4813,4,1521498.0,True
4814,4,13658448.0,True
4816,4,1961067.0,True
4817,4,42947943.0,True
4818,4,642101066.0,True
4819,4,1213515091.0,True
4820,4,610991037.0,True
4821,4,100776347.0,True
4822,4,228371.0,True
4823,4,574221373.0,True
5004,4,324348.0,True
5005,4,509899.0,True
5006,4,214736.0,True
5106,4,945703.0,True
5107,4,5008142.0,True
5108,4,563962.0,True
5109,4,3375602.0,True
5110,4,17969.0,True
5204,4,1247939.0,True
5205,4,1488819.0,True
5206,4,1139354.0,True
5207,4,3933723.0,True
5306,4,113828.0,True
5307,4,612428.0,True
5308,4,1845863.0,True
5401,4,5145937.0,True
5402,4,287889141.0,True
5403,4,1123788.0,True
5404,4,16964439.0,True
5405,4,96439.0,True
5406,4,5538657.0,True
5501,4,4080009.0,True
5502,4,167773.0,True
5503,4,187340948.0,True
5504,4,85638994.0,True
5505,4,37212.0,True
5506,4,319494.0,True
5507,4,318539.0,True
5508,4,8357765.0,True
5509,4,13669555.0,True
5510,4,11050745.0,True
5511,4,21382836.0,True
6101,4,314947442.0,True
6102,4,364344299.0,True
6103,4,372416489.0,True
6104,4,1858438588.0,True
6105,4,243303729.0,True
6106,4,180626816.0,True
6107,4,470621353.0,True
6108,4,1509174362.0,True
6109,4,644419525.0,True
6110,4,4758059428.0,True
6111,4,915092473.0,True
6112,4,482404472.0,True
6113,4,84974921.0,True
6114,4,598238091.0,True
6115,4,1334511863.0,True
6116,4,496668158.0,True
6117,4,256309485.0,True
6201,4,968289769.0,True
6202,4,1127678154.0,True
6203,4,1494203822.0,True
6204,4,3909127670.0,True
6205,4,757912213.0,True
6206,4,913735703.0,True
6207,4,73052047.0,True
6208,4,202497562.0,True
6209,4,145948238.0,True
6210,4,986235564.0,True
6211,4,1012807259.0,True
6212,4,1225864230.0,True
6213,4,36167022.0,True
6214,4,242133967.0,True
6215,4,130422205.0,True
6501,4,127240.0,True
6502,4,5774255.0,True
6504,4,75458157.0,True
6505,4,1161251371.0,True
6506,4,337955613.0,True
6507,4,21251651.0,True
6601,4,526648547.0,True
6602,4,22676882.0,True
6603,4,66991061.0,True
