quarter,d_wtv,d_lnreer
2011Q1,,
2011Q2,0.0019845213895495206,0.0014870007533414054
2011Q3,0.007505466795299398,0.036686613336079255
2011Q4,0.002751033371890088,0.036465555080178014
2012Q1,0.005869709672016832,0.012499652659968774
2012Q2,0.0069984733545425115,0.016368429136931262
2012Q3,0.004252857753551886,0.010848821633073769
2012Q4,-0.008134850206276134,0.011431399570589917
2013Q1,0.0007776050158545544,0.029461897017020178
2013Q2,0.0031043874368696933,0.022768841080433866
2013Q3,0.007334524290960154,0.002846332290934228
2013Q4,0.007662872745568983,0.0038173030569028654
2014Q1,0.012516757382597277,0.015438376055276315
2014Q2,0.0018828851354504295,-0.0111041682069839
2014Q3,0.007122804247162051,0.017359036101381342
2014Q4,0.0074432796193768525,0.045725409344529844
2015Q1,-0.0025988505438450105,0.044669695030876255
2015Q2,-0.004097603051275378,-0.00552311210279921
2015Q3,0.009658321735972919,0.0015119624665658193
2015Q4,-0.0007396450041339264,-0.0040316074588666595
2016Q1,-0.011909333166487457,0.006693613903484774
2016Q2,0.004855284981611696,-0.015768862264660122
2016Q3,0.014058685119839431,0.0008421960170297282
2016Q4,0.02252183824289844,0.03217932765840992
2017Q1,0.007158226700170189,0.004598660591826231
2017Q2,0.009583036957419466,-0.022830758768056292
2017Q3,0.010191618701998806,-0.023132267380137073
2017Q4,0.017331456351639574,0.005537890551156721
2018Q1,0.0006870491510380106,-0.03136618650033807
2018Q2,0.004796172263493936,0.02509308743772376
2018Q3,0.012228413247673764,0.01560858117676478
2018Q4,-0.012570235161787124,0.009866271111069302
2019Q1,-0.002738789798235608,-0.004769670307587681
2019Q2,-0.0003428767391726595,0.01040766986332553
2019Q3,0.003423488451521628,0.0111732931970554
2019Q4,-0.010651191572974561,0.013911739437923565
2020Q1,-0.034437696805135865,0.01787588593401157
2020Q2,-0.11988570951015909,-0.0007869331816472425
2020Q3,0.10801720119575986,-0.02165050895692744
2020Q4,0.04630620511953509,-0.02072586706755697
2021Q1,0.021528253263650043,-0.006381534515884191
2021Q2,0.010760023113986605,0.010525088387432824
2021Q3,-0.005701843386634486,0.020261464004404317
2021Q4,0.034708491400726516,0.006393610428335528
2022Q1,0.005184716734187411,0.004237095067682439
2022Q2,-0.0009700890008952356,0.035601581064004684
2022Q3,0.010939620038385556,0.024518771747882084
2022Q4,-0.012558529247395533,-0.030465945250837123
2023Q1,-0.011078640518758398,-0.016632043859915235
2023Q2,0.0,0.005289363220565058
2023Q3,0.0009824792013475303,0.004868314089163661
2023Q4,0.011067821312885862,-0.00021673537160094014
2024Q1,0.0012940797664882098,-0.009822340431887788
2024Q2,0.011252328980131843,-0.012544084183006454
2024Q3,0.011759232913075124,-0.007162837287887136
2024Q4,0.008807858136505864,0.008602029522055687
2025Q1,0.023523214009427917,0.011110299980842342
2025Q2,-0.006136871055110404,-0.06627764535044989
2025Q3,0.014058911267507135,-0.02196892528614036
2025Q4,0.0051460685685427165,0.015012098500290172
2026Q1,0.03062525649974024,0.010860370111805295
2026Q2,-0.0020518840556835727,0.014163168788297043
