quarter,fdi_disb,fdi_disb_sa,fdi_reg,fdi_reg_sa
2012Q1,2.5,2.5025636714723603,2.2674,1.8183444757698097
2012Q2,2.9000000000000004,2.5926155315505452,2.4947000000000004,2.234664523147643
2012Q3,2.6999999999999993,2.6253888975288384,1.3462999999999994,1.6261470812781944
2012Q4,2.4000000000000004,2.6552724765666875,1.7916000000000007,1.7926652244399817
2013Q1,2.7,2.7708257304596837,2.927,2.8995540045656734
2013Q2,3.0,2.7649179930727192,2.8850000000000002,2.5827884789483746
2013Q3,2.8999999999999995,2.8634165041742006,3.4821,3.858171796860247
2013Q4,2.9000000000000004,2.991111226359259,5.0059000000000005,4.540882228791423
2014Q1,2.85,2.997574597102756,2.0467,2.4358873606710567
2014Q2,2.9,2.7541670607089705,2.8116,2.4767347475357786
2014Q3,3.1500000000000004,3.157489606373679,2.7795000000000005,2.898825650427427
2014Q4,3.5,3.364221970753991,8.0048,6.59681048808111
2015Q1,3.05,3.290149912524719,1.2167,1.7436987306720428
2015Q2,3.25,3.1855364847950196,2.6225,2.2393644408802658
2015Q3,3.3999999999999995,3.4662980220410033,7.200799999999999,7.418557506994315
2015Q4,4.800000000000001,4.305935502364438,4.540000000000001,3.4611450190936073
2016Q1,3.5,3.8894509330750107,2.7404,4.284982858144177
2016Q2,3.8,3.853209751699313,4.7565,3.373989067082935
2016Q3,3.7199999999999998,3.7407306919636567,3.6677,4.370018308816645
2016Q4,4.780000000000001,4.063490573049402,4.0177,3.2092919863785534
2017Q1,3.62,4.145603627515685,2.9172,4.309971459639462
2017Q2,4.08,4.194319138520245,8.9228,5.873898976289543
2017Q3,4.8,4.793915583378403,2.76,3.714296334480016
2017Q4,5.0,4.202405162267862,6.700000000000001,5.45168925536208
2018Q1,3.88,4.552678086717931,2.1216,2.6889567738881706
2018Q2,4.489999999999999,4.613391654088201,9.6782,7.056259742010283
2018Q3,4.880000000000001,4.78468515213049,2.3247,3.3286156073810296
2018Q4,5.850000000000001,4.871674766477859,3.8516999999999992,3.0773132572677193
2019Q1,4.12,4.938667966065884,3.8214,3.903581996981895
2019Q2,4.9799999999999995,5.072725043074286,3.5904000000000003,3.1821954651571596
2019Q3,5.1,5.033432123623723,3.5615999999999994,5.134800025382574
2019Q4,6.199999999999999,5.113315246016539,5.7265999999999995,4.701946701109777
2020Q1,3.9,4.745063022429436,5.5,4.319171743204014
2020Q2,4.75,4.778338986371257,3.0,3.536781320966067
2020Q3,5.15,5.105983574737486,1.9000000000000004,2.527460381693438
2020Q4,6.199999999999999,5.089057004695758,4.199999999999999,3.448556738147402
2021Q1,4.1,5.063846567388998,7.2,5.140200206016154
2021Q2,5.140000000000001,5.126415870437759,2.3500000000000005,3.2255342361864456
2021Q3,4.039999999999999,3.9793952719770056,2.9499999999999993,3.705992079385783
2021Q4,6.459999999999999,5.274872942800512,2.75,2.2333225794652236
2022Q1,4.42,5.550493386100656,3.21,2.4802466889981885
2022Q2,5.640000000000001,5.605159478331101,1.7300000000000004,2.187483345987921
2022Q3,5.369999999999999,5.2606384120852745,2.1799999999999997,2.470068347261054
2022Q4,6.969999999999999,5.657297965942623,5.329999999999999,4.50254168118419
2023Q1,4.32,5.505949907492583,,
2023Q2,5.699999999999999,5.645514418429079,,
2023Q3,5.890000000000001,5.737915815029153,3.74,3.6045577926189565
2023Q4,7.27,5.858344464357123,9.96,11.236491539873585
2024Q1,4.63,5.996772641073122,4.77,4.640408721680805
2024Q2,6.21,6.127746405663881,4.77,4.139623892269081
2024Q3,6.5,6.301062866307838,4.010000000000002,4.897994102601951
2024Q4,8.010000000000002,6.410867804995648,6.18,6.344152640029588
2025Q1,4.96,6.526571464443171,4.33,3.5312542899564954
2025Q2,6.760000000000001,6.641338963001973,4.959999999999999,4.456470852981116
2025Q3,7.08,6.83039014193557,3.1000000000000014,4.8196704648826145
2025Q4,8.82,7.014236974192524,4.93,4.55416845404311
2026Q1,5.41,7.229879461783808,10.23,6.979753682872533
2026Q2,7.619999999999999,7.451554684496993,7.16,6.7090797133801345
