quarter,Z,Z_noKOR,Z_2008
2011Q1,,,
2011Q2,,,
2011Q3,,,
2011Q4,,,
2012Q1,0.02607088327645505,0.026920891081020297,0.025441398036182856
2012Q2,-0.06280284426010681,-0.07866325137754968,-0.06527479065330154
2012Q3,-0.01848987408820336,-0.027661302011296122,-0.015666608358995547
2012Q4,-0.022961448898004947,-0.024028081765123003,-0.025233476083537928
2013Q1,0.023124291220189018,0.04163675941647381,0.027191601470603843
2013Q2,0.08344502774086918,0.09974293922997929,0.08390763790053317
2013Q3,0.10462954440976129,0.13735394877677123,0.10261375225470688
2013Q4,0.0012790981640240851,0.0004397489108692288,0.0026546064394919484
2014Q1,0.022966440953386142,0.03150664608244568,0.019895134127668853
2014Q2,0.00835321420261721,0.001306465302744187,0.0127014251133178
2014Q3,-0.02342951211795796,-0.022298333596673325,-0.028123872060237982
2014Q4,0.032502892425313096,0.041779676895214904,0.027440257491932477
2015Q1,-0.0025452962338920184,0.0005062959938070405,-0.005237449123367292
2015Q2,-0.01586276642305471,0.008994268107101766,-0.01363278427348373
2015Q3,-0.012264385428933969,-0.02429372602724928,-0.007049455499471783
2015Q4,-0.05709979685087638,-0.05474380469070342,-0.054312143833511184
2016Q1,-0.052414749001786956,-0.06890546719094869,-0.05193143138816525
2016Q2,0.009865267292699428,-0.012459623585881784,0.0007627490371753722
2016Q3,0.03248060100971232,0.05051775584708484,0.028433513677502673
2016Q4,0.12998951570457296,0.12494136390751696,0.1439529275434352
2017Q1,0.0940340002355777,0.07219630333187768,0.092257381740596
2017Q2,0.06231285609694154,0.08840554694920892,0.0671630922380814
2017Q3,-0.0005147631542629823,-0.023527488858126888,-0.0003450283951023153
2017Q4,-0.09969005070989252,-0.09800529644492113,-0.11690189674179297
2018Q1,-0.10028565038526804,-0.08160699401455201,-0.08684402408166432
2018Q2,-0.14736031511976885,-0.21597655683707825,-0.13317102895122954
2018Q3,-0.09507905294418537,-0.1306989417729364,-0.07521822290671837
2018Q4,-0.12212401710864333,-0.1699830507616858,-0.06814890665991921
2019Q1,0.14679270749598908,0.1648463945638583,0.13694169656109229
2019Q2,0.16907452099339712,0.22007692742341356,0.13457085110216957
2019Q3,-0.13759882915852792,-0.14443795764641915,-0.09845332317390819
2019Q4,0.1425587826447583,0.17280860419486815,0.090012451547727
2020Q1,-0.05325935394980672,-0.056952716555918395,-0.054640903180280254
2020Q2,0.005361727154139073,0.04781445815503147,-0.0005856766660618524
2020Q3,0.0516785311674224,0.03249036964981831,0.04001877286050106
2020Q4,-0.07572527995124237,-0.10923493583273408,-0.07667740576542063
2021Q1,0.07287411950630837,0.08725996050679753,0.06825285455740696
2021Q2,0.0648458401054617,0.006906094717468442,0.0612297592247381
2021Q3,0.04782075370063669,0.04609701747328868,0.04975828307186646
2021Q4,0.1404359035948896,0.11461171247143036,0.14349452923877917
2022Q1,0.09530562002388115,0.06889317655399492,0.09947295949522025
2022Q2,0.01561695459884815,0.019556997437255745,0.01932207855123625
2022Q3,-0.04991419238815398,-0.06790488064202652,-0.04988144723931421
2022Q4,-0.024293464126604,0.0252329457515015,-0.025084783217576016
2023Q1,-0.12635661542666002,-0.08922271828761716,-0.12120756674703091
2023Q2,-0.133137342997925,-0.04895197029068388,-0.13418781077178246
2023Q3,0.05692342246136941,0.10681520124549736,0.05751033899701309
2023Q4,0.11982321341405697,0.09143604292047844,0.12702409418823574
2024Q1,0.030002952463807207,0.01691499386785212,0.0275647283155166
2024Q2,0.16501458733018318,0.10742533353483959,0.17816650585261978
2024Q3,0.02968804496024975,0.02948069519705613,0.039254810245838496
2024Q4,-0.10031033768365301,-0.09957299185785906,-0.09476371776267782
2025Q1,0.05593685144817857,0.07751412052696403,0.05434102720283578
2025Q2,0.03162346812270181,0.07238354684566163,0.04527133617232012
2025Q3,-0.021635603710627335,-0.016005981898590108,-0.023328990696135986
2025Q4,0.111855178306282,0.12781944525054406,0.105401295469658
2026Q1,0.0512022729856276,0.00622362765251408,0.061656629591903815
2026Q2,,,
