iso3,cepii_code,distw_km,dist_km,contig,comlang_off,colony
ABW,ABW,17039.93,16271.96,0,0,0
AFG,AFG,4505.89,3884.103,0,0,0
AGO,AGO,10600.14,10637.65,0,0,0
AIA,AIA,16255.26,15503.53,0,0,0
ALB,ALB,8733.453,8172.986,0,0,0
AND,AND,10158.83,9560.423,0,0,0
ANT,ANT,16959.86,16304.38,0,0,0
ARE,ARE,5518.667,5265.521,0,0,0
ARG,ARG,17531.51,17877.15,0,0,0
ARM,ARM,6658.508,6124.733,0,0,0
ATG,ATG,16329.81,15580.65,0,0,0
AUS,AUS,6786.998,7769.68,0,0,0
AUT,AUT,8966.116,8254.594,0,0,0
AZE,AZE,6303.632,5669.295,0,0,0
BDI,BDI,8733.153,8760.929,0,0,0
BEL,BEL,9644.942,8989.95,0,0,0
BEN,BEN,11345.68,11133.58,0,0,0
BFA,BFA,11666.72,11288.78,0,0,0
BGD,BGD,2059.92,1622.246,0,0,0
BGR,BGR,8294.373,7859.746,0,0,0
BHR,BHR,5989.121,5621.641,0,0,0
BHS,BHS,15605.67,14891.31,0,0,0
BIH,BIH,8831.925,8216.021,0,0,0
BLR,BLR,8016.017,7388.299,0,0,0
BLZ,BLZ,16122.83,15487.46,0,0,0
BMU,BMU,14772.68,14017.09,0,0,0
BOL,BOL,19025.6,19228.99,0,0,0
BRA,BRA,16837.64,17191.68,0,0,0
BRB,BRB,16635.93,15918.28,0,0,0
BRN,BRN,1392.899,2042.273,0,0,0
BTN,BTN,2308.833,1786.672,0,0,0
BWA,BWA,9716.784,10031.04,0,0,0
CAF,CAF,9701.576,9556.967,0,0,0
CAN,CAN,12955.35,12816.55,0,0,0
CCK,CCK,,3858.968,0,0,0
CHE,CHE,9536.774,8936.451,0,0,0
CHL,CHL,17885.05,18603.05,0,0,0
CHN,CHN,2664.699,2330.799,1,0,0
CIV,CIV,12132.2,11845.84,0,0,0
CMR,CMR,10429.56,10313.96,0,0,0
COD,ZAR,9815.524,10247.16,0,0,0
COG,COG,10414.51,10251.42,0,0,0
COK,COK,10925.92,11274.68,0,0,0
COL,COL,17780.7,17177.21,0,0,0
COM,COM,7547.649,7749.041,0,0,0
CPV,CPV,13671.37,13208.24,0,0,0
CRI,CRI,17072.31,16416.56,0,0,0
CUB,CUB,15931.57,15040.36,0,0,0
CXR,CXR,,3498.543,0,0,0
CYM,CYM,16194.77,15477.66,0,0,0
CYP,CYP,7629.566,7141.527,0,0,0
CZE,CZE,8902.034,8338.598,0,0,0
DEU,DEU,9259.051,8793.074,0,0,0
DJI,DJI,6904.522,6742.036,0,0,0
DMA,DMA,16487.52,15758.54,0,0,0
DNK,DNK,9047.116,8299.982,0,0,0
DOM,DOM,16348.53,15610.19,0,0,0
DZA,DZA,10261.41,9706.721,0,0,0
ECU,ECU,18442.17,17672.47,0,0,0
EGY,EGY,7876.038,7434.833,0,0,0
ERI,ERI,7241.259,7062.976,0,0,0
ESH,ESH,12138.65,11559.33,0,0,0
ESP,ESP,10603.31,10053.22,0,0,0
EST,EST,8165.079,7516.78,0,0,0
ETH,ETH,7406.701,7280.118,0,0,0
FIN,FIN,8207.918,7498.113,0,0,0
FJI,FJI,8616.531,9028.349,0,0,0
FLK,FLK,15630.15,16339.06,0,0,0
FRA,FRA,9888.428,9208.554,0,0,1
FRO,FRO,9793.843,9068.675,0,0,0
FSM,FSM,5119.075,5842.786,0,0,0
GAB,GAB,10749.74,10671.47,0,0,0
GBR,GBR,9941.448,9248.713,0,0,0
GEO,GEO,6747.992,6103.088,0,0,0
GHA,GHA,11701.89,11452.54,0,0,0
GIB,GIB,10977.79,10408.48,0,0,0
GIN,GIN,12836.61,12801.2,0,0,0
GLP,GLP,16405.85,15697.06,0,0,0
GMB,GMB,13047.15,12672.29,0,0,0
GNB,GNB,13029.25,12667.58,0,0,0
GNQ,GNQ,10734.53,10598.92,0,0,0
GRC,GRC,8467.661,7929.799,0,0,0
GRD,GRD,16831.28,16109.91,0,0,0
GRL,GRL,10873.89,10355.09,0,0,0
GTM,GTM,16278.13,15680.77,0,0,0
GUF,GUF,16911.21,16291.27,0,0,0
GUY,GUY,17169.71,16483.22,0,0,0
HKG,HKG,1256.462,868.035,0,0,0
HND,HND,16411.94,15873.08,0,0,0
HRV,HRV,8943.182,8351.207,0,0,0
HTI,HTI,16367.79,15625.75,0,0,0
HUN,HUN,8679.771,8077.671,0,0,0
IDN,IDN,2226.403,3023.314,0,0,0
IND,IND,3329.87,3006.763,0,0,0
IRL,IRL,10257.06,9520.277,0,0,0
IRN,IRN,5971.439,5502.821,0,0,0
IRQ,IRQ,6579.278,6149.156,0,0,0
ISL,ISL,10268.17,9550.313,0,0,0
ISR,ISR,7498.691,7064.045,0,0,0
ITA,ITA,9337.082,8741.851,0,0,0
JAM,JAM,16416.02,15685.3,0,0,0
JOR,JOR,7405.215,6957.611,0,0,0
JPN,JPN,3902.722,3672.564,0,0,0
KAZ,KAZ,5000.324,3646.908,0,0,0
KEN,KEN,7878.443,7899.972,0,0,0
KGZ,KGZ,4423.887,3788.834,0,0,0
KHM,KHM,533.878,1054.802,1,0,0
KIR,KIR,7559.17,7606.6,0,0,0
KNA,KNA,15945.36,15592.77,0,0,0
KOR,KOR,3257.774,2740.135,0,0,0
KWT,KWT,6250.909,5844.974,0,0,0
LAO,LAO,736.8181,478.553,1,0,0
LBN,LBN,7428.918,6966.687,0,0,0
LBR,LBR,12719.51,12477.45,0,0,0
LBY,LBY,9265.068,9016.406,0,0,0
LCA,LCA,16613.48,15878.14,0,0,0
LKA,LKA,3042.798,3208.334,0,0,0
LSO,LSO,9769.502,10091.6,0,0,0
LTU,LTU,8276.395,7522.653,0,0,0
LUX,LUX,9572.028,8921.031,0,0,0
LVA,LVA,8247.257,7575.857,0,0,0
MAC,MAC,,807.9218,0,0,0
MAR,MAR,11217.92,10642.98,0,0,0
MDA,MDA,7963.127,7356.875,0,0,0
MDG,MDG,7488.267,7754.976,0,0,0
MDV,MDV,3887.678,3972.821,0,0,0
MEX,MEX,14939.15,14772.0,0,0,0
MHL,MHL,6935.233,7174.036,0,0,0
MKD,MKD,8585.734,8022.566,0,0,0
MLI,MLI,12136.02,11890.65,0,0,0
MLT,MLT,9302.578,8780.34,0,0,0
MMR,MMR,1327.904,1124.431,0,0,0
MNE,YUG,8628.232,8031.537,0,0,0
MNG,MNG,3759.399,2993.437,0,0,0
MNP,MNP,4209.683,4257.604,0,0,0
MOZ,MOZ,8760.82,9478.27,0,0,0
MRT,MRT,12678.39,12339.04,0,0,0
MSR,MSR,,15639.06,0,0,0
MTQ,MTQ,16549.12,15820.99,0,0,0
MUS,MUS,6623.348,6979.507,0,0,0
MWI,MWI,8585.678,8780.87,0,0,0
MYS,MYS,1361.233,2040.94,0,0,0
NAM,NAM,10569.69,10778.08,0,0,0
NCL,NCL,7633.875,8151.311,0,0,0
NER,NER,10856.14,10863.09,0,0,0
NFK,NFK,8154.055,8682.687,0,0,0
NGA,NGA,10978.85,11034.5,0,0,0
NIC,NIC,16743.65,16115.17,0,0,0
NIU,NIU,9847.61,10195.06,0,0,0
NLD,NLD,9549.609,8892.063,0,0,0
NOR,NOR,9033.615,8282.781,0,0,0
NPL,NPL,2753.276,2208.786,0,0,0
NRU,NRU,6829.78,7051.171,0,0,0
NZL,NZL,9198.087,10080.76,0,0,0
OMN,OMN,5294.14,4850.225,0,0,0
PAK,PAK,4109.61,3509.467,0,0,0
PAN,PAN,17345.17,16647.34,0,0,0
PCN,PCN,,14325.38,0,0,0
PER,PER,19293.46,18993.92,0,0,0
PHL,PHL,1707.625,1750.016,0,0,0
PLW,PLW,3154.147,3433.481,0,0,0
PNG,PNG,5085.433,5645.951,0,0,0
POL,POL,8606.114,7840.51,0,0,0
PRI,PRI,16330.7,15556.51,0,0,0
PRK,PRK,3427.476,2760.536,0,0,0
PRT,PRT,11140.04,10549.0,0,0,0
PRY,PRY,17892.97,18285.31,0,0,0
PSE,PAL,7515.896,7104.611,0,0,0
PYF,PYF,11892.73,12174.45,0,0,0
QAT,QAT,5900.845,5544.335,0,0,0
REU,REU,6854.076,7194.775,0,0,0
ROU,ROM,8226.456,7602.428,0,0,0
RUS,RUS,6790.411,6737.911,0,0,0
RWA,RWA,8663.586,8623.602,0,0,0
SAU,SAU,6724.412,6029.935,0,0,0
SDN,SDN,8007.195,7708.989,0,0,0
SEN,SEN,13049.14,12679.42,0,0,0
SGP,SGP,1480.831,2207.195,0,0,0
SHN,SHN,13072.78,12839.64,0,0,0
SLB,SLB,6412.136,6815.972,0,0,0
SLE,SLE,12877.14,12618.14,0,0,0
SLV,SLV,16455.03,15838.32,0,0,0
SMR,SMR,9266.809,8672.135,0,0,0
SOM,SOM,6903.71,6883.252,0,0,0
SPM,SPM,13029.43,12286.86,0,0,0
SRB,YUG,8628.232,8031.537,0,0,0
STP,STP,11094.91,10958.96,0,0,0
SUR,SUR,16941.86,16398.55,0,0,0
SVK,SVK,8679.152,8198.256,0,0,0
SVN,SVN,9036.051,8452.795,0,0,0
SWE,SWE,8727.681,7893.266,0,0,0
SWZ,SWZ,9318.962,9626.419,0,0,0
SYC,SYC,6054.629,6194.894,0,0,0
SYR,SYR,7284.815,6897.341,0,0,0
TCA,TCA,16053.87,15294.26,0,0,0
TCD,TCD,9773.456,9624.382,0,0,0
TGO,TGO,11479.15,11262.65,0,0,0
THA,THA,852.594,990.7018,0,0,0
TJK,TJK,4604.359,4037.862,0,0,0
TKL,TKL,9386.446,9569.619,0,0,0
TKM,TKM,5401.386,4909.386,0,0,0
TLS,TMP,3305.993,3935.764,0,0,0
TON,TON,9388.674,9773.216,0,0,0
TTO,TTO,16988.08,16250.58,0,0,0
TUN,TUN,9668.251,9111.909,0,0,0
TUR,TUR,7735.038,7428.537,0,0,0
TUV,TUV,8291.78,8656.152,0,0,0
TWN,TWN,1914.394,1665.853,0,0,0
TZA,TZA,8049.497,7900.669,0,0,0
UGA,UGA,8317.768,8269.625,0,0,0
UKR,UKR,7644.061,7205.898,0,0,0
URY,URY,17212.03,17693.2,0,0,0
USA,USA,13715.75,13159.26,0,0,0
UZB,UZB,4765.719,4109.179,0,0,0
VCT,VCT,16706.37,15972.75,0,0,0
VEN,VEN,17250.4,16429.71,0,0,0
VGB,VGB,16276.21,15520.37,0,0,0
VUT,VUT,7572.198,8059.912,0,0,0
WLF,WLF,9026.913,9330.69,0,0,0
WSM,WSM,9490.222,8174.89,0,0,0
YEM,YEM,6711.349,6508.59,0,0,0
ZAF,ZAF,9850.552,11074.41,0,0,0
ZMB,ZMB,9198.505,9393.863,0,0,0
ZWE,ZWE,9143.044,9231.178,0,0,0
