iso3,fta_name,rta_id,in_force_date,in_force_year,type
ARM,EAEU - Viet Nam,973,2016-10-05,2016,FTA & EIA
AUS,ASEAN - Australia - New Zealand,437,2010-01-01,2010,FTA & EIA
AUS,Comprehensive and Progressive Agreement for Trans-Pacific Partnership (CPTPP),640,2019-01-14,2019,FTA & EIA
AUT,EU - Viet Nam,872,2020-08-01,2020,FTA & EIA
BEL,EU - Viet Nam,872,2020-08-01,2020,FTA & EIA
BGR,EU - Viet Nam,872,2020-08-01,2020,FTA & EIA
BLR,EAEU - Viet Nam,973,2016-10-05,2016,FTA & EIA
BRN,ASEAN Free Trade Area (AFTA) - Inactive,126,1993-01-01,1993,FTA
BRN,Comprehensive and Progressive Agreement for Trans-Pacific Partnership (CPTPP),640,2023-07-12,2023,FTA & EIA
CAN,Comprehensive and Progressive Agreement for Trans-Pacific Partnership (CPTPP),640,2019-01-14,2019,FTA & EIA
CHL,Chile - Viet Nam,685,2014-01-01,2014,FTA
CHL,Comprehensive and Progressive Agreement for Trans-Pacific Partnership (CPTPP),640,2023-02-21,2023,FTA & EIA
CHN,ASEAN - China,42,2005-01-01,2005,FTA & EIA
CYP,EU - Viet Nam,872,2020-08-01,2020,FTA & EIA
CZE,EU - Viet Nam,872,2020-08-01,2020,FTA & EIA
DEU,EU - Viet Nam,872,2020-08-01,2020,FTA & EIA
DNK,EU - Viet Nam,872,2020-08-01,2020,FTA & EIA
ESP,EU - Viet Nam,872,2020-08-01,2020,FTA & EIA
EST,EU - Viet Nam,872,2020-08-01,2020,FTA & EIA
FIN,EU - Viet Nam,872,2020-08-01,2020,FTA & EIA
FRA,EU - Viet Nam,872,2020-08-01,2020,FTA & EIA
GBR,EU - Viet Nam,872,2020-08-01,2020,FTA & EIA
GBR,United Kingdom - Viet Nam,1130,2021-01-01,2021,FTA & EIA
GBR,Comprehensive and Progressive Agreement for Trans-Pacific Partnership (CPTPP),640,2024-12-15,2024,FTA & EIA
GBR,CPTPP - Accession of the United Kingdom,1218,2024-12-15,2024,FTA & EIA
GRC,EU - Viet Nam,872,2020-08-01,2020,FTA & EIA
HKG,"ASEAN - Hong Kong, China",994,2019-06-11,2019,FTA & EIA
HRV,EU - Viet Nam,872,2020-08-01,2020,FTA & EIA
HUN,EU - Viet Nam,872,2020-08-01,2020,FTA & EIA
IDN,ASEAN Free Trade Area (AFTA) - Inactive,126,1993-01-01,1993,FTA
IND,ASEAN - India,438,2010-06-01,2010,FTA & EIA
IRL,EU - Viet Nam,872,2020-08-01,2020,FTA & EIA
ISR,Israel - Viet Nam,997,2024-11-17,2024,FTA & EIA
ITA,EU - Viet Nam,872,2020-08-01,2020,FTA & EIA
JPN,ASEAN - Japan,176,2008-12-01,2008,FTA & EIA
JPN,Japan - Viet Nam,170,2009-10-01,2009,FTA & EIA
JPN,Comprehensive and Progressive Agreement for Trans-Pacific Partnership (CPTPP),640,2019-01-14,2019,FTA & EIA
KAZ,EAEU - Viet Nam,973,2016-10-05,2016,FTA & EIA
KGZ,EAEU - Viet Nam,973,2016-10-05,2016,FTA & EIA
KHM,ASEAN Free Trade Area (AFTA) - Inactive,126,1993-01-01,1993,FTA
KOR,"ASEAN - Korea, Republic of",169,2010-01-01,2010,FTA & EIA
KOR,"Korea, Republic of - Viet Nam",709,2015-12-20,2015,FTA & EIA
LAO,ASEAN Free Trade Area (AFTA) - Inactive,126,1993-01-01,1993,FTA
LTU,EU - Viet Nam,872,2020-08-01,2020,FTA & EIA
LUX,EU - Viet Nam,872,2020-08-01,2020,FTA & EIA
LVA,EU - Viet Nam,872,2020-08-01,2020,FTA & EIA
MEX,Comprehensive and Progressive Agreement for Trans-Pacific Partnership (CPTPP),640,2019-01-14,2019,FTA & EIA
MLT,EU - Viet Nam,872,2020-08-01,2020,FTA & EIA
MMR,ASEAN Free Trade Area (AFTA) - Inactive,126,1993-01-01,1993,FTA
MYS,ASEAN Free Trade Area (AFTA) - Inactive,126,1993-01-01,1993,FTA
MYS,Comprehensive and Progressive Agreement for Trans-Pacific Partnership (CPTPP),640,2022-11-29,2022,FTA & EIA
NLD,EU - Viet Nam,872,2020-08-01,2020,FTA & EIA
NZL,ASEAN - Australia - New Zealand,437,2010-01-01,2010,FTA & EIA
NZL,Comprehensive and Progressive Agreement for Trans-Pacific Partnership (CPTPP),640,2019-01-14,2019,FTA & EIA
PER,Comprehensive and Progressive Agreement for Trans-Pacific Partnership (CPTPP),640,2021-09-19,2021,FTA & EIA
PHL,ASEAN Free Trade Area (AFTA) - Inactive,126,1993-01-01,1993,FTA
POL,EU - Viet Nam,872,2020-08-01,2020,FTA & EIA
PRT,EU - Viet Nam,872,2020-08-01,2020,FTA & EIA
ROU,EU - Viet Nam,872,2020-08-01,2020,FTA & EIA
RUS,EAEU - Viet Nam,973,2016-10-05,2016,FTA & EIA
SGP,ASEAN Free Trade Area (AFTA) - Inactive,126,1993-01-01,1993,FTA
SGP,Comprehensive and Progressive Agreement for Trans-Pacific Partnership (CPTPP),640,2019-01-14,2019,FTA & EIA
SVK,EU - Viet Nam,872,2020-08-01,2020,FTA & EIA
SVN,EU - Viet Nam,872,2020-08-01,2020,FTA & EIA
SWE,EU - Viet Nam,872,2020-08-01,2020,FTA & EIA
THA,ASEAN Free Trade Area (AFTA) - Inactive,126,1993-01-01,1993,FTA
