iso3,year,position_usd_m,confidential
ARG,2020,,1
AUS,2009,431.409,0
AUS,2010,430.911,0
AUS,2011,589.048,0
AUS,2012,,1
AUS,2013,355.486,0
AUS,2014,898.939,0
AUS,2015,995.077,0
AUS,2016,1120.856,0
AUS,2017,1576.38,0
AUS,2018,,1
AUS,2019,1844.68,0
AUS,2020,989.707,0
AUS,2021,461.482,0
AUS,2022,858.393,0
AUS,2023,,1
AUS,2024,320.176,0
AUT,2009,,1
AUT,2010,,1
AUT,2011,,1
AUT,2012,,1
AUT,2013,39.166,0
AUT,2014,38.001,0
AUT,2015,40.935,0
AUT,2016,34.996,0
AUT,2017,37.058,0
AUT,2018,46.373,0
AUT,2019,59.765,0
AUT,2020,55.833,0
AUT,2021,86.304,0
AUT,2022,111.78,0
AUT,2023,140.335,0
AUT,2024,133.083,0
AZE,2021,2.581,0
AZE,2022,3.452,0
AZE,2023,5.172,0
AZE,2024,6.53,0
BEL,2009,,1
BEL,2010,,1
BEL,2011,,1
BEL,2012,1.056,0
BEL,2013,22.066,0
BEL,2014,13.112,0
BEL,2015,49.209,0
BEL,2016,21.293,0
BEL,2017,289.511,0
BEL,2018,15.801,0
BEL,2019,,1
BEL,2020,,1
BEL,2021,,1
BEL,2022,,1
BEL,2023,,1
BEL,2024,405.171,0
BEN,2011,0.0,0
BEN,2013,0.0,0
BEN,2014,0.0,0
BFA,2012,0.0,0
BFA,2018,0.0,0
BFA,2019,0.0,0
BFA,2020,0.0,0
BFA,2021,0.0,0
BFA,2022,0.0,0
BFA,2023,0.0,0
BFA,2024,0.0,0
BGD,2017,0.0,0
BGD,2022,0.0,0
BGD,2023,0.0,0
BGD,2024,0.0,0
BGR,2015,10.396,0
BGR,2016,10.472,0
BGR,2017,9.995,0
BGR,2018,9.214,0
BGR,2019,9.236,0
BGR,2020,7.246,0
BGR,2021,7.088,0
BGR,2022,6.975,0
BGR,2023,4.65,0
BGR,2024,2.948,0
BIH,2016,0.0,0
BIH,2017,0.0,0
BIH,2018,0.0,0
BIH,2019,0.0,0
BIH,2020,0.0,0
BIH,2021,0.0,0
BIH,2022,0.0,0
BIH,2023,0.0,0
BIH,2024,0.0,0
BLR,2009,0.0,0
BLR,2010,0.0,0
BLR,2011,0.0,0
BLR,2012,0.0,0
BLR,2013,0.0,0
BLR,2014,0.0,0
BLR,2015,0.0,0
BLR,2016,0.0,0
BLR,2017,1.514,0
BLR,2018,1.383,0
BLR,2019,1.42,0
BLR,2020,1.158,0
BLR,2021,1.167,0
BLR,2022,1.087,0
BLR,2023,0.956,0
BLR,2024,1.057,0
BOL,2017,0.138,0
BOL,2018,0.0,0
BOL,2019,0.0,0
BOL,2020,0.0,0
BRA,2010,0.0,0
BRA,2011,0.0,0
BRA,2012,0.003,0
BRA,2013,0.746,0
BRA,2014,0.01,0
BRA,2015,0.24,0
BRA,2016,0.0,0
BRA,2017,3.858,0
BRA,2018,0.046,0
BRA,2019,0.385,0
BRA,2020,,1
BRA,2022,,1
BRB,2010,0.0,0
BWA,2010,0.0,0
BWA,2011,0.0,0
BWA,2014,0.0,0
BWA,2016,0.0,0
BWA,2017,0.0,0
BWA,2018,0.0,0
BWA,2019,0.0,0
BWA,2020,0.0,0
BWA,2021,0.0,0
BWA,2022,0.0,0
BWA,2023,0.0,0
CAN,2009,94.196,0
CAN,2010,116.63,0
CAN,2011,,1
CAN,2012,74.588,0
CAN,2013,-63.303,0
CAN,2014,-95.474,0
CAN,2015,-55.022,0
CAN,2016,72.242,0
CAN,2017,526.903,0
CAN,2018,156.88,0
CAN,2019,578.145,0
CAN,2020,2909.147,0
CAN,2021,3738.049,0
CAN,2022,4116.004,0
CAN,2023,3692.11,0
CAN,2024,3750.174,0
CHE,2009,191.169,0
CHE,2010,230.63,0
CHE,2011,291.317,0
CHE,2012,358.826,0
CHE,2013,532.922,0
CHE,2014,562.031,0
CHE,2015,630.263,0
CHE,2016,650.41,0
CHE,2017,727.58,0
CHE,2018,715.221,0
CHE,2019,1085.525,0
CHE,2020,1109.431,0
CHE,2021,1272.033,0
CHE,2022,1221.402,0
CHE,2023,1559.421,0
CHE,2024,1646.105,0
CHL,2012,,1
CHL,2013,,1
CHL,2014,,1
CHL,2015,,1
CHL,2016,,1
CHL,2017,,1
CHL,2018,,1
CHL,2019,,1
CHL,2020,,1
CHL,2021,,1
CHL,2022,,1
CHL,2023,,1
CHL,2024,,1
CHN,2018,4766.078,0
CHN,2019,5905.769,0
CHN,2020,8574.565,0
CHN,2021,10852.105,0
CHN,2022,11660.719,0
CHN,2023,13593.987,0
CHN,2024,16194.932,0
CRI,2012,0.0,0
CRI,2013,0.0,0
CRI,2014,0.0,0
CRI,2015,0.0,0
CRI,2016,0.0,0
CRI,2017,0.0,0
CRI,2018,0.0,0
CRI,2019,0.0,0
CRI,2020,0.0,0
CRI,2021,0.0,0
CRI,2022,0.0,0
CRI,2023,0.0,0
CRI,2024,0.0,0
CYP,2009,0.0,0
CYP,2010,0.0,0
CYP,2011,0.0,0
CYP,2012,0.0,0
CYP,2013,0.0,0
CYP,2014,0.0,0
CYP,2015,0.0,0
CYP,2016,0.0,0
CYP,2017,0.0,0
CYP,2018,0.0,0
CYP,2019,,1
CYP,2020,0.0,0
CYP,2021,0.0,0
CYP,2022,0.0,0
CYP,2023,,1
CYP,2024,,1
CZE,2009,10.366,0
CZE,2010,,1
CZE,2011,,1
CZE,2012,,1
CZE,2013,19.21,0
CZE,2014,12.196,0
CZE,2015,10.688,0
CZE,2016,11.502,0
CZE,2017,18.016,0
CZE,2018,16.69,0
CZE,2019,7.305,0
CZE,2020,10.432,0
CZE,2021,3.702,0
CZE,2022,3.672,0
CZE,2023,252.438,0
CZE,2024,233.055,0
DEU,2009,226.606,0
DEU,2010,266.706,0
DEU,2011,431.516,0
DEU,2012,483.032,0
DEU,2013,572.189,0
DEU,2014,586.775,0
DEU,2015,636.563,0
DEU,2016,708.461,0
DEU,2017,828.716,0
DEU,2018,901.688,0
DEU,2019,967.247,0
DEU,2020,1112.98,0
DEU,2021,1333.07,0
DEU,2022,1607.366,0
DEU,2023,2021.045,0
DEU,2024,2000.921,0
DNK,2009,96.337,0
DNK,2010,106.889,0
DNK,2011,191.451,0
DNK,2012,141.365,0
DNK,2013,106.601,0
DNK,2014,103.734,0
DNK,2015,114.495,0
DNK,2016,120.094,0
DNK,2017,121.462,0
DNK,2018,224.407,0
DNK,2019,254.797,0
DNK,2020,287.573,0
DNK,2021,263.671,0
DNK,2022,343.65,0
DNK,2023,1884.739,0
DNK,2024,1847.569,0
DZA,2018,0.0,0
DZA,2019,0.0,0
DZA,2020,0.0,0
DZA,2021,0.0,0
DZA,2022,0.0,0
DZA,2023,0.0,0
DZA,2024,0.0,0
ESP,2009,,1
ESP,2010,,1
ESP,2011,,1
ESP,2012,,1
ESP,2013,-13.791,0
ESP,2014,-13.355,0
ESP,2015,-8.71,0
ESP,2016,-9.487,0
ESP,2017,-8.395,0
ESP,2018,-3.435,0
ESP,2019,-12.357,0
ESP,2020,,1
ESP,2021,30.58,0
ESP,2022,52.263,0
ESP,2023,56.355,0
ESP,2024,60.256,0
EST,2009,0.0,0
EST,2010,0.0,0
EST,2011,0.0,0
EST,2012,0.0,0
EST,2013,0.0,0
EST,2014,,1
EST,2015,,1
EST,2016,,1
EST,2017,,1
EST,2018,0.0,0
EST,2019,0.0,0
EST,2020,0.0,0
EST,2021,0.0,0
EST,2022,0.0,0
EST,2023,,1
EST,2024,,1
FIN,2009,13.052,0
FIN,2010,13.135,0
FIN,2011,20.431,0
FIN,2012,40.817,0
FIN,2013,139.289,0
FIN,2014,,1
FIN,2015,,1
FIN,2016,,1
FIN,2017,,1
FIN,2018,,1
FIN,2019,,1
FIN,2020,,1
FIN,2021,12.459,0
FIN,2022,,1
FIN,2023,9.945,0
FIN,2024,,1
FRA,2009,602.171,0
FRA,2010,606.635,0
FRA,2011,492.018,0
FRA,2012,545.209,0
FRA,2013,415.685,0
FRA,2014,525.792,0
FRA,2016,578.559,0
FRA,2017,719.044,0
FRA,2018,708.166,0
FRA,2019,753.319,0
FRA,2020,985.709,0
FRA,2021,1096.853,0
FRA,2022,1037.129,0
FRA,2023,1022.713,0
FRA,2024,869.971,0
GBR,2009,913.398,0
GBR,2010,,1
GBR,2011,,1
GBR,2012,,1
GBR,2013,,1
GBR,2014,,1
GBR,2015,90.396,0
GBR,2016,238.659,0
GBR,2017,206.726,0
GBR,2018,,1
GBR,2019,1922.3,0
GBR,2020,,1
GBR,2021,1058.599,0
GBR,2022,-409.105,0
GBR,2023,,1
GBR,2024,644.839,0
GNB,2016,0.0,0
GNB,2017,0.0,0
GNB,2018,0.0,0
GNB,2019,0.0,0
GNB,2022,0.0,0
GNB,2023,0.0,0
GRC,2009,0.0,0
GRC,2011,0.0,0
GRC,2012,0.0,0
GRC,2013,0.0,0
GRC,2014,0.0,0
GRC,2015,0.0,0
GRC,2016,0.0,0
GRC,2017,0.0,0
GRC,2018,0.0,0
GRC,2019,0.0,0
GRC,2020,1.018,0
GRC,2021,0.816,0
GRC,2022,0.441,0
GRC,2023,0.381,0
GRC,2024,0.292,0
GTM,2011,0.0,0
GTM,2012,0.0,0
GTM,2013,0.0,0
GTM,2014,0.0,0
GTM,2015,0.0,0
GTM,2016,0.0,0
GTM,2017,0.0,0
GTM,2018,0.0,0
GTM,2019,0.0,0
GTM,2020,0.0,0
GTM,2021,0.0,0
GTM,2022,0.0,0
GTM,2023,0.0,0
GTM,2024,0.0,0
HKG,2009,,1
HKG,2010,,1
HKG,2011,,1
HKG,2012,1340.043,0
HKG,2013,,1
HKG,2014,,1
HKG,2015,,1
HKG,2016,,1
HKG,2017,,1
HKG,2018,3486.852,0
HKG,2019,3862.463,0
HKG,2020,4549.981,0
HKG,2021,6086.176,0
HKG,2022,6434.939,0
HKG,2023,6586.993,0
HKG,2024,6397.218,0
HRV,2009,0.0,0
HRV,2010,0.0,0
HRV,2011,0.0,0
HRV,2012,0.0,0
HRV,2013,0.0,0
HRV,2014,0.0,0
HRV,2015,0.0,0
HRV,2016,0.0,0
HRV,2017,0.0,0
HRV,2018,0.0,0
HRV,2019,0.0,0
HRV,2020,0.0,0
HRV,2021,0.0,0
HRV,2022,0.0,0
HRV,2023,0.0,0
HRV,2024,0.0,0
HUN,2009,,1
HUN,2010,0.749,0
HUN,2011,1.116,0
HUN,2012,1.464,0
HUN,2013,6.42,0
HUN,2014,10.317,0
HUN,2015,10.553,0
HUN,2016,10.792,0
HUN,2017,11.04,0
HUN,2018,11.245,0
HUN,2019,11.475,0
HUN,2020,,1
HUN,2021,,1
HUN,2022,,1
HUN,2023,,1
HUN,2024,6.728,0
IDN,2018,648.358,0
IDN,2019,940.448,0
IDN,2020,987.184,0
IDN,2021,1170.605,0
IDN,2022,1090.553,0
IDN,2023,1162.364,0
IDN,2024,1221.732,0
IND,2010,45.704,0
IND,2011,48.16,0
IND,2012,33.481,0
IND,2013,77.144,0
IND,2014,55.391,0
IND,2015,74.028,0
IND,2016,85.263,0
IND,2017,102.304,0
IND,2018,84.25,0
IND,2019,661.56,0
IND,2020,1281.292,0
IND,2021,163.252,0
IND,2022,173.0,0
IND,2023,254.294,0
IND,2024,309.449,0
IRL,2009,,1
IRL,2010,,1
IRL,2011,,1
IRL,2012,0.0,0
IRL,2013,0.0,0
IRL,2014,0.0,0
IRL,2015,8.71,0
IRL,2016,,1
IRL,2017,13.192,0
IRL,2018,17.4,0
IRL,2019,19.99,0
IRL,2020,16.186,0
IRL,2021,,1
IRL,2022,,1
IRL,2023,,1
IRL,2024,,1
ISL,2016,0.0,0
ISL,2017,0.023,0
ISL,2018,0.385,0
ISL,2019,0.138,0
ISL,2020,0.013,0
ISL,2021,0.073,0
ISL,2022,0.069,0
ISL,2023,0.117,0
ISL,2024,-0.089,0
ISR,2010,0.0,0
ISR,2011,0.409,0
ISR,2012,0.361,0
ISR,2013,,1
ISR,2014,,1
ISR,2015,,1
ISR,2016,,1
ISR,2017,19.24,0
ISR,2018,45.039,0
ISR,2019,56.8,0
ISR,2020,65.4,0
ISR,2021,73.3,0
ISR,2022,,1
ISR,2023,,1
ITA,2009,119.116,0
ITA,2010,130.374,0
ITA,2011,162.403,0
ITA,2012,207.232,0
ITA,2013,246.629,0
ITA,2014,361.418,0
ITA,2015,451.804,0
ITA,2016,553.612,0
ITA,2017,749.019,0
ITA,2018,777.73,0
ITA,2019,805.526,0
ITA,2020,1076.118,0
ITA,2021,1132.173,0
ITA,2022,1122.89,0
ITA,2023,1240.453,0
ITA,2024,1080.758,0
JPN,2009,3355.42,0
JPN,2010,4503.904,0
JPN,2011,6357.578,0
JPN,2012,8392.94,0
JPN,2013,10796.971,0
JPN,2014,11925.166,0
JPN,2015,13146.61,0
JPN,2016,14517.763,0
JPN,2017,15621.68,0
JPN,2018,16827.676,0
JPN,2019,19557.195,0
JPN,2020,22177.822,0
JPN,2021,24856.498,0
JPN,2022,24690.776,0
JPN,2023,28893.041,0
JPN,2024,28671.061,0
KAZ,2009,0.0,0
KAZ,2010,0.0,0
KAZ,2011,0.0,0
KAZ,2012,0.0,0
KAZ,2013,0.0,0
KAZ,2014,0.0,0
KAZ,2015,0.0,0
KAZ,2016,0.0,0
KAZ,2017,0.0,0
KAZ,2018,0.0,0
KAZ,2019,0.0,0
KAZ,2020,0.0,0
KAZ,2021,0.0,0
KAZ,2022,0.0,0
KAZ,2023,0.0,0
KAZ,2024,0.0,0
KOR,2009,5254.856,0
KOR,2010,5666.031,0
KOR,2011,6083.448,0
KOR,2012,6895.79,0
KOR,2013,6177.707,0
KOR,2014,9477.883,0
KOR,2015,11532.699,0
KOR,2016,12555.758,0
KOR,2017,15705.73,0
KOR,2018,20376.979,0
KOR,2019,27667.741,0
KOR,2020,31187.691,0
KOR,2021,36292.354,0
KOR,2022,36628.087,0
KOR,2023,36867.566,0
KOR,2024,39895.175,0
KOS,2010,0.0,0
KOS,2011,0.0,0
KOS,2012,0.0,0
KOS,2013,0.0,0
KOS,2014,0.0,0
KOS,2015,0.0,0
KOS,2016,0.0,0
KOS,2017,0.0,0
KOS,2018,0.0,0
KOS,2019,0.0,0
KOS,2020,0.0,0
KOS,2021,0.0,0
KOS,2022,0.0,0
KOS,2023,0.0,0
KOS,2024,0.0,0
LBN,2011,0.0,0
LBN,2012,0.0,0
LBN,2013,0.0,0
LBN,2014,0.0,0
LBN,2015,0.0,0
LBN,2016,0.0,0
LBN,2017,0.0,0
LBN,2018,0.0,0
LBN,2019,0.0,0
LBN,2020,0.0,0
LBN,2021,0.0,0
LBN,2022,0.0,0
LKA,2016,9.209,0
LKA,2017,13.209,0
LKA,2018,13.209,0
LKA,2019,13.209,0
LKA,2020,13.209,0
LKA,2021,13.209,0
LKA,2022,13.209,0
LKA,2023,13.209,0
LKA,2024,13.209,0
LTU,2009,0.0,0
LTU,2010,0.0,0
LTU,2011,0.0,0
LTU,2012,0.0,0
LTU,2013,0.0,0
LTU,2014,0.0,0
LTU,2015,0.0,0
LTU,2016,0.0,0
LTU,2017,0.0,0
LTU,2018,0.0,0
LTU,2019,0.0,0
LTU,2020,,1
LTU,2021,,1
LTU,2022,,1
LTU,2023,,1
LTU,2024,0.81,0
LUX,2009,,1
LUX,2010,,1
LUX,2011,,1
LUX,2012,251.195,0
LUX,2013,351.375,0
LUX,2014,664.216,0
LUX,2015,706.541,0
LUX,2016,1197.791,0
LUX,2017,2399.107,0
LUX,2018,1158.337,0
LUX,2019,1072.979,0
LUX,2020,1098.696,0
LUX,2021,1280.146,0
LUX,2022,1389.751,0
LUX,2023,2133.309,0
LUX,2024,2541.019,0
LVA,2021,0.0,0
LVA,2022,0.0,0
LVA,2023,0.0,0
LVA,2024,-1.039,0
MAC,2009,0.0,0
MAC,2010,0.0,0
MAC,2011,0.0,0
MAC,2012,0.0,0
MAC,2013,,1
MAC,2014,,1
MAC,2015,,1
MAC,2016,,1
MAC,2017,,1
MAC,2018,19.806,0
MAC,2019,40.658,0
MAC,2020,56.055,0
MAC,2021,53.512,0
MAC,2022,52.133,0
MAC,2023,53.161,0
MAC,2024,80.009,0
MEX,2009,0.0,0
MEX,2010,0.0,0
MEX,2011,0.0,0
MEX,2012,0.0,0
MEX,2013,0.0,0
MEX,2014,0.0,0
MEX,2015,0.0,0
MEX,2016,0.0,0
MEX,2017,0.0,0
MEX,2018,0.0,0
MEX,2019,0.0,0
MEX,2020,0.0,0
MEX,2021,0.0,0
MEX,2022,0.0,0
MEX,2023,0.0,0
MEX,2024,0.0,0
MKD,2018,0.0,0
MKD,2019,0.0,0
MKD,2020,0.0,0
MKD,2021,0.0,0
MKD,2022,0.0,0
MKD,2023,0.0,0
MKD,2024,0.0,0
MLI,2011,0.0,0
MLI,2012,0.0,0
MLI,2016,0.0,0
MLI,2017,0.0,0
MLI,2018,0.0,0
MLT,2010,0.0,0
MLT,2011,0.0,0
MLT,2012,0.0,0
MLT,2021,,1
MLT,2022,,1
MLT,2023,,1
MLT,2024,,1
MOZ,2011,0.0,0
MOZ,2012,0.0,0
MOZ,2014,0.0,0
MOZ,2015,0.0,0
MUS,2011,115.0,0
MUS,2012,99.81,0
MUS,2013,72.36,0
MUS,2014,102.805,0
MUS,2015,84.0,0
MUS,2016,25.3,0
MUS,2017,25.4,0
MUS,2018,39.0,0
MUS,2019,41.0,0
MUS,2020,79.0,0
MUS,2021,99.0,0
MUS,2022,55.0,0
MUS,2023,33.0,0
MUS,2024,35.0,0
MYS,2009,1472.437,0
MYS,2010,1683.846,0
MYS,2011,2539.786,0
MYS,2012,2731.556,0
MYS,2013,2812.648,0
MYS,2014,2238.699,0
MYS,2015,2071.725,0
MYS,2016,1877.196,0
MYS,2017,1590.607,0
MYS,2018,1729.897,0
MYS,2019,2402.749,0
MYS,2020,2506.6,0
MYS,2021,2907.465,0
MYS,2022,3343.886,0
MYS,2023,3901.349,0
MYS,2024,4090.363,0
NGA,2019,0.0,0
NGA,2020,0.0,0
NGA,2021,0.0,0
NGA,2022,0.0,0
NGA,2023,0.0,0
NGA,2024,0.0,0
NLD,2009,1587.632,0
NLD,2010,1935.467,0
NLD,2011,1334.103,0
NLD,2012,2134.393,0
NLD,2013,3961.603,0
NLD,2014,4162.906,0
NLD,2015,2478.97,0
NLD,2016,3026.321,0
NLD,2017,3422.802,0
NLD,2018,3563.24,0
NLD,2019,3651.05,0
NLD,2020,3995.438,0
NLD,2021,3977.691,0
NLD,2022,4057.346,0
NLD,2023,4316.13,0
NLD,2024,4096.383,0
NOR,2009,123.875,0
NOR,2010,80.717,0
NOR,2011,107.179,0
NOR,2012,105.027,0
NOR,2013,109.375,0
NOR,2014,105.653,0
NOR,2015,80.817,0
NOR,2016,97.912,0
NOR,2017,118.758,0
NOR,2018,85.731,0
NOR,2019,126.538,0
NOR,2020,181.829,0
NOR,2021,166.553,0
NOR,2022,137.018,0
NOR,2023,164.307,0
NOR,2024,154.626,0
NZL,2009,,1
NZL,2010,,1
NZL,2011,,1
NZL,2012,,1
NZL,2013,0.0,0
NZL,2014,,1
NZL,2015,,1
NZL,2016,0.0,0
NZL,2017,7.12,0
NZL,2018,0.0,0
NZL,2019,0.0,0
NZL,2020,,1
NZL,2021,,1
NZL,2022,,1
NZL,2023,,1
NZL,2024,,1
PER,2009,0.0,0
PER,2010,0.0,0
PHL,2009,,1
PHL,2010,,1
PHL,2011,6.484,0
PHL,2012,7.424,0
PHL,2013,9.109,0
PHL,2014,9.803,0
PHL,2015,6.43,0
PHL,2016,6.866,0
PHL,2017,44.515,0
PHL,2018,42.059,0
PHL,2019,45.648,0
PHL,2020,47.647,0
PHL,2021,44.241,0
PHL,2022,48.324,0
PHL,2023,40.743,0
PHL,2024,46.002,0
POL,2009,,1
POL,2010,64.741,0
POL,2011,0.293,0
POL,2012,0.323,0
POL,2013,0.332,0
POL,2014,12.26,0
POL,2015,16.406,0
POL,2016,0.0,0
POL,2017,44.811,0
POL,2018,18.884,0
POL,2019,18.959,0
POL,2020,15.432,0
POL,2021,20.69,0
POL,2022,18.856,0
POL,2023,25.413,0
POL,2024,25.358,0
PRT,2009,,1
PRT,2010,,1
PRT,2011,,1
PRT,2012,,1
PRT,2013,,1
PRT,2014,,1
PRT,2015,,1
PRT,2016,,1
PRT,2017,,1
PRT,2018,,1
PRT,2019,,1
PRT,2020,,1
PRT,2021,,1
PRT,2022,-5.152,0
PRT,2023,-7.227,0
PRT,2024,-2.826,0
RUS,2009,987.039,0
RUS,2010,1022.1,0
RUS,2011,1078.54,0
RUS,2012,412.273,0
RUS,2013,558.401,0
RUS,2014,2190.645,0
RUS,2015,1940.483,0
RUS,2016,1972.357,0
RUS,2017,,1
RUS,2018,,1
RUS,2019,,1
RUS,2020,,1
RUS,2021,,1
SEN,2011,0.0,0
SEN,2012,0.0,0
SLV,2012,0.0,0
SLV,2013,0.0,0
SLV,2014,0.0,0
SLV,2015,0.0,0
SLV,2016,0.0,0
SLV,2017,0.0,0
SLV,2018,0.0,0
SLV,2019,0.0,0
SLV,2020,0.0,0
SLV,2021,0.0,0
SLV,2022,0.0,0
SRB,2014,0.0,0
SRB,2015,0.0,0
SRB,2017,0.0,0
SRB,2018,0.0,0
SRB,2019,0.0,0
SRB,2020,0.0,0
SRB,2021,0.0,0
SRB,2022,0.0,0
SRB,2023,0.0,0
SRB,2024,0.0,0
SVK,2009,0.0,0
SVK,2010,0.0,0
SVK,2011,,1
SVK,2012,,1
SVK,2013,14.894,0
SVK,2014,,1
SVK,2015,,1
SVK,2016,,1
SVK,2017,,1
SVK,2018,,1
SVK,2019,24.965,0
SVK,2020,,1
SVK,2021,,1
SVK,2022,,1
SVK,2023,10.351,0
SVK,2024,9.92,0
SVN,2013,0.0,0
SVN,2014,0.0,0
SVN,2015,0.0,0
SVN,2016,0.0,0
SVN,2017,0.0,0
SVN,2018,0.0,0
SVN,2019,0.0,0
SVN,2020,0.0,0
SVN,2021,0.0,0
SVN,2022,0.0,0
SVN,2023,0.0,0
SVN,2024,0.0,0
SWE,2010,,1
SWE,2011,,1
SWE,2012,14.144,0
SWE,2013,-0.467,0
SWE,2014,-20.035,0
SWE,2015,2.606,0
SWE,2016,-5.186,0
SWE,2017,0.853,0
SWE,2018,7.146,0
SWE,2019,20.002,0
SWE,2020,17.365,0
SWE,2021,17.924,0
SWE,2022,12.18,0
SWE,2023,90.523,0
SWE,2024,134.181,0
SWZ,2017,0.0,0
SWZ,2018,0.0,0
SWZ,2019,0.0,0
SWZ,2020,0.0,0
SWZ,2021,0.0,0
SWZ,2022,0.0,0
SWZ,2023,0.0,0
TGO,2011,0.0,0
TGO,2013,0.0,0
TGO,2019,0.0,0
TGO,2020,0.0,0
TGO,2021,0.0,0
THA,2009,609.559,0
THA,2010,747.459,0
THA,2011,2020.787,0
THA,2012,1706.451,0
THA,2013,1892.339,0
THA,2014,2020.787,0
THA,2015,2416.344,0
THA,2016,3564.899,0
THA,2017,5166.32,0
THA,2018,6261.272,0
THA,2019,7689.444,0
THA,2020,9419.566,0
THA,2021,10161.404,0
THA,2022,10395.545,0
THA,2023,12747.766,0
THA,2024,13705.853,0
TUR,2009,0.0,0
TUR,2010,0.0,0
TUR,2011,0.0,0
TUR,2012,0.0,0
TUR,2013,0.0,0
TUR,2014,0.0,0
TUR,2015,0.0,0
TUR,2016,0.0,0
TUR,2017,0.0,0
TUR,2018,0.0,0
TUR,2019,3.0,0
TUR,2020,2.0,0
TUR,2021,3.0,0
TUR,2022,4.0,0
TUR,2023,5.0,0
TUR,2024,3.0,0
ZAF,2009,0.0,0
ZAF,2010,0.0,0
ZAF,2011,0.0,0
ZAF,2012,0.0,0
ZAF,2013,0.0,0
ZAF,2014,0.0,0
ZAF,2015,0.0,0
ZAF,2016,0.0,0
ZAF,2017,0.0,0
ZAF,2018,0.0,0
ZAF,2019,0.0,0
ZAF,2020,0.0,0
ZAF,2021,0.0,0
ZAF,2022,0.294,0
ZAF,2023,1.188,0
ZAF,2024,0.907,0
