iso3,name_in_source,fsf_group,note
GGY,Guernsey,I,
HKG,"Hong Kong, SAR",I,
IMN,Isle of Man,I,
JEY,Jersey,I,
LUX,Luxembourg,I,
SGP,Singapore,I,
CHE,Switzerland,I,
AND,Andorra,II,
BHR,Bahrain,II,
BRB,Barbados,II,
BMU,Bermuda,II,
GIB,Gibraltar,II,
MAC,"Macao, SAR",II,
MLT,Malta,II,
MCO,Monaco,II,
AIA,Anguilla,III,
ATG,Antigua & Barbuda,III,
ABW,Aruba,III,
BHS,Bahamas,III,
BLZ,Belize,III,
VGB,British Virgin Islands,III,
CYM,Cayman Islands,III,
COK,Cook Islands,III,
CRI,Costa Rica,III,
CYP,Cyprus,III,
LBN,Lebanon,III,
LIE,Liechtenstein,III,
MHL,Marshall Islands,III,
MUS,Mauritius,III,
NRU,Nauru,III,
ANT,Netherlands Antilles,III,
NIU,Niue,III,
PAN,Panama,III,
WSM,Samoa,III,
SYC,Seychelles,III,
KNA,St. Kitts and Nevis,III,
LCA,St. Lucia,III,
VCT,St. Vincent and Grenadines,III,
TCA,Turks and Caicos,III,
VUT,Vanuatu,III,
CUW,Netherlands Antilles,III,Successor of the Netherlands Antilles (dissolved 10 Oct 2010); added by the authors.
SXM,Netherlands Antilles,III,Successor of the Netherlands Antilles (dissolved 10 Oct 2010); added by the authors.
