iso3,year,gdp_usd,gdppc_usd,source
TWN,2005,374060000000.0,16427.459,"IMF WEO April 2026 (NGDPD, NGDPDPC), DataMapper API"
TWN,2006,386450000000.0,16892.883,"IMF WEO April 2026 (NGDPD, NGDPDPC), DataMapper API"
TWN,2007,406907000000.0,17723.704,"IMF WEO April 2026 (NGDPD, NGDPDPC), DataMapper API"
TWN,2008,415901000000.0,18053.591,"IMF WEO April 2026 (NGDPD, NGDPDPC), DataMapper API"
TWN,2009,390829000000.0,16904.543,"IMF WEO April 2026 (NGDPD, NGDPDPC), DataMapper API"
TWN,2010,444281000000.0,19181.358,"IMF WEO April 2026 (NGDPD, NGDPDPC), DataMapper API"
TWN,2011,483974000000.0,20838.589,"IMF WEO April 2026 (NGDPD, NGDPDPC), DataMapper API"
TWN,2012,495610000000.0,21256.361,"IMF WEO April 2026 (NGDPD, NGDPDPC), DataMapper API"
TWN,2013,512943000000.0,21945.46,"IMF WEO April 2026 (NGDPD, NGDPDPC), DataMapper API"
TWN,2014,535328000000.0,22844.316,"IMF WEO April 2026 (NGDPD, NGDPDPC), DataMapper API"
TWN,2015,534515000000.0,22752.991,"IMF WEO April 2026 (NGDPD, NGDPDPC), DataMapper API"
TWN,2016,543081000000.0,23070.733,"IMF WEO April 2026 (NGDPD, NGDPDPC), DataMapper API"
TWN,2017,591687000000.0,25102.094,"IMF WEO April 2026 (NGDPD, NGDPDPC), DataMapper API"
TWN,2018,610690000000.0,25888.836,"IMF WEO April 2026 (NGDPD, NGDPDPC), DataMapper API"
TWN,2019,613512000000.0,25992.849,"IMF WEO April 2026 (NGDPD, NGDPDPC), DataMapper API"
TWN,2020,676861000000.0,28727.743,"IMF WEO April 2026 (NGDPD, NGDPDPC), DataMapper API"
TWN,2021,776965000000.0,33238.717,"IMF WEO April 2026 (NGDPD, NGDPDPC), DataMapper API"
TWN,2022,765624000000.0,32909.322,"IMF WEO April 2026 (NGDPD, NGDPDPC), DataMapper API"
TWN,2023,757387000000.0,32338.714,"IMF WEO April 2026 (NGDPD, NGDPDPC), DataMapper API"
TWN,2024,801495000000.0,34251.621,"IMF WEO April 2026 (NGDPD, NGDPDPC), DataMapper API"
