iso3,year,va
ABW,2005,1.0243056
ABW,2006,1.0327517
ABW,2007,1.0287128
ABW,2008,1.031528
ABW,2009,1.4150182
ABW,2010,1.4138479
ABW,2011,1.4156606
ABW,2012,1.4142273
ABW,2013,1.412012
ABW,2014,1.4142112
ABW,2015,1.4146553
ABW,2016,1.4136563
ABW,2017,1.4128427
ABW,2018,1.4340152
ABW,2019,1.4336723
ABW,2020,1.4325995
ABW,2021,1.1203501
ABW,2022,1.1188405
ABW,2023,1.116846
ABW,2024,1.1157664
AFG,2005,-1.0993932
AFG,2006,-1.0213084
AFG,2007,-0.9788668
AFG,2008,-1.0188802
AFG,2009,-1.215439
AFG,2010,-1.292405
AFG,2011,-1.1924129
AFG,2012,-1.1449237
AFG,2013,-1.1701187
AFG,2014,-1.1116375
AFG,2015,-1.1154901
AFG,2016,-1.1311646
AFG,2017,-1.1481128
AFG,2018,-1.0745188
AFG,2019,-1.0369553
AFG,2020,-0.990332
AFG,2021,-1.4467124
AFG,2022,-1.8899298
AFG,2023,-2.0679992
AFG,2024,-2.154862
AGO,2005,-1.2040239
AGO,2006,-1.1175282
AGO,2007,-1.0975045
AGO,2008,-1.0108466
AGO,2009,-1.0109685
AGO,2010,-1.0138282
AGO,2011,-1.0083127
AGO,2012,-0.9965472
AGO,2013,-1.0392741
AGO,2014,-1.0878461
AGO,2015,-1.1147957
AGO,2016,-1.1459645
AGO,2017,-1.095624
AGO,2018,-0.8708933
AGO,2019,-0.8094957
AGO,2020,-0.8324325
AGO,2021,-0.9080105
AGO,2022,-0.9701729
AGO,2023,-0.9459817
AGO,2024,-0.977759
ALB,2005,0.13082
ALB,2006,0.1758837
ALB,2007,0.1483063
ALB,2008,0.2354351
ALB,2009,0.2146473
ALB,2010,0.1811537
ALB,2011,0.0652195
ALB,2012,0.0189938
ALB,2013,0.00704
ALB,2014,0.1396133
ALB,2015,0.1305017
ALB,2016,0.1479689
ALB,2017,0.1736421
ALB,2018,0.2080191
ALB,2019,0.1905026
ALB,2020,0.1373641
ALB,2021,0.0810021
ALB,2022,0.1082213
ALB,2023,0.0494378
ALB,2024,0.0735983
AND,2005,1.3768685
AND,2006,1.3838176
AND,2007,1.3823928
AND,2008,1.3833859
AND,2009,1.3838897
AND,2010,1.3827163
AND,2011,1.3845339
AND,2012,1.4448371
AND,2013,1.4428873
AND,2014,1.3110152
AND,2015,1.3114061
AND,2016,1.2729588
AND,2017,1.2850465
AND,2018,0.9643788
AND,2019,0.9810397
AND,2020,0.9614411
AND,2021,0.859867
AND,2022,0.9343894
AND,2023,0.7669371
AND,2024,0.7851486
ARE,2005,-1.1268018
ARE,2006,-0.8530808
ARE,2007,-0.822775
ARE,2008,-0.7819936
ARE,2009,-0.7067773
ARE,2010,-0.7625877
ARE,2011,-0.6382695
ARE,2012,-0.7649345
ARE,2013,-0.9036072
ARE,2014,-0.8550333
ARE,2015,-0.873193
ARE,2016,-0.8542588
ARE,2017,-0.8849678
ARE,2018,-1.0368303
ARE,2019,-1.0172078
ARE,2020,-1.02218
ARE,2021,-1.0479083
ARE,2022,-1.0406492
ARE,2023,-1.111723
ARE,2024,-1.0797117
ARG,2005,0.5399215
ARG,2006,0.5341526
ARG,2007,0.5340209
ARG,2008,0.460876
ARG,2009,0.4501891
ARG,2010,0.5112091
ARG,2011,0.4383538
ARG,2012,0.4291095
ARG,2013,0.3415709
ARG,2014,0.3785035
ARG,2015,0.4312963
ARG,2016,0.4995183
ARG,2017,0.6014504
ARG,2018,0.6537489
ARG,2019,0.6284291
ARG,2020,0.6300506
ARG,2021,0.578893
ARG,2022,0.5418299
ARG,2023,0.5327879
ARG,2024,0.4273618
ARM,2005,-0.5204764
ARM,2006,-0.5689606
ARM,2007,-0.4894413
ARM,2008,-0.7048515
ARM,2009,-0.7861075
ARM,2010,-0.7249888
ARM,2011,-0.5481432
ARM,2012,-0.4200963
ARM,2013,-0.4303576
ARM,2014,-0.4074587
ARM,2015,-0.352287
ARM,2016,-0.3843301
ARM,2017,-0.3313306
ARM,2018,0.2745164
ARM,2019,0.2927413
ARM,2020,0.2990892
ARM,2021,0.2125066
ARM,2022,0.1608334
ARM,2023,0.171516
ARM,2024,0.2215354
ASM,2005,0.5893929
ASM,2006,0.597839
ASM,2007,1.0287128
ASM,2008,1.031528
ASM,2009,1.0329562
ASM,2010,1.0296298
ASM,2011,1.0347824
ASM,2012,1.030708
ASM,2013,1.0244111
ASM,2014,1.0306624
ASM,2015,1.0319248
ASM,2016,1.0290852
ASM,2017,1.0267723
ASM,2018,
ASM,2019,1.3289432
ASM,2020,1.0622586
ASM,2021,1.0494846
ASM,2022,1.0459951
ASM,2023,1.0413849
ASM,2024,1.0388892
ATG,2005,0.5744809
ATG,2006,0.6406696
ATG,2007,0.5721186
ATG,2008,0.576973
ATG,2009,0.7060672
ATG,2010,0.6225002
ATG,2011,0.6243179
ATG,2012,0.667539
ATG,2013,0.6613481
ATG,2014,0.6675229
ATG,2015,0.6039721
ATG,2016,0.6209733
ATG,2017,0.5551771
ATG,2018,0.5161276
ATG,2019,0.5535205
ATG,2020,0.5528953
ATG,2021,0.5702999
ATG,2022,0.5515049
ATG,2023,0.5596285
ATG,2024,0.5525469
AUS,2005,1.5238598
AUS,2006,1.5139835
AUS,2007,1.5031126
AUS,2008,1.5011666
AUS,2009,1.5047149
AUS,2010,1.5365174
AUS,2011,1.5639395
AUS,2012,1.6081309
AUS,2013,1.464463
AUS,2014,1.459967
AUS,2015,1.4779044
AUS,2016,1.5095843
AUS,2017,1.536445
AUS,2018,1.4823097
AUS,2019,1.4199625
AUS,2020,1.3933215
AUS,2021,1.3595514
AUS,2022,1.406721
AUS,2023,1.4324932
AUS,2024,1.4175315
AUT,2005,1.3202706
AUT,2006,1.5398442
AUT,2007,1.5440978
AUT,2008,1.5056427
AUT,2009,1.5373827
AUT,2010,1.5361457
AUT,2011,1.5087941
AUT,2012,1.510245
AUT,2013,1.5389127
AUT,2014,1.4967933
AUT,2015,1.5068375
AUT,2016,1.4722431
AUT,2017,1.4400845
AUT,2018,1.4365989
AUT,2019,1.4298481
AUT,2020,1.4206202
AUT,2021,1.481076
AUT,2022,1.4698669
AUT,2023,1.4495089
AUT,2024,1.3949971
AZE,2005,-1.0556122
AZE,2006,-0.9889903
AZE,2007,-0.962784
AZE,2008,-0.9712166
AZE,2009,-0.9351112
AZE,2010,-1.012788
AZE,2011,-1.0133053
AZE,2012,-1.0085178
AZE,2013,-1.151521
AZE,2014,-1.1740136
AZE,2015,-1.2051099
AZE,2016,-1.2383352
AZE,2017,-1.2479795
AZE,2018,-1.2798004
AZE,2019,-1.5068969
AZE,2020,-1.4993891
AZE,2021,-1.4925373
AZE,2022,-1.4947891
AZE,2023,-1.5668801
AZE,2024,-1.5614123
BDI,2005,-0.6341102
BDI,2006,-0.6035416
BDI,2007,-0.5950747
BDI,2008,-0.6053251
BDI,2009,-0.5711523
BDI,2010,-0.8847112
BDI,2011,-0.9171111
BDI,2012,-1.0331995
BDI,2013,-1.0737166
BDI,2014,-1.0296023
BDI,2015,-1.2298455
BDI,2016,-1.4299141
BDI,2017,-1.4546727
BDI,2018,-1.615723
BDI,2019,-1.6580759
BDI,2020,-1.5268793
BDI,2021,-1.499743
BDI,2022,-1.4718433
BDI,2023,-1.4085088
BDI,2024,-1.571347
BEL,2005,1.4189329
BEL,2006,1.4889393
BEL,2007,1.5296641
BEL,2008,1.4652113
BEL,2009,1.4851593
BEL,2010,1.4607575
BEL,2011,1.3887746
BEL,2012,1.3982392
BEL,2013,1.4279593
BEL,2014,1.4234874
BEL,2015,1.4677513
BEL,2016,1.4497534
BEL,2017,1.3916619
BEL,2018,1.4107503
BEL,2019,1.3796076
BEL,2020,1.3706132
BEL,2021,1.4717579
BEL,2022,1.4706813
BEL,2023,1.4627287
BEL,2024,1.4210289
BEN,2005,0.2068123
BEN,2006,0.4607171
BEN,2007,0.4120825
BEN,2008,0.3733483
BEN,2009,0.4194362
BEN,2010,0.3917197
BEN,2011,0.1732541
BEN,2012,0.1601101
BEN,2013,0.1538425
BEN,2014,0.12754
BEN,2015,0.1613438
BEN,2016,0.30533
BEN,2017,0.2844841
BEN,2018,0.2790631
BEN,2019,0.0339844
BEN,2020,-0.0451458
BEN,2021,-0.3075847
BEN,2022,-0.4245317
BEN,2023,-0.2968141
BEN,2024,-0.3217748
BFA,2005,-0.2976659
BFA,2006,-0.2259858
BFA,2007,-0.2024669
BFA,2008,-0.2113173
BFA,2009,-0.2339955
BFA,2010,-0.2229042
BFA,2011,-0.2089588
BFA,2012,-0.2322839
BFA,2013,-0.2614565
BFA,2014,-0.2850944
BFA,2015,-0.145511
BFA,2016,-0.0546764
BFA,2017,0.0004387
BFA,2018,-0.0197951
BFA,2019,-0.0602373
BFA,2020,-0.1532415
BFA,2021,-0.129467
BFA,2022,-0.5489209
BFA,2023,-0.6556999
BFA,2024,-0.9865989
BGD,2005,-0.4495426
BGD,2006,-0.468472
BGD,2007,-0.4553427
BGD,2008,-0.3496611
BGD,2009,-0.1882991
BGD,2010,-0.1730241
BGD,2011,-0.2569306
BGD,2012,-0.4230766
BGD,2013,-0.5208169
BGD,2014,-0.626625
BGD,2015,-0.7015697
BGD,2016,-0.7756841
BGD,2017,-0.8069247
BGD,2018,-0.8202114
BGD,2019,-0.843034
BGD,2020,-0.8640227
BGD,2021,-0.9294292
BGD,2022,-0.9676641
BGD,2023,-1.0480348
BGD,2024,-0.9966548
BGR,2005,0.6295858
BGR,2006,0.6817725
BGR,2007,0.7143795
BGR,2008,0.6679242
BGR,2009,0.6506024
BGR,2010,0.5890984
BGR,2011,0.4289224
BGR,2012,0.4364828
BGR,2013,0.2951528
BGR,2014,0.2949592
BGR,2015,0.3244429
BGR,2016,0.3191694
BGR,2017,0.2324123
BGR,2018,0.1898983
BGR,2019,0.2763911
BGR,2020,0.3022317
BGR,2021,0.3131591
BGR,2022,0.3150292
BGR,2023,0.3426482
BGR,2024,0.2946579
BHR,2005,-0.7873819
BHR,2006,-0.7566576
BHR,2007,-0.7117015
BHR,2008,-0.7233403
BHR,2009,-0.7366932
BHR,2010,-0.9558111
BHR,2011,-1.2070953
BHR,2012,-1.1884934
BHR,2013,-1.2555127
BHR,2014,-1.2608524
BHR,2015,-1.2396747
BHR,2016,-1.3318199
BHR,2017,-1.349713
BHR,2018,-1.4384287
BHR,2019,-1.4238028
BHR,2020,-1.4275299
BHR,2021,-1.4731466
BHR,2022,-1.4739471
BHR,2023,-1.490317
BHR,2024,-1.4726314
BHS,2005,1.0553315
BHS,2006,1.0545808
BHS,2007,1.1403336
BHS,2008,1.1410865
BHS,2009,0.9572351
BHS,2010,0.9566391
BHS,2011,0.9247075
BHS,2012,0.9259937
BHS,2013,0.9228493
BHS,2014,0.9254786
BHS,2015,0.6845627
BHS,2016,0.5885442
BHS,2017,0.6043284
BHS,2018,0.6035167
BHS,2019,0.6951516
BHS,2020,0.6947981
BHS,2021,0.7307024
BHS,2022,0.6826115
BHS,2023,0.6532098
BHS,2024,0.6399389
BIH,2005,0.3659477
BIH,2006,0.2884084
BIH,2007,0.2340523
BIH,2008,0.140255
BIH,2009,0.108035
BIH,2010,0.008979
BIH,2011,-0.0892105
BIH,2012,-0.0775461
BIH,2013,-0.1262506
BIH,2014,-0.1063606
BIH,2015,-0.1473332
BIH,2016,-0.1838586
BIH,2017,-0.3070194
BIH,2018,-0.3428089
BIH,2019,-0.3441245
BIH,2020,-0.3352261
BIH,2021,-0.3666814
BIH,2022,-0.3917804
BIH,2023,-0.3655025
BIH,2024,-0.2707205
BLR,2005,-1.3376577
BLR,2006,-1.4333117
BLR,2007,-1.3855837
BLR,2008,-1.1998562
BLR,2009,-1.1794586
BLR,2010,-1.2157878
BLR,2011,-1.2567774
BLR,2012,-1.2208378
BLR,2013,-1.2720746
BLR,2014,-1.2063842
BLR,2015,-1.2185202
BLR,2016,-1.1121417
BLR,2017,-1.1608069
BLR,2018,-1.0708444
BLR,2019,-1.252271
BLR,2020,-1.3711416
BLR,2021,-1.6128147
BLR,2022,-1.692573
BLR,2023,-1.7794226
BLR,2024,-1.7456995
BLZ,2005,0.8270902
BLZ,2006,0.5897284
BLZ,2007,0.559859
BLZ,2008,0.5321276
BLZ,2009,0.7104577
BLZ,2010,0.7055887
BLZ,2011,0.7219264
BLZ,2012,0.7212403
BLZ,2013,0.7423606
BLZ,2014,0.4217105
BLZ,2015,0.3529407
BLZ,2016,0.35223
BLZ,2017,0.3586194
BLZ,2018,0.2097971
BLZ,2019,0.2298579
BLZ,2020,0.2361216
BLZ,2021,0.2287339
BLZ,2022,0.252867
BLZ,2023,0.2560261
BLZ,2024,0.2346281
BMU,2005,1.0243056
BMU,2006,1.0327517
BMU,2007,1.0287128
BMU,2008,1.031528
BMU,2009,1.0329562
BMU,2010,1.0296298
BMU,2011,1.0347824
BMU,2012,1.030708
BMU,2013,1.0244111
BMU,2014,1.0306624
BMU,2015,1.0319248
BMU,2016,1.0290852
BMU,2017,1.0267723
BMU,2018,
BMU,2019,
BMU,2020,
BMU,2021,
BMU,2022,
BMU,2023,
BMU,2024,
BOL,2005,0.1991981
BOL,2006,0.230659
BOL,2007,0.1562396
BOL,2008,0.1661977
BOL,2009,0.2098571
BOL,2010,0.1636856
BOL,2011,0.0530609
BOL,2012,0.0148099
BOL,2013,0.0131831
BOL,2014,0.0696793
BOL,2015,0.012681
BOL,2016,-0.0431117
BOL,2017,-0.0663482
BOL,2018,-0.1264404
BOL,2019,-0.3070138
BOL,2020,-0.1948824
BOL,2021,-0.1557336
BOL,2022,-0.2139889
BOL,2023,-0.2576924
BOL,2024,-0.2664666
BRA,2005,0.6718742
BRA,2006,0.6695413
BRA,2007,0.6543369
BRA,2008,0.7558684
BRA,2009,0.6840381
BRA,2010,0.7252045
BRA,2011,0.6314093
BRA,2012,0.710812
BRA,2013,0.591705
BRA,2014,0.5655299
BRA,2015,0.5837251
BRA,2016,0.5425851
BRA,2017,0.5214075
BRA,2018,0.3952101
BRA,2019,0.3209495
BRA,2020,0.2862822
BRA,2021,0.1629575
BRA,2022,0.1158359
BRA,2023,0.2848618
BRA,2024,0.4018924
BRB,2005,1.0391654
BRB,2006,1.0582428
BRB,2007,1.0746835
BRB,2008,1.0238581
BRB,2009,1.2463261
BRB,2010,1.2265266
BRB,2011,1.2112644
BRB,2012,1.1908262
BRB,2013,1.1756699
BRB,2014,1.1628088
BRB,2015,1.0420331
BRB,2016,1.0307399
BRB,2017,0.9895979
BRB,2018,1.0328167
BRB,2019,1.0113814
BRB,2020,1.0320906
BRB,2021,1.056541
BRB,2022,1.069856
BRB,2023,1.0661768
BRB,2024,1.070571
BRN,2005,-0.8083575
BRN,2006,-0.8411478
BRN,2007,-0.8927144
BRN,2008,-0.8606888
BRN,2009,-0.768223
BRN,2010,-0.7507506
BRN,2011,-0.6868327
BRN,2012,-0.6681581
BRN,2013,-0.6614419
BRN,2014,-0.6551934
BRN,2015,-0.7369013
BRN,2016,-0.7798881
BRN,2017,-0.885917
BRN,2018,-0.9360749
BRN,2019,-0.9270691
BRN,2020,-0.9288236
BRN,2021,-0.9689689
BRN,2022,-0.9612573
BRN,2023,-0.9467778
BRN,2024,-0.9482769
BTN,2005,-0.6913122
BTN,2006,-0.771119
BTN,2007,-0.586445
BTN,2008,-0.2808688
BTN,2009,-0.2096561
BTN,2010,-0.1949035
BTN,2011,-0.2059868
BTN,2012,-0.014927
BTN,2013,0.0703514
BTN,2014,0.1057577
BTN,2015,0.1218295
BTN,2016,0.1183885
BTN,2017,0.1181504
BTN,2018,0.2294967
BTN,2019,0.2450872
BTN,2020,0.1797644
BTN,2021,0.183471
BTN,2022,0.1138316
BTN,2023,0.1179566
BTN,2024,0.2112041
BWA,2005,0.6986304
BWA,2006,0.663468
BWA,2007,0.6247347
BWA,2008,0.6331944
BWA,2009,0.632198
BWA,2010,0.610429
BWA,2011,0.5745735
BWA,2012,0.5972413
BWA,2013,0.4960966
BWA,2014,0.432205
BWA,2015,0.384673
BWA,2016,0.3326616
BWA,2017,0.3146354
BWA,2018,0.3311409
BWA,2019,0.3610393
BWA,2020,0.3505933
BWA,2021,0.2820692
BWA,2022,0.2314463
BWA,2023,0.2338316
BWA,2024,0.3835454
CAF,2005,-0.9484726
CAF,2006,-0.9537774
CAF,2007,-0.9500917
CAF,2008,-0.9099357
CAF,2009,-0.9340667
CAF,2010,-1.0148556
CAF,2011,-0.9619581
CAF,2012,-1.0113378
CAF,2013,-1.2572197
CAF,2014,-1.0812776
CAF,2015,-1.062155
CAF,2016,-1.00722
CAF,2017,-0.9900425
CAF,2018,-0.9150243
CAF,2019,-0.9772959
CAF,2020,-1.1379779
CAF,2021,-1.157132
CAF,2022,-1.1886691
CAF,2023,-1.2474342
CAF,2024,-1.2599946
CAN,2005,1.4674916
CAN,2006,1.5077399
CAN,2007,1.5230554
CAN,2008,1.4804374
CAN,2009,1.4586302
CAN,2010,1.3680319
CAN,2011,1.3847527
CAN,2012,1.3909675
CAN,2013,1.4432752
CAN,2014,1.4091708
CAN,2015,1.5255017
CAN,2016,1.5364343
CAN,2017,1.5680735
CAN,2018,1.557084
CAN,2019,1.5314313
CAN,2020,1.543713
CAN,2021,1.4363507
CAN,2022,1.4357031
CAN,2023,1.4761236
CAN,2024,1.4667359
CHE,2005,1.5597092
CHE,2006,1.5854919
CHE,2007,1.584106
CHE,2008,1.5552536
CHE,2009,1.57501
CHE,2010,1.568594
CHE,2011,1.5645608
CHE,2012,1.5611115
CHE,2013,1.55166
CHE,2014,1.5331256
CHE,2015,1.5358585
CHE,2016,1.5412964
CHE,2017,1.5595758
CHE,2018,1.5617713
CHE,2019,1.5419002
CHE,2020,1.5340465
CHE,2021,1.5631459
CHE,2022,1.5789512
CHE,2023,1.5268206
CHE,2024,1.541005
CHL,2005,1.280841
CHL,2006,1.2808384
CHL,2007,1.2919239
CHL,2008,1.180389
CHL,2009,1.2077884
CHL,2010,1.1790103
CHL,2011,1.104673
CHL,2012,1.0891833
CHL,2013,1.0964034
CHL,2014,1.105745
CHL,2015,1.0813879
CHL,2016,1.0883483
CHL,2017,1.0820717
CHL,2018,1.0784428
CHL,2019,1.0282657
CHL,2020,1.0427331
CHL,2021,0.9991393
CHL,2022,1.0191262
CHL,2023,1.0355912
CHL,2024,1.0174547
CHN,2005,-1.6346226
CHN,2006,-1.591566
CHN,2007,-1.5973475
CHN,2008,-1.6324699
CHN,2009,-1.6172202
CHN,2010,-1.6198168
CHN,2011,-1.5239675
CHN,2012,-1.5724302
CHN,2013,-1.5998789
CHN,2014,-1.51968
CHN,2015,-1.5540849
CHN,2016,-1.551003
CHN,2017,-1.5225011
CHN,2018,-1.5750669
CHN,2019,-1.607176
CHN,2020,-1.6492423
CHN,2021,-1.7088924
CHN,2022,-1.7129521
CHN,2023,-1.7379244
CHN,2024,-1.7407729
CIV,2005,-1.3266852
CIV,2006,-1.1195763
CIV,2007,-1.0830309
CIV,2008,-1.0653348
CIV,2009,-1.0342909
CIV,2010,-0.9939555
CIV,2011,-0.9871712
CIV,2012,-0.7468013
CIV,2013,-0.6943573
CIV,2014,-0.6240689
CIV,2015,-0.5517862
CIV,2016,-0.544593
CIV,2017,-0.5012923
CIV,2018,-0.3765847
CIV,2019,-0.3733168
CIV,2020,-0.5518192
CIV,2021,-0.6024849
CIV,2022,-0.5530451
CIV,2023,-0.5389561
CIV,2024,-0.5199531
CMR,2005,-1.0528038
CMR,2006,-0.9308494
CMR,2007,-0.8948006
CMR,2008,-0.9704544
CMR,2009,-0.9936942
CMR,2010,-1.0331026
CMR,2011,-1.0057667
CMR,2012,-1.0634877
CMR,2013,-1.057756
CMR,2014,-0.9502357
CMR,2015,-0.963729
CMR,2016,-1.0428859
CMR,2017,-1.0748551
CMR,2018,-1.2026243
CMR,2019,-1.2358289
CMR,2020,-1.1933548
CMR,2021,-1.2439734
CMR,2022,-1.2449411
CMR,2023,-1.2223919
CMR,2024,-1.2308469
COD,2005,-1.466688
COD,2006,-1.1445795
COD,2007,-1.1046932
COD,2008,-1.2454828
COD,2009,-1.2951237
COD,2010,-1.3231476
COD,2011,-1.4247176
COD,2012,-1.3963994
COD,2013,-1.3864757
COD,2014,-1.2830611
COD,2015,-1.293603
COD,2016,-1.4080782
COD,2017,-1.4923281
COD,2018,-1.4164574
COD,2019,-1.2328659
COD,2020,-1.1717848
COD,2021,-1.1870235
COD,2022,-1.1766698
COD,2023,-1.1599795
COD,2024,-1.1839435
COG,2005,-1.0373574
COG,2006,-1.1080786
COG,2007,-1.1267673
COG,2008,-1.0836608
COG,2009,-1.0845483
COG,2010,-1.0444511
COG,2011,-1.043677
COG,2012,-1.0819285
COG,2013,-1.0384175
COG,2014,-1.0598145
COG,2015,-0.9817769
COG,2016,-1.0883321
COG,2017,-1.0760323
COG,2018,-1.1490227
COG,2019,-1.2303137
COG,2020,-1.1903711
COG,2021,-1.2678598
COG,2022,-1.2588422
COG,2023,-1.2640748
COG,2024,-1.2535582
COL,2005,-0.2753205
COL,2006,-0.2249477
COL,2007,-0.1800005
COL,2008,-0.1032219
COL,2009,-0.1214052
COL,2010,-0.1191783
COL,2011,-0.0019345
COL,2012,-0.0099224
COL,2013,-0.0674505
COL,2014,-0.0225365
COL,2015,0.045082
COL,2016,0.0836893
COL,2017,0.0695066
COL,2018,0.1163068
COL,2019,0.1262896
COL,2020,0.1148704
COL,2021,0.0182683
COL,2022,0.1182491
COL,2023,0.1188095
COL,2024,0.1243577
COM,2005,-0.5510078
COM,2006,-0.3896641
COM,2007,-0.4917416
COM,2008,-0.4913647
COM,2009,-0.5301689
COM,2010,-0.5342531
COM,2011,-0.4513925
COM,2012,-0.481559
COM,2013,-0.5309592
COM,2014,-0.5126975
COM,2015,-0.5556758
COM,2016,-0.59875
COM,2017,-0.5925858
COM,2018,-0.7080629
COM,2019,-1.0833052
COM,2020,-1.1110979
COM,2021,-1.1464487
COM,2022,-1.1870172
COM,2023,-1.2003623
COM,2024,-1.1880271
CPV,2005,0.8751797
CPV,2006,0.9544189
CPV,2007,1.0132423
CPV,2008,1.0220589
CPV,2009,1.005489
CPV,2010,0.9684626
CPV,2011,1.042208
CPV,2012,1.0118026
CPV,2013,0.9435808
CPV,2014,0.8793155
CPV,2015,0.8853022
CPV,2016,0.842737
CPV,2017,0.8438133
CPV,2018,0.9560023
CPV,2019,0.9070746
CPV,2020,0.819976
CPV,2021,0.8371304
CPV,2022,0.8420305
CPV,2023,0.8638191
CPV,2024,0.8961453
CRI,2005,1.0030951
CRI,2006,1.0267832
CRI,2007,1.0322062
CRI,2008,1.0191541
CRI,2009,1.050706
CRI,2010,1.0936109
CRI,2011,1.0888928
CRI,2012,1.0853462
CRI,2013,1.0787025
CRI,2014,1.1228772
CRI,2015,1.1381362
CRI,2016,1.1188522
CRI,2017,1.1491143
CRI,2018,1.1742231
CRI,2019,1.1704302
CRI,2020,1.1844901
CRI,2021,1.1420585
CRI,2022,1.1192596
CRI,2023,1.1061931
CRI,2024,1.0068982
CUB,2005,-1.7994957
CUB,2006,-1.6133731
CUB,2007,-1.5766363
CUB,2008,-1.5943437
CUB,2009,-1.5934739
CUB,2010,-1.5724997
CUB,2011,-1.5562021
CUB,2012,-1.5681299
CUB,2013,-1.5444403
CUB,2014,-1.5058965
CUB,2015,-1.479921
CUB,2016,-1.4934281
CUB,2017,-1.4992673
CUB,2018,-1.4047333
CUB,2019,-1.3230633
CUB,2020,-1.3232144
CUB,2021,-1.357222
CUB,2022,-1.3544303
CUB,2023,-1.3717337
CUB,2024,-1.4128166
CYM,2005,0.8068493
CYM,2006,0.8152954
CYM,2007,0.8112564
CYM,2008,0.8140717
CYM,2009,0.6650439
CYM,2010,0.6638737
CYM,2011,0.6656864
CYM,2012,0.664253
CYM,2013,0.6620377
CYM,2014,0.6642369
CYM,2015,0.6646811
CYM,2016,0.6636821
CYM,2017,0.6628684
CYM,2018,0.5138461
CYM,2019,0.5135032
CYM,2020,0.5124304
CYM,2021,0.8136272
CYM,2022,0.8121176
CYM,2023,0.8101231
CYM,2024,0.8090435
CYP,2005,1.0378917
CYP,2006,1.1458701
CYP,2007,1.1640765
CYP,2008,1.2240722
CYP,2009,1.1947571
CYP,2010,1.1402311
CYP,2011,1.133648
CYP,2012,1.0884497
CYP,2013,1.0411191
CYP,2014,1.0474775
CYP,2015,1.0231385
CYP,2016,1.0284244
CYP,2017,1.0422182
CYP,2018,1.051223
CYP,2019,1.0833037
CYP,2020,1.0633612
CYP,2021,0.9365373
CYP,2022,0.9209006
CYP,2023,0.9086076
CYP,2024,0.907432
CZE,2005,0.9347431
CZE,2006,0.9263335
CZE,2007,0.8876893
CZE,2008,1.0082618
CZE,2009,1.0000005
CZE,2010,0.9315634
CZE,2011,0.9131286
CZE,2012,0.88515
CZE,2013,0.9173181
CZE,2014,0.9672382
CZE,2015,0.981261
CZE,2016,0.993751
CZE,2017,0.8516489
CZE,2018,0.7787719
CZE,2019,0.9243252
CZE,2020,0.9303845
CZE,2021,1.0540201
CZE,2022,1.1006469
CZE,2023,1.1429701
CZE,2024,1.2146276
DEU,2005,1.5140559
DEU,2006,1.5156335
DEU,2007,1.5102944
DEU,2008,1.4842636
DEU,2009,1.5213343
DEU,2010,1.4470088
DEU,2011,1.458894
DEU,2012,1.4680281
DEU,2013,1.4813801
DEU,2014,1.4989629
DEU,2015,1.5275306
DEU,2016,1.479124
DEU,2017,1.4892491
DEU,2018,1.5140915
DEU,2019,1.5031809
DEU,2020,1.4913196
DEU,2021,1.5487135
DEU,2022,1.5355656
DEU,2023,1.5542349
DEU,2024,1.5359631
DJI,2005,-0.9758984
DJI,2006,-0.9938958
DJI,2007,-1.0759197
DJI,2008,-1.1413848
DJI,2009,-1.0947637
DJI,2010,-1.1170733
DJI,2011,-1.2802772
DJI,2012,-1.3173947
DJI,2013,-1.3836343
DJI,2014,-1.3636107
DJI,2015,-1.3545222
DJI,2016,-1.2974704
DJI,2017,-1.3206802
DJI,2018,-1.3148037
DJI,2019,-1.3361833
DJI,2020,-1.2946756
DJI,2021,-1.2950325
DJI,2022,-1.2955243
DJI,2023,-1.3221739
DJI,2024,-1.3233044
DMA,2005,1.0561955
DMA,2006,0.9885753
DMA,2007,1.0322464
DMA,2008,1.0331107
DMA,2009,1.0214577
DMA,2010,1.0109479
DMA,2011,1.0125611
DMA,2012,0.9857428
DMA,2013,0.9802483
DMA,2014,0.9822054
DMA,2015,0.6521127
DMA,2016,0.6525797
DMA,2017,0.6208633
DMA,2018,0.5451607
DMA,2019,0.5233879
DMA,2020,0.4496665
DMA,2021,0.440724
DMA,2022,0.4337253
DMA,2023,0.4201852
DMA,2024,0.498059
DNK,2005,1.6394585
DNK,2006,1.7209146
DNK,2007,1.6620543
DNK,2008,1.7011591
DNK,2009,1.7144046
DNK,2010,1.6721457
DNK,2011,1.6659433
DNK,2012,1.7513036
DNK,2013,1.7264584
DNK,2014,1.6266679
DNK,2015,1.7080471
DNK,2016,1.7087029
DNK,2017,1.6231303
DNK,2018,1.6843725
DNK,2019,1.6898283
DNK,2020,1.7000327
DNK,2021,1.7972436
DNK,2022,1.8018967
DNK,2023,1.8118606
DNK,2024,1.7730517
DOM,2005,0.0904957
DOM,2006,0.1441125
DOM,2007,0.1162231
DOM,2008,0.1587226
DOM,2009,0.1554382
DOM,2010,0.1409122
DOM,2011,0.0820039
DOM,2012,0.1208224
DOM,2013,0.0686135
DOM,2014,0.1381535
DOM,2015,0.0899076
DOM,2016,0.0880206
DOM,2017,0.0886413
DOM,2018,0.0991044
DOM,2019,0.1300295
DOM,2020,0.1911769
DOM,2021,0.2201023
DOM,2022,0.2699273
DOM,2023,0.3001251
DOM,2024,0.3380921
DZA,2005,-0.7071029
DZA,2006,-0.7147486
DZA,2007,-0.7596183
DZA,2008,-0.8116163
DZA,2009,-0.8711421
DZA,2010,-0.8967917
DZA,2011,-0.8905976
DZA,2012,-0.8138889
DZA,2013,-0.813283
DZA,2014,-0.7381275
DZA,2015,-0.7607592
DZA,2016,-0.8116635
DZA,2017,-0.8312041
DZA,2018,-0.9121142
DZA,2019,-1.0394463
DZA,2020,-1.074651
DZA,2021,-1.0659166
DZA,2022,-1.0949288
DZA,2023,-1.0767901
DZA,2024,-1.0723505
ECU,2005,-0.081377
ECU,2006,-0.0739142
ECU,2007,0.0063261
ECU,2008,-0.0356958
ECU,2009,-0.0379173
ECU,2010,-0.0792613
ECU,2011,-0.1069246
ECU,2012,-0.2315615
ECU,2013,-0.2481466
ECU,2014,-0.2404419
ECU,2015,-0.3133725
ECU,2016,-0.2898421
ECU,2017,-0.2341809
ECU,2018,-0.029799
ECU,2019,-0.0304676
ECU,2020,-0.0365965
ECU,2021,0.0317384
ECU,2022,0.0269067
ECU,2023,-0.0175541
ECU,2024,-0.0111473
EGY,2005,-1.12215
EGY,2006,-1.0880017
EGY,2007,-1.106721
EGY,2008,-1.1356564
EGY,2009,-1.079653
EGY,2010,-1.1679196
EGY,2011,-1.0283001
EGY,2012,-0.7201752
EGY,2013,-1.0493762
EGY,2014,-1.161993
EGY,2015,-1.2393567
EGY,2016,-1.2973515
EGY,2017,-1.3039743
EGY,2018,-1.4851898
EGY,2019,-1.5543776
EGY,2020,-1.6114119
EGY,2021,-1.6903874
EGY,2022,-1.6692555
EGY,2023,-1.636258
EGY,2024,-1.6224723
ERI,2005,-2.2104906
ERI,2006,-2.1023559
ERI,2007,-2.1756335
ERI,2008,-2.31296
ERI,2009,-2.3245395
ERI,2010,-2.3402268
ERI,2011,-2.3516023
ERI,2012,-2.4188071
ERI,2013,-2.3938796
ERI,2014,-2.3647163
ERI,2015,-2.3578824
ERI,2016,-2.3007953
ERI,2017,-2.3052164
ERI,2018,-2.2186152
ERI,2019,-2.2245006
ERI,2020,-2.2199309
ERI,2021,-2.2411409
ERI,2022,-2.2195561
ERI,2023,-2.2843033
ERI,2024,-2.362556
ESP,2005,1.2350555
ESP,2006,1.1754235
ESP,2007,1.2478464
ESP,2008,1.3245678
ESP,2009,1.2850785
ESP,2010,1.2367407
ESP,2011,1.164048
ESP,2012,1.1646141
ESP,2013,1.0242434
ESP,2014,1.0660865
ESP,2015,1.0846422
ESP,2016,1.0827594
ESP,2017,1.0530178
ESP,2018,1.0367647
ESP,2019,1.0621603
ESP,2020,1.0570002
ESP,2021,1.116785
ESP,2022,1.1253194
ESP,2023,1.1040383
ESP,2024,1.1334461
EST,2005,0.9604378
EST,2006,0.9597834
EST,2007,0.9650825
EST,2008,1.0000407
EST,2009,1.0286688
EST,2010,1.0588155
EST,2011,1.1276678
EST,2012,1.0942846
EST,2013,1.0857988
EST,2014,1.1405493
EST,2015,1.1729231
EST,2016,1.1806495
EST,2017,1.2017712
EST,2018,1.1723051
EST,2019,1.3378967
EST,2020,1.3264959
EST,2021,1.3417121
EST,2022,1.3535433
EST,2023,1.3528071
EST,2024,1.3463216
ETH,2005,-1.158095
ETH,2006,-1.0919392
ETH,2007,-1.0895923
ETH,2008,-1.2182704
ETH,2009,-1.254742
ETH,2010,-1.304499
ETH,2011,-1.3056594
ETH,2012,-1.2896733
ETH,2013,-1.3659763
ETH,2014,-1.3475431
ETH,2015,-1.3450902
ETH,2016,-1.3796222
ETH,2017,-1.4195564
ETH,2018,-1.1738875
ETH,2019,-1.0075838
ETH,2020,-1.0322806
ETH,2021,-1.0574482
ETH,2022,-1.0947932
ETH,2023,-1.1733207
ETH,2024,-1.2454747
FIN,2005,1.6201304
FIN,2006,1.6347437
FIN,2007,1.61262
FIN,2008,1.6162273
FIN,2009,1.5986027
FIN,2010,1.5829938
FIN,2011,1.6109379
FIN,2012,1.7274644
FIN,2013,1.6913963
FIN,2014,1.6780707
FIN,2015,1.7420958
FIN,2016,1.722141
FIN,2017,1.7012828
FIN,2018,1.7551858
FIN,2019,1.7435233
FIN,2020,1.7336497
FIN,2021,1.8247537
FIN,2022,1.7845355
FIN,2023,1.7281367
FIN,2024,1.7104535
FJI,2005,0.274186
FJI,2006,-0.2616863
FJI,2007,-0.6396743
FJI,2008,-0.6651906
FJI,2009,-0.8807433
FJI,2010,-1.1655578
FJI,2011,-1.1460132
FJI,2012,-1.0186485
FJI,2013,-0.922425
FJI,2014,-0.3635873
FJI,2015,-0.2904372
FJI,2016,-0.2340615
FJI,2017,-0.2375599
FJI,2018,-0.0131578
FJI,2019,-0.019506
FJI,2020,0.0471065
FJI,2021,-0.0493969
FJI,2022,-0.046625
FJI,2023,0.2616234
FJI,2024,0.2189626
FRA,2005,1.4836778
FRA,2006,1.3352828
FRA,2007,1.377229
FRA,2008,1.3880353
FRA,2009,1.3718279
FRA,2010,1.3097083
FRA,2011,1.2292628
FRA,2012,1.2994567
FRA,2013,1.2341759
FRA,2014,1.2257629
FRA,2015,1.2299563
FRA,2016,1.1863981
FRA,2017,1.1643016
FRA,2018,1.1608671
FRA,2019,1.1308799
FRA,2020,1.1208081
FRA,2021,1.1731699
FRA,2022,1.1844736
FRA,2023,1.1869446
FRA,2024,1.1482084
FSM,2005,1.0038108
FSM,2006,1.0067896
FSM,2007,0.9979191
FSM,2008,0.998912
FSM,2009,0.9994157
FSM,2010,0.9982425
FSM,2011,0.789068
FSM,2012,0.8777646
FSM,2013,0.8757935
FSM,2014,0.8808365
FSM,2015,0.8812316
FSM,2016,0.8741705
FSM,2017,0.8734465
FSM,2018,0.9192145
FSM,2019,1.1054972
FSM,2020,0.8041594
FSM,2021,0.799818
FSM,2022,0.7986321
FSM,2023,0.7970653
FSM,2024,1.0132959
GAB,2005,-0.869396
GAB,2006,-0.9402916
GAB,2007,-0.8489102
GAB,2008,-0.8272282
GAB,2009,-0.9272203
GAB,2010,-0.8200517
GAB,2011,-0.8557322
GAB,2012,-0.8121249
GAB,2013,-0.837119
GAB,2014,-0.8515302
GAB,2015,-0.8604129
GAB,2016,-0.9217225
GAB,2017,-0.9571809
GAB,2018,-0.9085212
GAB,2019,-0.9251796
GAB,2020,-0.9185094
GAB,2021,-0.973525
GAB,2022,-1.0203733
GAB,2023,-1.1340351
GAB,2024,-0.9395737
GBR,2005,1.4349057
GBR,2006,1.4273547
GBR,2007,1.3850162
GBR,2008,1.3484106
GBR,2009,1.3624209
GBR,2010,1.3599451
GBR,2011,1.415481
GBR,2012,1.3928806
GBR,2013,1.3940341
GBR,2014,1.3684553
GBR,2015,1.4285291
GBR,2016,1.4350571
GBR,2017,1.4142514
GBR,2018,1.3651898
GBR,2019,1.303491
GBR,2020,1.3016849
GBR,2021,1.2741055
GBR,2022,1.2973785
GBR,2023,1.2472875
GBR,2024,1.285609
GEO,2005,0.0159184
GEO,2006,0.0748556
GEO,2007,0.0019877
GEO,2008,-0.0857724
GEO,2009,-0.0021529
GEO,2010,0.0187585
GEO,2011,0.0067283
GEO,2012,0.0448556
GEO,2013,0.139287
GEO,2014,0.2697803
GEO,2015,0.2822098
GEO,2016,0.3254714
GEO,2017,0.2575808
GEO,2018,0.2403158
GEO,2019,0.2139065
GEO,2020,0.1571206
GEO,2021,0.0799995
GEO,2022,0.0171242
GEO,2023,-0.0683089
GEO,2024,-0.2806305
GHA,2005,0.2516079
GHA,2006,0.5415217
GHA,2007,0.5941815
GHA,2008,0.5031586
GHA,2009,0.5674333
GHA,2010,0.5701756
GHA,2011,0.5493876
GHA,2012,0.5404245
GHA,2013,0.4980847
GHA,2014,0.4755893
GHA,2015,0.4790252
GHA,2016,0.4635872
GHA,2017,0.5263268
GHA,2018,0.4702573
GHA,2019,0.4318902
GHA,2020,0.397118
GHA,2021,0.3063598
GHA,2022,0.2825839
GHA,2023,0.297729
GHA,2024,0.3374184
GIN,2005,-1.0329842
GIN,2006,-1.1401122
GIN,2007,-1.3066388
GIN,2008,-1.3834814
GIN,2009,-1.371572
GIN,2010,-0.8795686
GIN,2011,-0.8475083
GIN,2012,-0.8809719
GIN,2013,-0.8656565
GIN,2014,-0.8262876
GIN,2015,-0.8075257
GIN,2016,-0.8120578
GIN,2017,-0.8009096
GIN,2018,-0.7398089
GIN,2019,-0.7955065
GIN,2020,-0.8421191
GIN,2021,-1.0412678
GIN,2022,-1.0617423
GIN,2023,-1.1071499
GIN,2024,-1.2224398
GMB,2005,-0.94951
GMB,2006,-0.9362148
GMB,2007,-0.9274176
GMB,2008,-0.9674843
GMB,2009,-1.0318303
GMB,2010,-1.0940917
GMB,2011,-1.202522
GMB,2012,-1.2362107
GMB,2013,-1.2389154
GMB,2014,-1.2416676
GMB,2015,-1.3262579
GMB,2016,-1.2412439
GMB,2017,-0.6728945
GMB,2018,-0.3056303
GMB,2019,-0.3373726
GMB,2020,-0.2737443
GMB,2021,-0.1939264
GMB,2022,-0.1770152
GMB,2023,-0.1445866
GMB,2024,-0.1669781
GNB,2005,-0.3646109
GNB,2006,-0.6104529
GNB,2007,-0.7203047
GNB,2008,-0.7016638
GNB,2009,-0.6916153
GNB,2010,-0.7244291
GNB,2011,-0.7486875
GNB,2012,-1.1302718
GNB,2013,-1.1013119
GNB,2014,-0.8717362
GNB,2015,-0.7937495
GNB,2016,-0.8231133
GNB,2017,-0.864547
GNB,2018,-0.7272451
GNB,2019,-0.5135716
GNB,2020,-0.4212689
GNB,2021,-0.4443684
GNB,2022,-0.5201241
GNB,2023,-0.5755925
GNB,2024,-0.8134579
GNQ,2005,-1.810493
GNQ,2006,-1.7936636
GNQ,2007,-1.892925
GNQ,2008,-1.8975932
GNQ,2009,-1.7930944
GNQ,2010,-1.8380432
GNQ,2011,-1.8297062
GNQ,2012,-1.8428762
GNQ,2013,-1.8779542
GNQ,2014,-1.8348937
GNQ,2015,-1.8414442
GNQ,2016,-1.8005761
GNQ,2017,-1.7905623
GNQ,2018,-1.7863617
GNQ,2019,-1.7684931
GNQ,2020,-1.7773464
GNQ,2021,-1.7851017
GNQ,2022,-1.7974033
GNQ,2023,-1.7846301
GNQ,2024,-1.7964196
GRC,2005,1.1467532
GRC,2006,1.158216
GRC,2007,1.201383
GRC,2008,1.1216248
GRC,2009,1.1715027
GRC,2010,1.0794003
GRC,2011,1.0228929
GRC,2012,0.7891151
GRC,2013,0.7521118
GRC,2014,0.7705162
GRC,2015,0.7933504
GRC,2016,0.7761116
GRC,2017,0.752834
GRC,2018,0.7955997
GRC,2019,0.8304275
GRC,2020,0.7956598
GRC,2021,0.8779235
GRC,2022,0.8897399
GRC,2023,0.933328
GRC,2024,0.8861979
GRD,2005,0.8200017
GRD,2006,0.7968295
GRD,2007,0.8621106
GRD,2008,0.896262
GRD,2009,0.8577878
GRD,2010,0.8351747
GRD,2011,0.8367566
GRD,2012,0.8461576
GRD,2013,0.8407698
GRD,2014,0.8461436
GRD,2015,0.6763115
GRD,2016,0.6704884
GRD,2017,0.5548237
GRD,2018,0.5176269
GRD,2019,0.4846545
GRD,2020,0.47959
GRD,2021,0.3752357
GRD,2022,0.3622022
GRD,2023,0.4065191
GRD,2024,0.4907197
GRL,2005,
GRL,2006,
GRL,2007,
GRL,2008,
GRL,2009,1.4370892
GRL,2010,1.4354903
GRL,2011,1.437967
GRL,2012,1.4360086
GRL,2013,1.4329819
GRL,2014,1.4359867
GRL,2015,1.4365935
GRL,2016,1.4352286
GRL,2017,1.4341169
GRL,2018,1.4340152
GRL,2019,1.4336723
GRL,2020,1.4325995
GRL,2021,1.4270733
GRL,2022,1.4255637
GRL,2023,1.4235693
GRL,2024,1.4224896
GTM,2005,-0.2056726
GTM,2006,-0.0550946
GTM,2007,-0.0966547
GTM,2008,-0.0485557
GTM,2009,-0.0686885
GTM,2010,-0.1665043
GTM,2011,-0.2345517
GTM,2012,-0.2050306
GTM,2013,-0.2399211
GTM,2014,-0.2294734
GTM,2015,-0.2095399
GTM,2016,-0.1845681
GTM,2017,-0.1632661
GTM,2018,-0.2527601
GTM,2019,-0.2817797
GTM,2020,-0.2891294
GTM,2021,-0.3949658
GTM,2022,-0.4313131
GTM,2023,-0.4515767
GTM,2024,-0.3575582
GUM,2005,0.5893929
GUM,2006,0.597839
GUM,2007,1.0287128
GUM,2008,1.031528
GUM,2009,1.0329562
GUM,2010,0.8121734
GUM,2011,0.8173261
GUM,2012,0.8132517
GUM,2013,0.8069548
GUM,2014,0.8132061
GUM,2015,0.8144685
GUM,2016,0.8116289
GUM,2017,0.809316
GUM,2018,1.1289283
GUM,2019,1.1827533
GUM,2020,1.0904167
GUM,2021,1.0776427
GUM,2022,1.0741533
GUM,2023,1.069543
GUM,2024,1.0670473
GUY,2005,0.1281176
GUY,2006,0.1075495
GUY,2007,0.1078908
GUY,2008,0.1813032
GUY,2009,0.1832933
GUY,2010,0.1320816
GUY,2011,0.1020865
GUY,2012,0.0704461
GUY,2013,0.1229158
GUY,2014,0.1093671
GUY,2015,0.0403131
GUY,2016,0.0576886
GUY,2017,0.0902019
GUY,2018,0.2046635
GUY,2019,0.1624021
GUY,2020,0.1376658
GUY,2021,0.1018035
GUY,2022,0.0877953
GUY,2023,0.0579242
GUY,2024,0.0130959
HKG,2005,0.641516
HKG,2006,0.6194309
HKG,2007,0.6157169
HKG,2008,0.5977063
HKG,2009,0.5901452
HKG,2010,0.5701296
HKG,2011,0.6986095
HKG,2012,0.6840952
HKG,2013,0.6391028
HKG,2014,0.5800473
HKG,2015,0.5816173
HKG,2016,0.5399399
HKG,2017,0.5370989
HKG,2018,0.4899199
HKG,2019,0.2878166
HKG,2020,0.1428899
HKG,2021,-0.2275417
HKG,2022,-0.3406695
HKG,2023,-0.4367459
HKG,2024,-0.4871683
HND,2005,-0.2164442
HND,2006,-0.1353803
HND,2007,-0.2112608
HND,2008,-0.2390528
HND,2009,-0.4178579
HND,2010,-0.4393248
HND,2011,-0.3935651
HND,2012,-0.2977256
HND,2013,-0.2910395
HND,2014,-0.3826538
HND,2015,-0.4464496
HND,2016,-0.512061
HND,2017,-0.5755354
HND,2018,-0.6542005
HND,2019,-0.6905093
HND,2020,-0.672004
HND,2021,-0.6401174
HND,2022,-0.5239273
HND,2023,-0.5049531
HND,2024,-0.54565
HRV,2005,0.6401694
HRV,2006,0.6320553
HRV,2007,0.6410762
HRV,2008,0.5987965
HRV,2009,0.6264904
HRV,2010,0.5949864
HRV,2011,0.5565517
HRV,2012,0.6015693
HRV,2013,0.5551613
HRV,2014,0.56716
HRV,2015,0.6050157
HRV,2016,0.5506535
HRV,2017,0.4819687
HRV,2018,0.4250318
HRV,2019,0.4939676
HRV,2020,0.5706331
HRV,2021,0.6754617
HRV,2022,0.697545
HRV,2023,0.7419436
HRV,2024,0.7503116
HTI,2005,-0.9128474
HTI,2006,-0.7633388
HTI,2007,-0.6805155
HTI,2008,-0.5337636
HTI,2009,-0.5945225
HTI,2010,-0.6699147
HTI,2011,-0.6816179
HTI,2012,-0.7464203
HTI,2013,-0.7730421
HTI,2014,-0.7803308
HTI,2015,-0.8161851
HTI,2016,-0.7752734
HTI,2017,-0.7343223
HTI,2018,-0.7379753
HTI,2019,-0.806174
HTI,2020,-0.8577228
HTI,2021,-1.0346573
HTI,2022,-1.2288841
HTI,2023,-1.2215846
HTI,2024,-1.2624844
HUN,2005,1.1337777
HUN,2006,1.044759
HUN,2007,1.021866
HUN,2008,0.9444366
HUN,2009,0.9474744
HUN,2010,0.894939
HUN,2011,0.8312466
HUN,2012,0.6946863
HUN,2013,0.6524166
HUN,2014,0.4964376
HUN,2015,0.4511836
HUN,2016,0.3633017
HUN,2017,0.3363367
HUN,2018,0.1706694
HUN,2019,0.1860354
HUN,2020,0.1658977
HUN,2021,0.1337022
HUN,2022,0.0946798
HUN,2023,0.0373141
HUN,2024,0.0167732
IDN,2005,-0.0277888
IDN,2006,0.0721827
IDN,2007,0.101594
IDN,2008,0.1027334
IDN,2009,0.095315
IDN,2010,0.0323804
IDN,2011,0.0912462
IDN,2012,0.207941
IDN,2013,0.151225
IDN,2014,0.1508891
IDN,2015,0.1434778
IDN,2016,0.1520714
IDN,2017,0.1040488
IDN,2018,0.1550979
IDN,2019,0.1549136
IDN,2020,0.138137
IDN,2021,0.0545468
IDN,2022,0.0586574
IDN,2023,0.0015525
IDN,2024,-0.1300495
IND,2005,0.5282891
IND,2006,0.5874371
IND,2007,0.5794542
IND,2008,0.6075154
IND,2009,0.5771991
IND,2010,0.5118059
IND,2011,0.4873632
IND,2012,0.4237141
IND,2013,0.4681943
IND,2014,0.4320588
IND,2015,0.4431353
IND,2016,0.4286908
IND,2017,0.3721068
IND,2018,0.3504682
IND,2019,0.2341296
IND,2020,0.1363866
IND,2021,-0.0423847
IND,2022,-0.0605575
IND,2023,-0.0948422
IND,2024,-0.0572383
IRL,2005,1.5490786
IRL,2006,1.4884612
IRL,2007,1.5024636
IRL,2008,1.524199
IRL,2009,1.4435038
IRL,2010,1.3859363
IRL,2011,1.3608216
IRL,2012,1.3599198
IRL,2013,1.3525541
IRL,2014,1.3643571
IRL,2015,1.3884508
IRL,2016,1.3765706
IRL,2017,1.3976016
IRL,2018,1.3877446
IRL,2019,1.3923471
IRL,2020,1.3826245
IRL,2021,1.5242502
IRL,2022,1.5806381
IRL,2023,1.6044231
IRL,2024,1.5869598
IRN,2005,-1.3034331
IRN,2006,-1.3144678
IRN,2007,-1.3891444
IRN,2008,-1.4597698
IRN,2009,-1.5214001
IRN,2010,-1.5781816
IRN,2011,-1.57723
IRN,2012,-1.5515188
IRN,2013,-1.5015159
IRN,2014,-1.4536085
IRN,2015,-1.3929965
IRN,2016,-1.3804937
IRN,2017,-1.3480064
IRN,2018,-1.4212759
IRN,2019,-1.4524161
IRN,2020,-1.5061536
IRN,2021,-1.5444711
IRN,2022,-1.587429
IRN,2023,-1.6028274
IRN,2024,-1.6016245
IRQ,2005,-1.3436367
IRQ,2006,-1.2117665
IRQ,2007,-1.0851698
IRQ,2008,-0.9020053
IRQ,2009,-0.8678
IRQ,2010,-0.8519571
IRQ,2011,-0.9135548
IRQ,2012,-0.8600992
IRQ,2013,-0.8878276
IRQ,2014,-0.9651952
IRQ,2015,-0.9670478
IRQ,2016,-0.954951
IRQ,2017,-0.9708358
IRQ,2018,-0.813719
IRQ,2019,-0.8139522
IRQ,2020,-0.8682799
IRQ,2021,-0.8907653
IRQ,2022,-0.8705126
IRQ,2023,-0.8842303
IRQ,2024,-0.8768245
ISL,2005,1.530189
ISL,2006,1.5036928
ISL,2007,1.5231161
ISL,2008,1.549369
ISL,2009,1.5042288
ISL,2010,1.474479
ISL,2011,1.4276059
ISL,2012,1.4338776
ISL,2013,1.46679
ISL,2014,1.4150369
ISL,2015,1.4364169
ISL,2016,1.4503654
ISL,2017,1.4222769
ISL,2018,1.4148027
ISL,2019,1.4074355
ISL,2020,1.3772749
ISL,2021,1.381036
ISL,2022,1.3602139
ISL,2023,1.3436812
ISL,2024,1.3580075
ISR,2005,0.6649645
ISR,2006,0.8372939
ISR,2007,0.7706752
ISR,2008,0.7596967
ISR,2009,0.7360714
ISR,2010,0.7117276
ISR,2011,0.5903192
ISR,2012,0.5498097
ISR,2013,0.5402818
ISR,2014,0.5367169
ISR,2015,0.5498387
ISR,2016,0.5707757
ISR,2017,0.5516061
ISR,2018,0.6298395
ISR,2019,0.6019868
ISR,2020,0.6444386
ISR,2021,0.6177278
ISR,2022,0.6104935
ISR,2023,0.5256486
ISR,2024,0.4475258
ITA,2005,1.0777542
ITA,2006,1.203708
ITA,2007,1.2344391
ITA,2008,1.1579226
ITA,2009,1.1440227
ITA,2010,1.0623891
ITA,2011,0.9277602
ITA,2012,0.9354062
ITA,2013,0.9672045
ITA,2014,1.0352985
ITA,2015,1.0472675
ITA,2016,1.0618357
ITA,2017,1.0125838
ITA,2018,1.0045672
ITA,2019,0.9975839
ITA,2020,0.9982271
ITA,2021,1.1194168
ITA,2022,1.0865837
ITA,2023,1.1287179
ITA,2024,1.1064697
JAM,2005,0.5770172
JAM,2006,0.6623691
JAM,2007,0.6933896
JAM,2008,0.6600072
JAM,2009,0.660415
JAM,2010,0.5675489
JAM,2011,0.4772337
JAM,2012,0.5146538
JAM,2013,0.5750858
JAM,2014,0.6046419
JAM,2015,0.6421676
JAM,2016,0.6440166
JAM,2017,0.648072
JAM,2018,0.5399457
JAM,2019,0.5555553
JAM,2020,0.5809034
JAM,2021,0.5735708
JAM,2022,0.5673805
JAM,2023,0.5639726
JAM,2024,0.5427768
JOR,2005,-0.5817264
JOR,2006,-0.5899401
JOR,2007,-0.5674676
JOR,2008,-0.6094829
JOR,2009,-0.6796448
JOR,2010,-0.7246995
JOR,2011,-0.7083113
JOR,2012,-0.663481
JOR,2013,-0.7222313
JOR,2014,-0.6611106
JOR,2015,-0.6634403
JOR,2016,-0.6455951
JOR,2017,-0.6579518
JOR,2018,-0.6977358
JOR,2019,-0.6961107
JOR,2020,-0.7536232
JOR,2021,-0.7836218
JOR,2022,-0.808965
JOR,2023,-0.7852022
JOR,2024,-0.7503454
JPN,2005,1.0070463
JPN,2006,1.0196662
JPN,2007,1.0950662
JPN,2008,1.0925362
JPN,2009,1.1831341
JPN,2010,1.1981793
JPN,2011,1.2425577
JPN,2012,1.2222969
JPN,2013,1.1709884
JPN,2014,1.1820314
JPN,2015,1.1408509
JPN,2016,1.1318337
JPN,2017,1.1531911
JPN,2018,1.0932142
JPN,2019,1.0550565
JPN,2020,1.0516518
JPN,2021,1.0559285
JPN,2022,1.0685701
JPN,2023,1.0762648
JPN,2024,1.072596
KAZ,2005,-0.9148867
KAZ,2006,-0.9061508
KAZ,2007,-0.8345821
KAZ,2008,-0.70641
KAZ,2009,-0.7481337
KAZ,2010,-0.800014
KAZ,2011,-0.8102109
KAZ,2012,-0.9050464
KAZ,2013,-1.0189127
KAZ,2014,-0.9457397
KAZ,2015,-0.8700266
KAZ,2016,-0.9060408
KAZ,2017,-1.0014209
KAZ,2018,-0.8847782
KAZ,2019,-1.0348292
KAZ,2020,-0.980186
KAZ,2021,-0.9565379
KAZ,2022,-0.9747957
KAZ,2023,-0.9595084
KAZ,2024,-0.9142886
KEN,2005,-0.1295264
KEN,2006,-0.1071235
KEN,2007,-0.2073315
KEN,2008,-0.2755925
KEN,2009,-0.323659
KEN,2010,-0.2360945
KEN,2011,-0.3386281
KEN,2012,-0.3471242
KEN,2013,-0.2415742
KEN,2014,-0.2091903
KEN,2015,-0.2269565
KEN,2016,-0.2361502
KEN,2017,-0.3630856
KEN,2018,-0.4893442
KEN,2019,-0.4648009
KEN,2020,-0.4134895
KEN,2021,-0.4181429
KEN,2022,-0.2413581
KEN,2023,-0.2580686
KEN,2024,-0.3346949
KGZ,2005,-0.722393
KGZ,2006,-0.4687757
KGZ,2007,-0.5467848
KGZ,2008,-0.7801216
KGZ,2009,-0.7959018
KGZ,2010,-0.6044622
KGZ,2011,-0.4704014
KGZ,2012,-0.4167169
KGZ,2013,-0.3117538
KGZ,2014,-0.212888
KGZ,2015,-0.1584648
KGZ,2016,-0.1778706
KGZ,2017,-0.2026764
KGZ,2018,-0.1442914
KGZ,2019,-0.2638699
KGZ,2020,-0.3655244
KGZ,2021,-0.4135497
KGZ,2022,-0.5920542
KGZ,2023,-0.6681046
KGZ,2024,-0.7820284
KHM,2005,-0.9260325
KHM,2006,-0.8568124
KHM,2007,-0.8667206
KHM,2008,-0.8678351
KHM,2009,-0.8961468
KHM,2010,-0.9495354
KHM,2011,-0.9814812
KHM,2012,-1.0157021
KHM,2013,-1.0505058
KHM,2014,-1.0921445
KHM,2015,-1.1576081
KHM,2016,-1.169876
KHM,2017,-1.22688
KHM,2018,-1.5073241
KHM,2019,-1.4826772
KHM,2020,-1.4298792
KHM,2021,-1.4822237
KHM,2022,-1.4871601
KHM,2023,-1.5064783
KHM,2024,-1.6259585
KIR,2005,0.4399108
KIR,2006,0.4832146
KIR,2007,0.3702372
KIR,2008,0.3350236
KIR,2009,0.3152224
KIR,2010,0.3562023
KIR,2011,0.7129933
KIR,2012,0.7260268
KIR,2013,0.7171859
KIR,2014,0.7191047
KIR,2015,0.7160381
KIR,2016,0.7207755
KIR,2017,0.7287007
KIR,2018,0.9262026
KIR,2019,0.9947045
KIR,2020,0.9873385
KIR,2021,1.0495964
KIR,2022,1.0484105
KIR,2023,1.0468436
KIR,2024,1.0364391
KNA,2005,1.1764089
KNA,2006,1.1832062
KNA,2007,1.195403
KNA,2008,1.0698257
KNA,2009,1.1297099
KNA,2010,1.1849706
KNA,2011,1.1221017
KNA,2012,1.1067707
KNA,2013,1.0737848
KNA,2014,1.07599
KNA,2015,0.7863484
KNA,2016,0.7896473
KNA,2017,0.7765953
KNA,2018,0.574807
KNA,2019,0.5519626
KNA,2020,0.5661135
KNA,2021,0.5579965
KNA,2022,0.5555261
KNA,2023,0.5577709
KNA,2024,0.581493
KOR,2005,0.8426679
KOR,2006,0.8998188
KOR,2007,0.9076768
KOR,2008,0.8359498
KOR,2009,0.9350938
KOR,2010,0.9110777
KOR,2011,0.8763433
KOR,2012,0.8784243
KOR,2013,0.8152221
KOR,2014,0.7905179
KOR,2015,0.7162752
KOR,2016,0.6641803
KOR,2017,0.8523201
KOR,2018,0.9061006
KOR,2019,0.8734833
KOR,2020,0.8954767
KOR,2021,0.9424271
KOR,2022,0.912839
KOR,2023,0.8605058
KOR,2024,0.755727
KWT,2005,-0.3200803
KWT,2006,-0.4326309
KWT,2007,-0.4457819
KWT,2008,-0.4429786
KWT,2009,-0.4261711
KWT,2010,-0.4097616
KWT,2011,-0.424264
KWT,2012,-0.4851908
KWT,2013,-0.5324348
KWT,2014,-0.5596379
KWT,2015,-0.5604429
KWT,2016,-0.5528645
KWT,2017,-0.5526885
KWT,2018,-0.5621831
KWT,2019,-0.5548362
KWT,2020,-0.5956887
KWT,2021,-0.6472609
KWT,2022,-0.6488735
KWT,2023,-0.6129568
KWT,2024,-0.7765227
LAO,2005,-1.5882487
LAO,2006,-1.55622
LAO,2007,-1.5591947
LAO,2008,-1.610098
LAO,2009,-1.6276222
LAO,2010,-1.5677926
LAO,2011,-1.5643459
LAO,2012,-1.6014454
LAO,2013,-1.6000136
LAO,2014,-1.6031118
LAO,2015,-1.6065348
LAO,2016,-1.5627594
LAO,2017,-1.5998888
LAO,2018,-1.6115375
LAO,2019,-1.668718
LAO,2020,-1.6909346
LAO,2021,-1.6046144
LAO,2022,-1.6060388
LAO,2023,-1.6388922
LAO,2024,-1.6423179
LBN,2005,-0.289571
LBN,2006,-0.1255941
LBN,2007,-0.2357903
LBN,2008,-0.1817002
LBN,2009,-0.2337741
LBN,2010,-0.2278043
LBN,2011,-0.2567835
LBN,2012,-0.2421666
LBN,2013,-0.3039642
LBN,2014,-0.3917782
LBN,2015,-0.4347077
LBN,2016,-0.5115167
LBN,2017,-0.5249703
LBN,2018,-0.4635786
LBN,2019,-0.503372
LBN,2020,-0.5577651
LBN,2021,-0.643613
LBN,2022,-0.6509524
LBN,2023,-0.6378269
LBN,2024,-0.6658302
LBR,2005,-0.3695926
LBR,2006,0.0065425
LBR,2007,-0.0480471
LBR,2008,0.0463752
LBR,2009,-0.0223334
LBR,2010,-0.0490542
LBR,2011,-0.1250026
LBR,2012,-0.0692586
LBR,2013,-0.2122831
LBR,2014,-0.1299652
LBR,2015,-0.0983049
LBR,2016,-0.1092279
LBR,2017,0.0595014
LBR,2018,-0.0335376
LBR,2019,-0.1320507
LBR,2020,-0.1122746
LBR,2021,-0.1127242
LBR,2022,-0.0897319
LBR,2023,-0.0236852
LBR,2024,0.0164451
LBY,2005,-1.9457471
LBY,2006,-1.8799871
LBY,2007,-1.8848978
LBY,2008,-1.8910628
LBY,2009,-1.8879723
LBY,2010,-1.9396336
LBY,2011,-1.5304867
LBY,2012,-0.7402555
LBY,2013,-0.7130434
LBY,2014,-1.0193217
LBY,2015,-1.1902869
LBY,2016,-1.2620507
LBY,2017,-1.2890662
LBY,2018,-1.2560589
LBY,2019,-1.1899397
LBY,2020,-1.1886564
LBY,2021,-1.3171731
LBY,2022,-1.3452385
LBY,2023,-1.3916433
LBY,2024,-1.3751217
LCA,2005,1.2814083
LCA,2006,1.2909106
LCA,2007,1.2983074
LCA,2008,1.3026264
LCA,2009,1.3030648
LCA,2010,1.2981329
LCA,2011,1.2423357
LCA,2012,1.2179534
LCA,2013,1.1944284
LCA,2014,1.1963475
LCA,2015,0.9207524
LCA,2016,0.9120839
LCA,2017,0.8416261
LCA,2018,0.6938582
LCA,2019,0.7136681
LCA,2020,0.6309967
LCA,2021,0.6357996
LCA,2022,0.6328317
LCA,2023,0.6564205
LCA,2024,0.7347188
LIE,2005,1.4238426
LIE,2006,1.3829761
LIE,2007,1.4462378
LIE,2008,1.4472309
LIE,2009,1.6529584
LIE,2010,1.6522473
LIE,2011,1.6081292
LIE,2012,1.5001064
LIE,2013,1.5008624
LIE,2014,1.4287583
LIE,2015,1.425666
LIE,2016,1.3801653
LIE,2017,1.3649711
LIE,2018,1.3257368
LIE,2019,1.3317185
LIE,2020,1.3313316
LIE,2021,1.3507328
LIE,2022,1.352717
LIE,2023,1.3328896
LIE,2024,1.3443867
LKA,2005,-0.1289254
LKA,2006,-0.2406643
LKA,2007,-0.3492036
LKA,2008,-0.4397999
LKA,2009,-0.4050469
LKA,2010,-0.5755822
LKA,2011,-0.5896783
LKA,2012,-0.6020673
LKA,2013,-0.6395218
LKA,2014,-0.6721576
LKA,2015,-0.3577426
LKA,2016,-0.1719602
LKA,2017,-0.1580408
LKA,2018,-0.0821984
LKA,2019,-0.0685296
LKA,2020,-0.0398412
LKA,2021,-0.1798976
LKA,2022,-0.3156888
LKA,2023,-0.3189166
LKA,2024,-0.1110728
LSO,2005,0.189081
LSO,2006,0.237684
LSO,2007,0.0999631
LSO,2008,-0.0467492
LSO,2009,-0.0324369
LSO,2010,-0.032368
LSO,2011,-0.0398317
LSO,2012,0.0734152
LSO,2013,0.1054131
LSO,2014,-0.0101672
LSO,2015,-0.0026929
LSO,2016,-0.1152804
LSO,2017,-0.0921715
LSO,2018,-0.0611169
LSO,2019,-0.0489048
LSO,2020,-0.0508948
LSO,2021,-0.1075771
LSO,2022,0.0475059
LSO,2023,0.0104514
LSO,2024,0.0676749
LTU,2005,0.772083
LTU,2006,0.8018982
LTU,2007,0.7977101
LTU,2008,0.8362671
LTU,2009,0.9119861
LTU,2010,0.9249318
LTU,2011,0.8747482
LTU,2012,0.8593061
LTU,2013,0.8628863
LTU,2014,0.8784567
LTU,2015,0.8864928
LTU,2016,0.8481006
LTU,2017,0.8731342
LTU,2018,0.8154705
LTU,2019,1.0516457
LTU,2020,1.0310382
LTU,2021,1.1192467
LTU,2022,1.1609717
LTU,2023,1.1723538
LTU,2024,1.186293
LUX,2005,1.402935
LUX,2006,1.5387579
LUX,2007,1.5385441
LUX,2008,1.5692534
LUX,2009,1.6010355
LUX,2010,1.5773952
LUX,2011,1.5884004
LUX,2012,1.5821637
LUX,2013,1.55159
LUX,2014,1.5202878
LUX,2015,1.5387346
LUX,2016,1.5301335
LUX,2017,1.5548822
LUX,2018,1.5339377
LUX,2019,1.5352208
LUX,2020,1.5173299
LUX,2021,1.6181794
LUX,2022,1.6358324
LUX,2023,1.612185
LUX,2024,1.5969518
LVA,2005,0.6629711
LVA,2006,0.6967453
LVA,2007,0.7159025
LVA,2008,0.7046921
LVA,2009,0.8078149
LVA,2010,0.7980762
LVA,2011,0.7227759
LVA,2012,0.6483001
LVA,2013,0.6588831
LVA,2014,0.7319201
LVA,2015,0.7172772
LVA,2016,0.6887935
LVA,2017,0.6956965
LVA,2018,0.6829918
LVA,2019,0.8974437
LVA,2020,0.9037735
LVA,2021,0.9749911
LVA,2022,1.0489642
LVA,2023,1.0855146
LVA,2024,1.1181738
MAC,2005,0.3719366
MAC,2006,0.3803827
MAC,2007,0.1588874
MAC,2008,0.1617026
MAC,2009,0.6600297
MAC,2010,0.6588595
MAC,2011,0.6606722
MAC,2012,-0.0142338
MAC,2013,-0.0164491
MAC,2014,-0.0142498
MAC,2015,0.2106851
MAC,2016,0.2096861
MAC,2017,0.2088724
MAC,2018,0.2071229
MAC,2019,-0.0999429
MAC,2020,-0.1010157
MAC,2021,-0.4132648
MAC,2022,-0.4147744
MAC,2023,-0.4167688
MAC,2024,-0.4178485
MAR,2005,-0.6163618
MAR,2006,-0.5786311
MAR,2007,-0.5904055
MAR,2008,-0.6718553
MAR,2009,-0.6763543
MAR,2010,-0.4959023
MAR,2011,-0.49215
MAR,2012,-0.549791
MAR,2013,-0.7036188
MAR,2014,-0.6812845
MAR,2015,-0.6544101
MAR,2016,-0.5811356
MAR,2017,-0.6076266
MAR,2018,-0.6871663
MAR,2019,-0.6800752
MAR,2020,-0.7018977
MAR,2021,-0.689027
MAR,2022,-0.6910169
MAR,2023,-0.7151946
MAR,2024,-0.6864869
MCO,2005,0.9446394
MCO,2006,0.9487142
MCO,2007,0.9467657
MCO,2008,0.9481239
MCO,2009,0.9488129
MCO,2010,1.0356774
MCO,2011,0.7727553
MCO,2012,0.7707896
MCO,2013,0.8071128
MCO,2014,0.8101287
MCO,2015,0.8107378
MCO,2016,0.7496475
MCO,2017,0.721386
MCO,2018,0.9227716
MCO,2019,0.9763941
MCO,2020,0.9750217
MCO,2021,0.9895765
MCO,2022,0.9876453
MCO,2023,0.9418449
MCO,2024,0.9404637
MDA,2005,-0.4847571
MDA,2006,-0.1055267
MDA,2007,-0.107296
MDA,2008,-0.0755646
MDA,2009,-0.1308552
MDA,2010,0.1432723
MDA,2011,0.25089
MDA,2012,0.1272254
MDA,2013,0.0374469
MDA,2014,0.0325414
MDA,2015,0.0053825
MDA,2016,-0.0424649
MDA,2017,-0.0516655
MDA,2018,-0.0942965
MDA,2019,-0.0575903
MDA,2020,0.0006016
MDA,2021,0.1024435
MDA,2022,0.1822155
MDA,2023,0.3078285
MDA,2024,0.3189731
MDG,2005,-0.0659881
MDG,2006,-0.0159014
MDG,2007,0.0567047
MDG,2008,-0.2440514
MDG,2009,-0.6899487
MDG,2010,-0.7090865
MDG,2011,-0.6812306
MDG,2012,-0.8275618
MDG,2013,-0.8371561
MDG,2014,-0.6622805
MDG,2015,-0.579802
MDG,2016,-0.5593622
MDG,2017,-0.5736946
MDG,2018,-0.4718655
MDG,2019,-0.412288
MDG,2020,-0.366476
MDG,2021,-0.4337261
MDG,2022,-0.4259661
MDG,2023,-0.4998041
MDG,2024,-0.5995316
MDV,2005,-0.8644368
MDV,2006,-0.8165118
MDV,2007,-0.6974288
MDV,2008,-0.2265766
MDV,2009,0.0431265
MDV,2010,0.0199373
MDV,2011,-0.0299075
MDV,2012,-0.2923639
MDV,2013,-0.4464052
MDV,2014,-0.459611
MDV,2015,-0.5483587
MDV,2016,-0.6035192
MDV,2017,-0.7064639
MDV,2018,-0.6378512
MDV,2019,-0.2627116
MDV,2020,-0.1345323
MDV,2021,-0.1824759
MDV,2022,-0.2459493
MDV,2023,-0.1877457
MDV,2024,-0.3727592
MEX,2005,0.3799328
MEX,2006,0.265563
MEX,2007,0.2260815
MEX,2008,0.2410901
MEX,2009,0.3478562
MEX,2010,0.3688509
MEX,2011,0.2279356
MEX,2012,0.1673895
MEX,2013,0.1502347
MEX,2014,0.0571894
MEX,2015,-0.008149
MEX,2016,-0.0277664
MEX,2017,-0.082801
MEX,2018,0.0181155
MEX,2019,0.0146049
MEX,2020,-0.0153884
MEX,2021,-0.1225986
MEX,2022,-0.1404157
MEX,2023,-0.1632709
MEX,2024,-0.2410541
MHL,2005,1.0730391
MHL,2006,1.0615024
MHL,2007,1.0595544
MHL,2008,1.0473433
MHL,2009,0.9960577
MHL,2010,0.9945008
MHL,2011,0.9159327
MHL,2012,0.9143003
MHL,2013,0.9196778
MHL,2014,0.9182322
MHL,2015,0.9725904
MHL,2016,0.9673701
MHL,2017,0.9664193
MHL,2018,0.9369207
MHL,2019,0.9713777
MHL,2020,0.7930374
MHL,2021,0.788696
MHL,2022,0.7875101
MHL,2023,0.7859433
MHL,2024,1.0021739
MKD,2005,-0.0301674
MKD,2006,0.2477786
MKD,2007,0.284435
MKD,2008,0.291184
MKD,2009,0.2719967
MKD,2010,-0.0220565
MKD,2011,-0.1548752
MKD,2012,0.050947
MKD,2013,-0.0420305
MKD,2014,-0.1127912
MKD,2015,-0.1768773
MKD,2016,-0.2237527
MKD,2017,-0.1832189
MKD,2018,0.0130677
MKD,2019,0.0335006
MKD,2020,0.0542781
MKD,2021,0.122357
MKD,2022,0.1375966
MKD,2023,0.1448502
MKD,2024,0.1911346
MLI,2005,0.268454
MLI,2006,0.2805565
MLI,2007,0.2505752
MLI,2008,0.2136823
MLI,2009,0.1432172
MLI,2010,0.0814283
MLI,2011,0.1095881
MLI,2012,-0.5214891
MLI,2013,-0.3856843
MLI,2014,-0.2582223
MLI,2015,-0.2615169
MLI,2016,-0.272814
MLI,2017,-0.2962797
MLI,2018,-0.4174124
MLI,2019,-0.4392769
MLI,2020,-0.5923656
MLI,2021,-0.7623579
MLI,2022,-0.9101749
MLI,2023,-1.0190623
MLI,2024,-1.1808506
MLT,2005,1.2596535
MLT,2006,1.1932927
MLT,2007,1.2325284
MLT,2008,1.3072168
MLT,2009,1.2512131
MLT,2010,1.2273026
MLT,2011,1.1603826
MLT,2012,1.1577478
MLT,2013,1.2037283
MLT,2014,1.1752743
MLT,2015,1.188001
MLT,2016,1.1665677
MLT,2017,1.1204632
MLT,2018,1.166158
MLT,2019,1.1303353
MLT,2020,1.1179412
MLT,2021,1.0562805
MLT,2022,1.0674761
MLT,2023,1.0819989
MLT,2024,0.9769422
MMR,2005,-2.2071152
MMR,2006,-2.1698319
MMR,2007,-2.1648212
MMR,2008,-2.1887125
MMR,2009,-2.1797917
MMR,2010,-1.6378287
MMR,2011,-1.519893
MMR,2012,-1.3567228
MMR,2013,-1.2835696
MMR,2014,-1.2200492
MMR,2015,-1.1415804
MMR,2016,-0.9153406
MMR,2017,-1.0116115
MMR,2018,-0.9610344
MMR,2019,-0.918102
MMR,2020,-0.8667185
MMR,2021,-1.4786306
MMR,2022,-1.9039793
MMR,2023,-2.0491246
MMR,2024,-2.1409359
MNE,2005,-0.2595235
MNE,2006,0.2956372
MNE,2007,0.2450882
MNE,2008,0.2677975
MNE,2009,0.2490329
MNE,2010,-0.0026274
MNE,2011,0.0033473
MNE,2012,0.2338246
MNE,2013,0.221446
MNE,2014,0.2452448
MNE,2015,0.240609
MNE,2016,0.1510631
MNE,2017,0.2065871
MNE,2018,0.1676247
MNE,2019,0.1914719
MNE,2020,0.2165867
MNE,2021,0.2045571
MNE,2022,0.2954226
MNE,2023,0.3139532
MNE,2024,0.4485365
MNG,2005,0.2800602
MNG,2006,0.2877435
MNG,2007,0.3225502
MNG,2008,0.2756007
MNG,2009,0.2607317
MNG,2010,0.2839885
MNG,2011,0.2598323
MNG,2012,0.1417419
MNG,2013,0.1966888
MNG,2014,0.2756522
MNG,2015,0.2686205
MNG,2016,0.3056807
MNG,2017,0.2897655
MNG,2018,0.26683
MNG,2019,0.2636687
MNG,2020,0.2780218
MNG,2021,0.2354981
MNG,2022,0.2202834
MNG,2023,0.2415863
MNG,2024,0.2083051
MOZ,2005,0.0832703
MOZ,2006,0.0095379
MOZ,2007,-0.0373505
MOZ,2008,-0.0547907
MOZ,2009,-0.0914243
MOZ,2010,-0.305313
MOZ,2011,-0.3425839
MOZ,2012,-0.2173317
MOZ,2013,-0.2817696
MOZ,2014,-0.3083531
MOZ,2015,-0.3514407
MOZ,2016,-0.4951926
MOZ,2017,-0.4990221
MOZ,2018,-0.5071933
MOZ,2019,-0.5784251
MOZ,2020,-0.51493
MOZ,2021,-0.6582948
MOZ,2022,-0.6587561
MOZ,2023,-0.6967938
MOZ,2024,-0.901767
MRT,2005,-0.8792118
MRT,2006,-0.6680032
MRT,2007,-0.4513074
MRT,2008,-0.8122581
MRT,2009,-0.8615215
MRT,2010,-0.5927606
MRT,2011,-0.5627618
MRT,2012,-0.8146853
MRT,2013,-0.89972
MRT,2014,-0.8776459
MRT,2015,-0.8829649
MRT,2016,-0.880921
MRT,2017,-0.9227044
MRT,2018,-0.9000867
MRT,2019,-0.8424237
MRT,2020,-0.7841649
MRT,2021,-0.8640535
MRT,2022,-0.8422184
MRT,2023,-0.7893455
MRT,2024,-0.8858595
MUS,2005,0.9144927
MUS,2006,0.9705322
MUS,2007,0.9858949
MUS,2008,0.9263313
MUS,2009,0.8948371
MUS,2010,0.7293542
MUS,2011,0.7209594
MUS,2012,0.8520259
MUS,2013,0.8583895
MUS,2014,0.8745272
MUS,2015,0.7824649
MUS,2016,0.8021521
MUS,2017,0.779635
MUS,2018,0.7858885
MUS,2019,0.5919531
MUS,2020,0.5365714
MUS,2021,0.4424224
MUS,2022,0.4156831
MUS,2023,0.3887316
MUS,2024,0.5438358
MWI,2005,-0.3113295
MWI,2006,-0.1304932
MWI,2007,-0.0781038
MWI,2008,-0.1238301
MWI,2009,-0.0548208
MWI,2010,-0.1972144
MWI,2011,-0.2602325
MWI,2012,-0.106043
MWI,2013,-0.1072529
MWI,2014,-0.0747364
MWI,2015,-0.0649415
MWI,2016,-0.1363783
MWI,2017,-0.1366015
MWI,2018,-0.1326309
MWI,2019,-0.1922752
MWI,2020,-0.0077563
MWI,2021,-0.0085868
MWI,2022,-0.0016693
MWI,2023,0.0066212
MWI,2024,-0.0155185
MYS,2005,-0.4137917
MYS,2006,-0.3857042
MYS,2007,-0.4192395
MYS,2008,-0.4215297
MYS,2009,-0.4030809
MYS,2010,-0.2590683
MYS,2011,-0.2938317
MYS,2012,-0.3481008
MYS,2013,-0.3333911
MYS,2014,-0.3385582
MYS,2015,-0.420907
MYS,2016,-0.4344742
MYS,2017,-0.3984857
MYS,2018,-0.127575
MYS,2019,-0.0097095
MYS,2020,-0.1250947
MYS,2021,-0.2304659
MYS,2022,-0.1306618
MYS,2023,-0.1342174
MYS,2024,-0.076635
NAM,2005,0.4532823
NAM,2006,0.5262556
NAM,2007,0.4897453
NAM,2008,0.4595985
NAM,2009,0.4307003
NAM,2010,0.258285
NAM,2011,0.2652282
NAM,2012,0.3985219
NAM,2013,0.3921298
NAM,2014,0.4605598
NAM,2015,0.4865421
NAM,2016,0.4619089
NAM,2017,0.460713
NAM,2018,0.4944107
NAM,2019,0.4458693
NAM,2020,0.4757834
NAM,2021,0.4643681
NAM,2022,0.4444423
NAM,2023,0.4632749
NAM,2024,0.3686165
NCL,2005,
NCL,2006,
NCL,2007,
NCL,2008,
NCL,2009,
NCL,2010,
NCL,2011,
NCL,2012,
NCL,2013,
NCL,2014,
NCL,2015,
NCL,2016,
NCL,2017,
NCL,2018,0.8374064
NCL,2019,1.1477
NCL,2020,1.2129522
NCL,2021,1.0590735
NCL,2022,0.7620701
NCL,2023,0.6736331
NCL,2024,0.0739735
NER,2005,-0.147225
NER,2006,-0.2114058
NER,2007,-0.2414511
NER,2008,-0.390753
NER,2009,-0.7394484
NER,2010,-0.5362737
NER,2011,-0.2828159
NER,2012,-0.1886742
NER,2013,-0.2184543
NER,2014,-0.2419798
NER,2015,-0.266395
NER,2016,-0.4421429
NER,2017,-0.4483587
NER,2018,-0.5557667
NER,2019,-0.5718579
NER,2020,-0.4969678
NER,2021,-0.542906
NER,2022,-0.5224641
NER,2023,-0.7451597
NER,2024,-1.0207257
NGA,2005,-0.6799944
NGA,2006,-0.5963669
NGA,2007,-0.637727
NGA,2008,-0.6809554
NGA,2009,-0.7634356
NGA,2010,-0.838408
NGA,2011,-0.7398231
NGA,2012,-0.6218459
NGA,2013,-0.6160738
NGA,2014,-0.5913696
NGA,2015,-0.4364617
NGA,2016,-0.491104
NGA,2017,-0.465825
NGA,2018,-0.4357962
NGA,2019,-0.5410182
NGA,2020,-0.55931
NGA,2021,-0.7014495
NGA,2022,-0.6889614
NGA,2023,-0.6414371
NGA,2024,-0.6717384
NIC,2005,0.0126539
NIC,2006,-0.07463
NIC,2007,-0.0996839
NIC,2008,-0.2751149
NIC,2009,-0.2996076
NIC,2010,-0.294276
NIC,2011,-0.402657
NIC,2012,-0.560248
NIC,2013,-0.5098751
NIC,2014,-0.539818
NIC,2015,-0.6129613
NIC,2016,-0.7942798
NIC,2017,-0.7923496
NIC,2018,-1.1634472
NIC,2019,-1.1998807
NIC,2020,-1.2012667
NIC,2021,-1.3711397
NIC,2022,-1.4759707
NIC,2023,-1.5351621
NIC,2024,-1.7346608
NLD,2005,1.624953
NLD,2006,1.6840322
NLD,2007,1.6773777
NLD,2008,1.6435943
NLD,2009,1.610251
NLD,2010,1.5701522
NLD,2011,1.6591226
NLD,2012,1.7110175
NLD,2013,1.6511372
NLD,2014,1.6460408
NLD,2015,1.7057519
NLD,2016,1.6938713
NLD,2017,1.6340755
NLD,2018,1.6385798
NLD,2019,1.6265534
NLD,2020,1.6105658
NLD,2021,1.6401878
NLD,2022,1.656003
NLD,2023,1.6484229
NLD,2024,1.5816705
NOR,2005,1.6510729
NOR,2006,1.6627
NOR,2007,1.6758276
NOR,2008,1.6834065
NOR,2009,1.6906185
NOR,2010,1.6957974
NOR,2011,1.7441888
NOR,2012,1.7955622
NOR,2013,1.797024
NOR,2014,1.7617244
NOR,2015,1.817066
NOR,2016,1.817958
NOR,2017,1.8280331
NOR,2018,1.8458385
NOR,2019,1.8397622
NOR,2020,1.8431918
NOR,2021,1.8701886
NOR,2022,1.8352671
NOR,2023,1.8253519
NOR,2024,1.8225124
NPL,2005,-0.9768763
NPL,2006,-0.6392838
NPL,2007,-0.3533024
NPL,2008,-0.4619078
NPL,2009,-0.4277282
NPL,2010,-0.4393974
NPL,2011,-0.3900825
NPL,2012,-0.4636279
NPL,2013,-0.3652622
NPL,2014,-0.2837937
NPL,2015,-0.2909988
NPL,2016,-0.2474987
NPL,2017,-0.16835
NPL,2018,-0.103272
NPL,2019,-0.1330451
NPL,2020,-0.1042903
NPL,2021,-0.1035012
NPL,2022,-0.0663101
NPL,2023,0.0015766
NPL,2024,-0.0109768
NRU,2005,1.0068679
NRU,2006,1.021801
NRU,2007,1.0181755
NRU,2008,1.0195333
NRU,2009,1.0202222
NRU,2010,1.023373
NRU,2011,1.0258582
NRU,2012,1.0238931
NRU,2013,0.9998181
NRU,2014,0.9499146
NRU,2015,0.7953862
NRU,2016,0.7168939
NRU,2017,0.7157784
NRU,2018,0.3537956
NRU,2019,0.3413032
NRU,2020,0.3403281
NRU,2021,0.3353052
NRU,2022,0.3339332
NRU,2023,0.3321204
NRU,2024,0.5431986
NZL,2005,1.5515914
NZL,2006,1.5547097
NZL,2007,1.5501052
NZL,2008,1.5939245
NZL,2009,1.6455574
NZL,2010,1.6532439
NZL,2011,1.7524256
NZL,2012,1.7367025
NZL,2013,1.7164957
NZL,2014,1.6697514
NZL,2015,1.721596
NZL,2016,1.7171334
NZL,2017,1.7241067
NZL,2018,1.6894095
NZL,2019,1.6954745
NZL,2020,1.6850051
NZL,2021,1.6654378
NZL,2022,1.6822638
NZL,2023,1.6539492
NZL,2024,1.6368705
OMN,2005,-0.9315594
OMN,2006,-0.9134519
OMN,2007,-0.8692884
OMN,2008,-0.8673581
OMN,2009,-0.8699519
OMN,2010,-0.8589296
OMN,2011,-0.7911954
OMN,2012,-0.8388088
OMN,2013,-0.87948
OMN,2014,-0.8848766
OMN,2015,-0.8564057
OMN,2016,-0.8407263
OMN,2017,-0.8473103
OMN,2018,-0.9180158
OMN,2019,-0.932314
OMN,2020,-0.9157824
OMN,2021,-1.0482519
OMN,2022,-1.0541826
OMN,2023,-1.0281217
OMN,2024,-1.1142805
PAK,2005,-1.1417956
PAK,2006,-0.8881658
PAK,2007,-0.9743148
PAK,2008,-0.873047
PAK,2009,-0.8426053
PAK,2010,-0.7967091
PAK,2011,-0.8558322
PAK,2012,-0.8597516
PAK,2013,-0.8263202
PAK,2014,-0.7752745
PAK,2015,-0.7532631
PAK,2016,-0.7427762
PAK,2017,-0.7426502
PAK,2018,-0.746043
PAK,2019,-0.8144385
PAK,2020,-0.7838533
PAK,2021,-0.846782
PAK,2022,-0.8924174
PAK,2023,-0.9806435
PAK,2024,-1.1290477
PAN,2005,0.5690213
PAN,2006,0.6329689
PAN,2007,0.6123882
PAN,2008,0.6735142
PAN,2009,0.7121817
PAN,2010,0.6139271
PAN,2011,0.5850819
PAN,2012,0.4487389
PAN,2013,0.4198767
PAN,2014,0.5031783
PAN,2015,0.5494554
PAN,2016,0.533893
PAN,2017,0.5110136
PAN,2018,0.5704803
PAN,2019,0.5904712
PAN,2020,0.5839303
PAN,2021,0.5225781
PAN,2022,0.5112616
PAN,2023,0.5091774
PAN,2024,0.506256
PER,2005,0.1826277
PER,2006,0.1990028
PER,2007,0.211552
PER,2008,0.3272699
PER,2009,0.2728411
PER,2010,0.3020076
PER,2011,0.3308615
PER,2012,0.3649911
PER,2013,0.2671915
PER,2014,0.258392
PER,2015,0.3063794
PER,2016,0.3155496
PER,2017,0.3417093
PER,2018,0.3923887
PER,2019,0.3790861
PER,2020,0.3878412
PER,2021,0.2576699
PER,2022,0.1518398
PER,2023,0.1209789
PER,2024,0.0142709
PHL,2005,0.0264934
PHL,2006,-0.0586288
PHL,2007,-0.0489633
PHL,2008,-0.0817813
PHL,2009,-0.04954
PHL,2010,-0.0858676
PHL,2011,-0.0637158
PHL,2012,-0.0339999
PHL,2013,0.0553366
PHL,2014,0.1596456
PHL,2015,0.1309153
PHL,2016,0.1012811
PHL,2017,0.0040652
PHL,2018,-0.0435978
PHL,2019,-0.0639893
PHL,2020,-0.1440972
PHL,2021,-0.2606061
PHL,2022,-0.217367
PHL,2023,-0.2247104
PHL,2024,-0.2065274
PLW,2005,1.080161
PLW,2006,1.0842359
PLW,2007,1.0822873
PLW,2008,1.0819501
PLW,2009,1.082639
PLW,2010,1.0810346
PLW,2011,1.0726647
PLW,2012,1.0706996
PLW,2013,1.07309
PLW,2014,1.0761051
PLW,2015,1.076714
PLW,2016,1.0705892
PLW,2017,1.0694736
PLW,2018,1.0262952
PLW,2019,1.0258566
PLW,2020,1.0244847
PLW,2021,1.0174177
PLW,2022,1.0154872
PLW,2023,1.0129366
PLW,2024,1.0176164
PNG,2005,-0.2001886
PNG,2006,-0.030657
PNG,2007,-0.0465486
PNG,2008,-0.02822
PNG,2009,-0.0224149
PNG,2010,-0.0682353
PNG,2011,-0.0674127
PNG,2012,-0.1265991
PNG,2013,-0.1198793
PNG,2014,-0.1057126
PNG,2015,-0.104524
PNG,2016,-0.0130263
PNG,2017,-0.0106107
PNG,2018,0.0599598
PNG,2019,0.0397941
PNG,2020,0.0252772
PNG,2021,0.0003412
PNG,2022,-0.0402264
PNG,2023,-0.0919169
PNG,2024,-0.2277884
POL,2005,1.0149527
POL,2006,0.8429928
POL,2007,0.8492373
POL,2008,1.0407861
POL,2009,1.0313737
POL,2010,1.1014296
POL,2011,1.0630707
POL,2012,1.0891837
POL,2013,0.9594718
POL,2014,1.0504135
POL,2015,0.9924374
POL,2016,0.8516247
POL,2017,0.6837149
POL,2018,0.5700187
POL,2019,0.5880904
POL,2020,0.5194126
POL,2021,0.3926901
POL,2022,0.4008528
POL,2023,0.4413045
POL,2024,0.7730191
PRI,2005,0.990456
PRI,2006,0.9306799
PRI,2007,0.8721251
PRI,2008,0.8779105
PRI,2009,0.7553141
PRI,2010,0.7302704
PRI,2011,0.7274145
PRI,2012,0.7553656
PRI,2013,0.7394727
PRI,2014,0.742717
PRI,2015,0.737341
PRI,2016,0.7366964
PRI,2017,0.7895848
PRI,2018,0.7906807
PRI,2019,0.6126779
PRI,2020,0.6116746
PRI,2021,0.6065062
PRI,2022,0.4372013
PRI,2023,0.3845339
PRI,2024,0.4037345
PRK,2005,-2.1934363
PRK,2006,-2.1872157
PRK,2007,-2.081146
PRK,2008,-2.1545675
PRK,2009,-2.16226
PRK,2010,-1.6843732
PRK,2011,-1.6752502
PRK,2012,-2.1172353
PRK,2013,-2.1358913
PRK,2014,-2.1074842
PRK,2015,-2.1086819
PRK,2016,-2.1133666
PRK,2017,-2.1237718
PRK,2018,-2.0497376
PRK,2019,-2.062023
PRK,2020,-2.0601546
PRK,2021,-2.076724
PRK,2022,-2.0516547
PRK,2023,-2.0556299
PRK,2024,-2.1248009
PRT,2005,1.3918735
PRT,2006,1.4474807
PRT,2007,1.4453649
PRT,2008,1.4147336
PRT,2009,1.3980768
PRT,2010,1.3505
PRT,2011,1.3205042
PRT,2012,1.2328578
PRT,2013,1.2044289
PRT,2014,1.2889504
PRT,2015,1.3081272
PRT,2016,1.3175808
PRT,2017,1.3048792
PRT,2018,1.242505
PRT,2019,1.2166606
PRT,2020,1.2741547
PRT,2021,1.352027
PRT,2022,1.3157371
PRT,2023,1.342846
PRT,2024,1.2705827
PRY,2005,-0.2151331
PRY,2006,-0.1542536
PRY,2007,-0.0938519
PRY,2008,0.055106
PRY,2009,0.0623252
PRY,2010,0.0865994
PRY,2011,0.0837083
PRY,2012,-0.0433321
PRY,2013,-0.0599603
PRY,2014,-0.0642298
PRY,2015,-0.0471439
PRY,2016,-0.0684709
PRY,2017,-0.0449632
PRY,2018,-0.0244147
PRY,2019,-0.0242312
PRY,2020,-0.0419799
PRY,2021,-0.0910981
PRY,2022,-0.0902289
PRY,2023,-0.0528487
PRY,2024,-0.045985
PSE,2005,-0.4748235
PSE,2006,-0.2624924
PSE,2007,-0.4977656
PSE,2008,-0.4815956
PSE,2009,-0.6178463
PSE,2010,-0.5739666
PSE,2011,-0.767665
PSE,2012,-0.6796603
PSE,2013,-0.7713429
PSE,2014,-0.7167249
PSE,2015,-0.7815781
PSE,2016,-0.7954014
PSE,2017,-0.8057953
PSE,2018,-0.7150313
PSE,2019,-0.7303639
PSE,2020,-0.7368451
PSE,2021,-0.8841797
PSE,2022,-0.9028796
PSE,2023,-1.1104341
PSE,2024,-1.2756502
PYF,2005,
PYF,2006,
PYF,2007,
PYF,2008,
PYF,2009,
PYF,2010,
PYF,2011,
PYF,2012,
PYF,2013,
PYF,2014,
PYF,2015,
PYF,2016,
PYF,2017,
PYF,2018,
PYF,2019,0.6944046
PYF,2020,0.5851889
PYF,2021,0.8927614
PYF,2022,0.889272
PYF,2023,0.8846618
PYF,2024,0.8821661
QAT,2005,-0.9093279
QAT,2006,-0.8528369
QAT,2007,-0.9201262
QAT,2008,-0.9633952
QAT,2009,-0.9348707
QAT,2010,-0.9791518
QAT,2011,-1.0303362
QAT,2012,-0.9920137
QAT,2013,-1.0371079
QAT,2014,-1.0725186
QAT,2015,-1.0769866
QAT,2016,-1.1416958
QAT,2017,-1.2112733
QAT,2018,-1.4026856
QAT,2019,-1.4042968
QAT,2020,-1.4046974
QAT,2021,-1.1234895
QAT,2022,-1.1003535
QAT,2023,-1.1488637
QAT,2024,-1.1910067
ROU,2005,0.4372822
ROU,2006,0.5495597
ROU,2007,0.4929749
ROU,2008,0.5539036
ROU,2009,0.5199331
ROU,2010,0.4815507
ROU,2011,0.3823509
ROU,2012,0.3897365
ROU,2013,0.3476295
ROU,2014,0.4750062
ROU,2015,0.5507443
ROU,2016,0.5524717
ROU,2017,0.5232615
ROU,2018,0.4342521
ROU,2019,0.5235003
ROU,2020,0.5291496
ROU,2021,0.6015173
ROU,2022,0.5739366
ROU,2023,0.56928
ROU,2024,0.428803
RUS,2005,-0.4481205
RUS,2006,-0.6051553
RUS,2007,-0.5763535
RUS,2008,-0.4489436
RUS,2009,-0.5454681
RUS,2010,-0.5472235
RUS,2011,-0.578455
RUS,2012,-0.7504868
RUS,2013,-0.808029
RUS,2014,-0.8020523
RUS,2015,-0.8181627
RUS,2016,-0.7890334
RUS,2017,-0.7631969
RUS,2018,-0.7787613
RUS,2019,-0.9309897
RUS,2020,-0.9164653
RUS,2021,-1.0167969
RUS,2022,-1.2370451
RUS,2023,-1.3752243
RUS,2024,-1.4604318
RWA,2005,-1.0748513
RWA,2006,-1.0251574
RWA,2007,-1.0848789
RWA,2008,-1.0863529
RWA,2009,-1.0696003
RWA,2010,-1.1391392
RWA,2011,-1.1297557
RWA,2012,-0.9698994
RWA,2013,-0.9723354
RWA,2014,-0.9058896
RWA,2015,-0.9109542
RWA,2016,-0.9289602
RWA,2017,-0.9069516
RWA,2018,-0.8615315
RWA,2019,-0.843108
RWA,2020,-0.8550552
RWA,2021,-0.708002
RWA,2022,-0.7100168
RWA,2023,-0.7047185
RWA,2024,-0.7476128
SAU,2005,-1.7240838
SAU,2006,-1.7187575
SAU,2007,-1.6741323
SAU,2008,-1.6911222
SAU,2009,-1.8043367
SAU,2010,-1.7792971
SAU,2011,-1.810789
SAU,2012,-1.7143655
SAU,2013,-1.765798
SAU,2014,-1.7815147
SAU,2015,-1.7244195
SAU,2016,-1.7381138
SAU,2017,-1.7602613
SAU,2018,-1.7768989
SAU,2019,-1.7085779
SAU,2020,-1.7178817
SAU,2021,-1.7050588
SAU,2022,-1.6989587
SAU,2023,-1.7439008
SAU,2024,-1.7055322
SDN,2005,-1.8368391
SDN,2006,-1.6414163
SDN,2007,-1.6354134
SDN,2008,-1.5541495
SDN,2009,-1.5647515
SDN,2010,-1.6459258
SDN,2011,-1.7719104
SDN,2012,-1.8195671
SDN,2013,-1.8155569
SDN,2014,-1.7867419
SDN,2015,-1.8048079
SDN,2016,-1.8263399
SDN,2017,-1.827839
SDN,2018,-1.8833408
SDN,2019,-1.6826703
SDN,2020,-1.533181
SDN,2021,-1.4734367
SDN,2022,-1.6599939
SDN,2023,-1.8010899
SDN,2024,-1.9282749
SEN,2005,0.159614
SEN,2006,0.1514544
SEN,2007,-0.0562225
SEN,2008,-0.1111108
SEN,2009,-0.1272474
SEN,2010,-0.1702539
SEN,2011,-0.1991039
SEN,2012,0.0954503
SEN,2013,0.1502692
SEN,2014,0.2108545
SEN,2015,0.201253
SEN,2016,0.2506491
SEN,2017,0.1553364
SEN,2018,0.1757641
SEN,2019,0.142173
SEN,2020,0.1365577
SEN,2021,0.0910228
SEN,2022,0.0771958
SEN,2023,0.0569083
SEN,2024,0.1048363
SGP,2005,-0.2056409
SGP,2006,-0.1827942
SGP,2007,-0.1525669
SGP,2008,-0.1794757
SGP,2009,-0.1331741
SGP,2010,-0.1502825
SGP,2011,-0.0294546
SGP,2012,0.0766088
SGP,2013,0.0512734
SGP,2014,0.0755634
SGP,2015,0.0803762
SGP,2016,0.1051207
SGP,2017,0.0426828
SGP,2018,0.0163988
SGP,2019,-0.0403034
SGP,2020,-0.0758852
SGP,2021,-0.0771812
SGP,2022,-0.0885066
SGP,2023,-0.1605718
SGP,2024,-0.166825
SLB,2005,0.0607497
SLB,2006,0.0676897
SLB,2007,0.0412451
SLB,2008,0.0121142
SLB,2009,0.0926137
SLB,2010,0.0672251
SLB,2011,0.0314055
SLB,2012,0.0788718
SLB,2013,0.0829215
SLB,2014,0.1137748
SLB,2015,0.1207643
SLB,2016,0.1370096
SLB,2017,0.1536771
SLB,2018,0.2079231
SLB,2019,0.3555426
SLB,2020,0.1750635
SLB,2021,0.3118013
SLB,2022,0.260501
SLB,2023,0.2538078
SLB,2024,0.6038393
SLE,2005,-0.2333714
SLE,2006,-0.2439698
SLE,2007,-0.2260924
SLE,2008,-0.1471451
SLE,2009,-0.1971112
SLE,2010,-0.1329333
SLE,2011,-0.1808469
SLE,2012,-0.3026159
SLE,2013,-0.3555405
SLE,2014,-0.3383742
SLE,2015,-0.3347978
SLE,2016,-0.341987
SLE,2017,-0.351751
SLE,2018,-0.2536759
SLE,2019,-0.2888393
SLE,2020,-0.2489837
SLE,2021,-0.2492658
SLE,2022,-0.2821189
SLE,2023,-0.4317492
SLE,2024,-0.4828232
SLV,2005,-0.0611136
SLV,2006,0.0474553
SLV,2007,0.0011727
SLV,2008,0.1071431
SLV,2009,0.0698579
SLV,2010,0.1355773
SLV,2011,0.0843819
SLV,2012,0.0460908
SLV,2013,0.0672241
SLV,2014,0.1574056
SLV,2015,0.0772597
SLV,2016,0.0863533
SLV,2017,0.0701002
SLV,2018,0.0329973
SLV,2019,0.0956449
SLV,2020,0.0342398
SLV,2021,-0.2286024
SLV,2022,-0.4843085
SLV,2023,-0.5261343
SLV,2024,-0.6931645
SMR,2005,1.2516309
SMR,2006,1.2557057
SMR,2007,1.2537572
SMR,2008,1.2551154
SMR,2009,1.2558044
SMR,2010,1.2541996
SMR,2011,1.2566855
SMR,2012,1.2601489
SMR,2013,1.2571109
SMR,2014,1.2601269
SMR,2015,1.2607359
SMR,2016,1.1928592
SMR,2017,1.1917434
SMR,2018,1.1822653
SMR,2019,1.1818266
SMR,2020,1.1804542
SMR,2021,1.1733845
SMR,2022,1.247139
SMR,2023,1.2445875
SMR,2024,1.2432062
SOM,2005,-1.6956579
SOM,2006,-1.7171875
SOM,2007,-1.8333882
SOM,2008,-1.8010702
SOM,2009,-1.888603
SOM,2010,-1.8678779
SOM,2011,-1.8146541
SOM,2012,-1.800323
SOM,2013,-1.8310911
SOM,2014,-1.8085881
SOM,2015,-1.7338326
SOM,2016,-1.7483341
SOM,2017,-1.6176976
SOM,2018,-1.5928087
SOM,2019,-1.5742994
SOM,2020,-1.6842989
SOM,2021,-1.6761734
SOM,2022,-1.5371
SOM,2023,-1.5272178
SOM,2024,-1.6040436
SRB,2005,-0.1792378
SRB,2006,0.256853
SRB,2007,0.3240434
SRB,2008,0.3449883
SRB,2009,0.349799
SRB,2010,0.3283601
SRB,2011,0.322095
SRB,2012,0.191954
SRB,2013,0.2039074
SRB,2014,0.1955414
SRB,2015,0.1807742
SRB,2016,0.1606494
SRB,2017,0.0259122
SRB,2018,-0.1417054
SRB,2019,-0.1122845
SRB,2020,-0.122446
SRB,2021,-0.1951348
SRB,2022,-0.2186307
SRB,2023,-0.2959654
SRB,2024,-0.4081081
SSD,2005,
SSD,2006,
SSD,2007,
SSD,2008,
SSD,2009,
SSD,2010,
SSD,2011,-1.21918
SSD,2012,-1.2247902
SSD,2013,-1.3663478
SSD,2014,-1.5018277
SSD,2015,-1.5505862
SSD,2016,-1.7746553
SSD,2017,-1.7855346
SSD,2018,-1.9442044
SSD,2019,-1.9234196
SSD,2020,-1.8364742
SSD,2021,-1.8652221
SSD,2022,-1.8722172
SSD,2023,-1.7473512
SSD,2024,-1.7532765
STP,2005,0.2790233
STP,2006,0.3572298
STP,2007,0.2437782
STP,2008,0.1919555
STP,2009,0.2200593
STP,2010,0.2378216
STP,2011,0.3486111
STP,2012,0.3580392
STP,2013,0.262827
STP,2014,0.3058843
STP,2015,0.2749035
STP,2016,0.2162055
STP,2017,0.2150593
STP,2018,0.2417012
STP,2019,0.2826947
STP,2020,0.2449604
STP,2021,0.2621766
STP,2022,0.2533176
STP,2023,0.2456583
STP,2024,0.2855942
SUR,2005,0.4222595
SUR,2006,0.4673088
SUR,2007,0.502515
SUR,2008,0.6457712
SUR,2009,0.5151634
SUR,2010,0.4448729
SUR,2011,0.4568699
SUR,2012,0.4420976
SUR,2013,0.4457027
SUR,2014,0.4288883
SUR,2015,0.2732495
SUR,2016,0.2759681
SUR,2017,0.1856119
SUR,2018,0.2546065
SUR,2019,0.277783
SUR,2020,0.2969564
SUR,2021,0.231016
SUR,2022,0.2509947
SUR,2023,0.2551945
SUR,2024,0.2075696
SVK,2005,0.9057747
SVK,2006,0.9071586
SVK,2007,0.9116411
SVK,2008,0.9682517
SVK,2009,0.9308944
SVK,2010,0.8756089
SVK,2011,0.9179231
SVK,2012,0.9178311
SVK,2013,0.9287274
SVK,2014,0.9146453
SVK,2015,0.9092646
SVK,2016,0.9087502
SVK,2017,0.8342649
SVK,2018,0.7480234
SVK,2019,0.9122206
SVK,2020,0.9246088
SVK,2021,1.0146782
SVK,2022,0.9841972
SVK,2023,0.9952044
SVK,2024,0.9111808
SVN,2005,1.0406317
SVN,2006,1.0395911
SVN,2007,1.0112508
SVN,2008,0.9737813
SVN,2009,0.9895683
SVN,2010,0.998891
SVN,2011,0.9910586
SVN,2012,0.9179956
SVN,2013,0.8892678
SVN,2014,0.8526542
SVN,2015,0.8874018
SVN,2016,0.9061768
SVN,2017,0.9128873
SVN,2018,0.8750763
SVN,2019,1.0481703
SVN,2020,1.0277541
SVN,2021,0.935618
SVN,2022,1.0136004
SVN,2023,1.0421997
SVN,2024,1.0980634
SWE,2005,1.6034457
SWE,2006,1.6355705
SWE,2007,1.6737337
SWE,2008,1.6930902
SWE,2009,1.6975083
SWE,2010,1.6690285
SWE,2011,1.7960086
SWE,2012,1.8192203
SWE,2013,1.7555573
SWE,2014,1.6930957
SWE,2015,1.6971636
SWE,2016,1.6956695
SWE,2017,1.6577331
SWE,2018,1.6610556
SWE,2019,1.6445442
SWE,2020,1.6511108
SWE,2021,1.6899898
SWE,2022,1.6801438
SWE,2023,1.6639211
SWE,2024,1.6430639
SWZ,2005,-1.2728039
SWZ,2006,-1.0965121
SWZ,2007,-1.1996523
SWZ,2008,-1.2354273
SWZ,2009,-1.2216662
SWZ,2010,-1.2839061
SWZ,2011,-1.2916238
SWZ,2012,-1.3281303
SWZ,2013,-1.307139
SWZ,2014,-1.3238492
SWZ,2015,-1.3463681
SWZ,2016,-1.4056457
SWZ,2017,-1.410639
SWZ,2018,-1.4105404
SWZ,2019,-1.3231727
SWZ,2020,-1.3325198
SWZ,2021,-1.3619776
SWZ,2022,-1.3870997
SWZ,2023,-1.3643865
SWZ,2024,-1.4281926
SYC,2005,0.2870156
SYC,2006,0.3349389
SYC,2007,0.2914692
SYC,2008,0.261875
SYC,2009,0.2684627
SYC,2010,0.2854744
SYC,2011,0.1970607
SYC,2012,0.1884056
SYC,2013,0.1206663
SYC,2014,0.0966585
SYC,2015,0.2462621
SYC,2016,0.3224734
SYC,2017,0.332054
SYC,2018,0.3955053
SYC,2019,0.406315
SYC,2020,0.6090445
SYC,2021,0.6778072
SYC,2022,0.6606884
SYC,2023,0.6434089
SYC,2024,0.6647507
SYR,2005,-1.6076885
SYR,2006,-1.669475
SYR,2007,-1.7756111
SYR,2008,-1.7049481
SYR,2009,-1.6886597
SYR,2010,-1.732603
SYR,2011,-1.7958146
SYR,2012,-1.9600152
SYR,2013,-2.0540465
SYR,2014,-1.9588748
SYR,2015,-1.9755829
SYR,2016,-2.0080744
SYR,2017,-2.0122126
SYR,2018,-2.0071002
SYR,2019,-1.9723093
SYR,2020,-1.9426607
SYR,2021,-1.9367883
SYR,2022,-1.9391857
SYR,2023,-1.9559905
SYR,2024,-1.8606313
TCD,2005,-1.19379
TCD,2006,-1.2625658
TCD,2007,-1.3005115
TCD,2008,-1.3302118
TCD,2009,-1.3180233
TCD,2010,-1.2622053
TCD,2011,-1.1985456
TCD,2012,-1.1787992
TCD,2013,-1.2231242
TCD,2014,-1.145083
TCD,2015,-1.1560413
TCD,2016,-1.2264103
TCD,2017,-1.2291287
TCD,2018,-1.3042767
TCD,2019,-1.2923907
TCD,2020,-1.3272278
TCD,2021,-1.4655825
TCD,2022,-1.4899122
TCD,2023,-1.4490548
TCD,2024,-1.4489241
TGO,2005,-1.2669456
TGO,2006,-1.1120676
TGO,2007,-0.9921275
TGO,2008,-0.8837831
TGO,2009,-0.9223925
TGO,2010,-0.8586124
TGO,2011,-0.8050789
TGO,2012,-0.8908815
TGO,2013,-0.840355
TGO,2014,-0.8153718
TGO,2015,-0.7523011
TGO,2016,-0.6942683
TGO,2017,-0.7118186
TGO,2018,-0.7193569
TGO,2019,-0.7178395
TGO,2020,-0.7400345
TGO,2021,-0.8687028
TGO,2022,-0.8440063
TGO,2023,-0.8577743
TGO,2024,-0.9553454
THA,2005,-0.0513834
THA,2006,-0.5779353
THA,2007,-0.5083572
THA,2008,-0.3824148
THA,2009,-0.3760205
THA,2010,-0.499975
THA,2011,-0.4108149
THA,2012,-0.2508628
THA,2013,-0.360753
THA,2014,-0.853674
THA,2015,-0.8535495
THA,2016,-0.8642112
THA,2017,-0.9031986
THA,2018,-0.9430419
THA,2019,-0.7792088
THA,2020,-0.8430154
THA,2021,-0.8104518
THA,2022,-0.7471088
THA,2023,-0.6122681
THA,2024,-0.5507385
TJK,2005,-1.0755427
TJK,2006,-1.0541864
TJK,2007,-0.9761423
TJK,2008,-1.0435728
TJK,2009,-1.0326609
TJK,2010,-1.101888
TJK,2011,-1.0115753
TJK,2012,-1.0011955
TJK,2013,-1.1286924
TJK,2014,-1.1591643
TJK,2015,-1.2294836
TJK,2016,-1.3666735
TJK,2017,-1.3407811
TJK,2018,-1.3924789
TJK,2019,-1.6627964
TJK,2020,-1.571581
TJK,2021,-1.5916536
TJK,2022,-1.6537382
TJK,2023,-1.6215837
TJK,2024,-1.7174209
TKM,2005,-1.8503646
TKM,2006,-1.7411926
TKM,2007,-1.8151932
TKM,2008,-1.7928051
TKM,2009,-1.7727529
TKM,2010,-1.7409672
TKM,2011,-1.8670836
TKM,2012,-1.8598041
TKM,2013,-1.8462957
TKM,2014,-1.8102238
TKM,2015,-1.8216443
TKM,2016,-1.8279741
TKM,2017,-1.8068209
TKM,2018,-1.810272
TKM,2019,-2.1093823
TKM,2020,-1.998071
TKM,2021,-1.9881301
TKM,2022,-2.1139567
TKM,2023,-2.1414818
TKM,2024,-2.1192235
TLS,2005,0.0288102
TLS,2006,0.0882101
TLS,2007,0.231748
TLS,2008,0.3035378
TLS,2009,0.2158883
TLS,2010,0.1890361
TLS,2011,0.1948281
TLS,2012,0.1919181
TLS,2013,0.1367384
TLS,2014,0.1642157
TLS,2015,0.1690786
TLS,2016,0.155969
TLS,2017,0.2356499
TLS,2018,0.2798365
TLS,2019,0.3728633
TLS,2020,0.3630879
TLS,2021,0.4038496
TLS,2022,0.4508125
TLS,2023,0.4083364
TLS,2024,0.4071274
TON,2005,-0.0249786
TON,2006,-0.0938185
TON,2007,-0.1458559
TON,2008,0.1702024
TON,2009,0.1681363
TON,2010,0.3826756
TON,2011,0.4145344
TON,2012,0.3535604
TON,2013,0.3672403
TON,2014,0.3942
TON,2015,0.3833868
TON,2016,0.3531649
TON,2017,0.3477577
TON,2018,0.6841299
TON,2019,0.7104416
TON,2020,0.9659211
TON,2021,0.9228179
TON,2022,0.8701225
TON,2023,0.8592348
TON,2024,0.8330574
TTO,2005,0.7504109
TTO,2006,0.6680227
TTO,2007,0.6272408
TTO,2008,0.6764709
TTO,2009,0.7029853
TTO,2010,0.7126445
TTO,2011,0.6993105
TTO,2012,0.6782666
TTO,2013,0.6504424
TTO,2014,0.6403067
TTO,2015,0.557589
TTO,2016,0.5624746
TTO,2017,0.5655644
TTO,2018,0.5426563
TTO,2019,0.5394467
TTO,2020,0.5615078
TTO,2021,0.568496
TTO,2022,0.5467467
TTO,2023,0.5597271
TTO,2024,0.5201986
TUN,2005,-1.1451999
TUN,2006,-1.2423251
TUN,2007,-1.2953082
TUN,2008,-1.2874953
TUN,2009,-1.3345627
TUN,2010,-1.3930906
TUN,2011,-0.2219862
TUN,2012,-0.1732069
TUN,2013,-0.1711127
TUN,2014,0.1628834
TUN,2015,0.2167354
TUN,2016,0.2608833
TUN,2017,0.1658858
TUN,2018,0.1434717
TUN,2019,0.1907891
TUN,2020,0.2069811
TUN,2021,0.0142627
TUN,2022,-0.3870916
TUN,2023,-0.457715
TUN,2024,-0.5935229
TUR,2005,0.0772419
TUR,2006,0.0926645
TUR,2007,-0.0249374
TUR,2008,0.0287066
TUR,2009,0.069949
TUR,2010,-0.0129692
TUR,2011,-0.1318028
TUR,2012,-0.1445046
TUR,2013,-0.2571887
TUR,2014,-0.4204318
TUR,2015,-0.4967626
TUR,2016,-0.7041727
TUR,2017,-0.7680436
TUR,2018,-0.968913
TUR,2019,-0.938388
TUR,2020,-0.9757723
TUR,2021,-1.0254295
TUR,2022,-1.1081963
TUR,2023,-1.088349
TUR,2024,-1.0989088
TUV,2005,0.7950129
TUV,2006,0.7212988
TUV,2007,0.6517244
TUV,2008,0.6527173
TUV,2009,0.653221
TUV,2010,0.6520478
TUV,2011,0.653865
TUV,2012,0.5379306
TUV,2013,0.5324371
TUV,2014,0.6243658
TUV,2015,0.624761
TUV,2016,0.6238722
TUV,2017,0.6231482
TUV,2018,0.9831992
TUV,2019,1.1993712
TUV,2020,1.0081638
TUV,2021,1.0464423
TUV,2022,1.0489794
TUV,2023,1.0474125
TUV,2024,1.2599201
TZA,2005,-0.2938508
TZA,2006,-0.1020994
TZA,2007,-0.0368113
TZA,2008,-0.0818169
TZA,2009,-0.0787176
TZA,2010,-0.1019675
TZA,2011,-0.0706387
TZA,2012,-0.1170113
TZA,2013,-0.1726737
TZA,2014,-0.1592124
TZA,2015,-0.2065655
TZA,2016,-0.2948929
TZA,2017,-0.3440651
TZA,2018,-0.5042087
TZA,2019,-0.5704511
TZA,2020,-0.6863458
TZA,2021,-0.7662779
TZA,2022,-0.7167618
TZA,2023,-0.6563494
TZA,2024,-0.6952947
UGA,2005,-0.5669703
UGA,2006,-0.3756278
UGA,2007,-0.4352138
UGA,2008,-0.4669412
UGA,2009,-0.4777443
UGA,2010,-0.5175307
UGA,2011,-0.5714385
UGA,2012,-0.5736609
UGA,2013,-0.6417696
UGA,2014,-0.62194
UGA,2015,-0.5997987
UGA,2016,-0.7491058
UGA,2017,-0.7392563
UGA,2018,-0.7751959
UGA,2019,-0.796536
UGA,2020,-0.7873219
UGA,2021,-0.9169625
UGA,2022,-0.9545041
UGA,2023,-0.9203571
UGA,2024,-0.9826122
UKR,2005,-0.1758513
UKR,2006,0.0699553
UKR,2007,0.1008568
UKR,2008,0.1826432
UKR,2009,0.1596303
UKR,2010,-0.0459862
UKR,2011,-0.2620322
UKR,2012,-0.2359816
UKR,2013,-0.299198
UKR,2014,-0.1540941
UKR,2015,-0.1152019
UKR,2016,-0.0649423
UKR,2017,-0.0674322
UKR,2018,4.49e-05
UKR,2019,0.1417723
UKR,2020,0.1991355
UKR,2021,0.1699528
UKR,2022,0.0149968
UKR,2023,-0.0495545
UKR,2024,-0.0569511
URY,2005,1.0139988
URY,2006,1.0967029
URY,2007,1.1135325
URY,2008,1.1679654
URY,2009,1.2088827
URY,2010,1.2365785
URY,2011,1.2114435
URY,2012,1.1409604
URY,2013,1.1733563
URY,2014,1.1659405
URY,2015,1.2097445
URY,2016,1.2227367
URY,2017,1.2159558
URY,2018,1.2327553
URY,2019,1.2384741
URY,2020,1.2509568
URY,2021,1.2091394
URY,2022,1.1846192
URY,2023,1.1983967
URY,2024,1.2022535
USA,2005,1.224789
USA,2006,1.1894761
USA,2007,1.2099906
USA,2008,1.2592852
USA,2009,1.2337772
USA,2010,1.2380506
USA,2011,1.1880745
USA,2012,1.2202102
USA,2013,1.1370245
USA,2014,1.1617709
USA,2015,1.229956
USA,2016,1.1754114
USA,2017,1.0756924
USA,2018,1.0418532
USA,2019,1.0154058
USA,2020,0.9441279
USA,2021,0.9125569
USA,2022,0.933183
USA,2023,0.8975826
USA,2024,0.9093275
UZB,2005,-1.7699166
UZB,2006,-1.7145268
UZB,2007,-1.7170143
UZB,2008,-1.7409532
UZB,2009,-1.7000556
UZB,2010,-1.724142
UZB,2011,-1.7017626
UZB,2012,-1.7239577
UZB,2013,-1.6406275
UZB,2014,-1.6131277
UZB,2015,-1.6562375
UZB,2016,-1.623773
UZB,2017,-1.5376921
UZB,2018,-1.3741976
UZB,2019,-1.5425311
UZB,2020,-1.3561995
UZB,2021,-1.1778927
UZB,2022,-1.1727606
UZB,2023,-1.0983365
UZB,2024,-1.153399
VCT,2005,1.0631716
VCT,2006,1.1358787
VCT,2007,1.1432755
VCT,2008,1.1441397
VCT,2009,1.0778197
VCT,2010,1.0772341
VCT,2011,0.9640264
VCT,2012,0.9627508
VCT,2013,0.9901388
VCT,2014,0.9920959
VCT,2015,0.6905458
VCT,2016,0.6808313
VCT,2017,0.6717887
VCT,2018,0.6422127
VCT,2019,0.7327828
VCT,2020,0.7322148
VCT,2021,0.7235214
VCT,2022,0.6896743
VCT,2023,0.679071
VCT,2024,0.6277343
VEN,2005,-0.5428843
VEN,2006,-0.6677476
VEN,2007,-0.7413993
VEN,2008,-0.7316904
VEN,2009,-0.7697573
VEN,2010,-0.7866722
VEN,2011,-0.8702646
VEN,2012,-0.894319
VEN,2013,-1.0388774
VEN,2014,-1.0977412
VEN,2015,-1.1605556
VEN,2016,-1.1766125
VEN,2017,-1.3516875
VEN,2018,-1.5605333
VEN,2019,-1.5932556
VEN,2020,-1.662782
VEN,2021,-1.7458744
VEN,2022,-1.6929793
VEN,2023,-1.6754685
VEN,2024,-1.7453565
VIR,2005,1.0243056
VIR,2006,0.8152954
VIR,2007,0.8112564
VIR,2008,0.8140717
VIR,2009,0.8154999
VIR,2010,0.8121734
VIR,2011,0.8173261
VIR,2012,0.8132517
VIR,2013,0.8069548
VIR,2014,0.8132061
VIR,2015,0.8144685
VIR,2016,0.8116289
VIR,2017,0.809316
VIR,2018,
VIR,2019,
VIR,2020,
VIR,2021,
VIR,2022,
VIR,2023,
VIR,2024,
VNM,2005,-1.3513279
VNM,2006,-1.3009632
VNM,2007,-1.2909441
VNM,2008,-1.2974216
VNM,2009,-1.305289
VNM,2010,-1.3537166
VNM,2011,-1.2827389
VNM,2012,-1.3415982
VNM,2013,-1.2940928
VNM,2014,-1.2423749
VNM,2015,-1.1630126
VNM,2016,-1.1937603
VNM,2017,-1.299151
VNM,2018,-1.2375488
VNM,2019,-1.2031769
VNM,2020,-1.2582138
VNM,2021,-1.2374539
VNM,2022,-1.2559298
VNM,2023,-1.2809538
VNM,2024,-1.2954878
VUT,2005,0.3269836
VUT,2006,0.3312128
VUT,2007,0.3687969
VUT,2008,0.4701192
VUT,2009,0.4703724
VUT,2010,0.4272333
VUT,2011,0.3936364
VUT,2012,0.5149731
VUT,2013,0.5157379
VUT,2014,0.4553724
VUT,2015,0.4459575
VUT,2016,0.4840261
VUT,2017,0.5047369
VUT,2018,0.6618599
VUT,2019,0.6597994
VUT,2020,0.768372
VUT,2021,0.7762963
VUT,2022,0.5657909
VUT,2023,0.6076812
VUT,2024,0.6405528
WSM,2005,0.7746969
WSM,2006,0.7057503
WSM,2007,0.6506088
WSM,2008,0.5940904
WSM,2009,0.5662321
WSM,2010,0.4963437
WSM,2011,0.4829852
WSM,2012,0.4429596
WSM,2013,0.4565326
WSM,2014,0.4481367
WSM,2015,0.4675293
WSM,2016,0.506178
WSM,2017,0.5036178
WSM,2018,0.8585084
WSM,2019,0.9296444
WSM,2020,0.9659597
WSM,2021,0.8147814
WSM,2022,1.1444556
WSM,2023,1.124462
WSM,2024,0.9555744
XKX,2005,-0.032252
XKX,2006,0.0558696
XKX,2007,-0.0912815
XKX,2008,0.0565868
XKX,2009,0.124263
XKX,2010,0.0513218
XKX,2011,0.0132307
XKX,2012,0.0177617
XKX,2013,-0.0141539
XKX,2014,0.060312
XKX,2015,0.0774455
XKX,2016,0.0637155
XKX,2017,0.0932561
XKX,2018,0.0955363
XKX,2019,0.0676654
XKX,2020,0.12015
XKX,2021,0.1043205
XKX,2022,0.1232898
XKX,2023,0.135809
XKX,2024,0.1248391
YEM,2005,-0.9887965
YEM,2006,-1.0041048
YEM,2007,-0.9808899
YEM,2008,-1.1374054
YEM,2009,-1.1698943
YEM,2010,-1.3140742
YEM,2011,-1.3333465
YEM,2012,-1.2261726
YEM,2013,-1.1724043
YEM,2014,-1.1686507
YEM,2015,-1.3704141
YEM,2016,-1.6890583
YEM,2017,-1.6928951
YEM,2018,-1.7379899
YEM,2019,-1.7089287
YEM,2020,-1.6799297
YEM,2021,-1.7148363
YEM,2022,-1.7036594
YEM,2023,-1.6604107
YEM,2024,-1.7029106
ZAF,2005,0.7021402
ZAF,2006,0.7398152
ZAF,2007,0.6866548
ZAF,2008,0.644221
ZAF,2009,0.6622998
ZAF,2010,0.6739295
ZAF,2011,0.6176843
ZAF,2012,0.6323653
ZAF,2013,0.619325
ZAF,2014,0.6450193
ZAF,2015,0.6523122
ZAF,2016,0.6212155
ZAF,2017,0.6060996
ZAF,2018,0.5992038
ZAF,2019,0.5701338
ZAF,2020,0.592295
ZAF,2021,0.6711503
ZAF,2022,0.6083049
ZAF,2023,0.606394
ZAF,2024,0.6675332
ZMB,2005,-0.2200454
ZMB,2006,-0.0832515
ZMB,2007,-0.0912475
ZMB,2008,-0.0738837
ZMB,2009,-0.1052
ZMB,2010,-0.0953601
ZMB,2011,-0.0575715
ZMB,2012,-0.1469024
ZMB,2013,-0.1294296
ZMB,2014,-0.1231194
ZMB,2015,-0.1279664
ZMB,2016,-0.2792588
ZMB,2017,-0.3291137
ZMB,2018,-0.4439435
ZMB,2019,-0.4535266
ZMB,2020,-0.4483454
ZMB,2021,-0.5155631
ZMB,2022,-0.2945379
ZMB,2023,-0.2794962
ZMB,2024,-0.2751124
ZWE,2005,-1.696789
ZWE,2006,-1.5430943
ZWE,2007,-1.5841523
ZWE,2008,-1.6332991
ZWE,2009,-1.5790816
ZWE,2010,-1.4890118
ZWE,2011,-1.4369535
ZWE,2012,-1.4893941
ZWE,2013,-1.4111686
ZWE,2014,-1.3562147
ZWE,2015,-1.2674729
ZWE,2016,-1.3597809
ZWE,2017,-1.3415272
ZWE,2018,-1.1739686
ZWE,2019,-1.2152784
ZWE,2020,-1.1517389
ZWE,2021,-1.1926704
ZWE,2022,-1.2005458
ZWE,2023,-1.2026037
ZWE,2024,-1.2484669
