export_group,da3_rule,us_imp_cn_2017,covered_value,coverage_share,exp_raw,exp_l13,exp_4a,n_hs6_covered,exp_std
Hàng thủy sản,include,2785466726.0,2198983357.0,0.7894487973862087,0.19736219934655216,0.19736219934655216,0.0,139,0.16466143610129205
Hàng rau quả,include,1872847448.0,1808701136.0,0.9657493128612791,0.2340978079239308,0.21766385376307337,0.01643395416085745,115,0.7260674483500612
Cà phê,exclude: hàng thô theo giá thế giới (quy tắc 3),77618031.0,77618031.0,1.0,0.15,0.0,0.15,8,
Hạt tiêu,exclude: hàng thô theo giá thế giới (quy tắc 3),84564233.0,84564233.0,1.0,0.15000000000000002,0.0,0.15000000000000002,4,
Bánh kẹo và các sản phẩm từ ngũ cốc,include,379407933.0,379407933.0,1.0,0.19395850494205535,0.10140473415392308,0.09255377078813223,22,0.11264502541581112
Hóa chất,include,9496457566.0,5966234505.0,0.6282589548297256,0.1523553161358728,0.1412648301842624,0.009596934775929834,373,-0.5231489964884319
Sản phẩm hóa chất,include,6294308844.0,4048098537.0,0.6431363057214483,0.1538711075257994,0.1387482363502978,0.01063927580396191,210,-0.49998415908476534
Chất dẻo nguyên liệu,include,1147388464.0,1097014766.0,0.9560970851803858,0.2374211014378823,0.23501634665206117,0.002404754785821169,61,0.7768551453952818
Sản phẩm từ chất dẻo,include,16394629981.0,15751614557.0,0.9607788998748248,0.20253564330870397,0.14167817034174515,0.060857472966958814,65,0.24372375892265977
Cao su,exclude: hàng thô theo giá thế giới (quy tắc 3),74469665.0,74469665.0,1.0,0.24999238213304706,0.24998095533261766,1.1426800429409748e-05,27,
Sản phẩm từ cao su,include,3663804467.0,3648980288.0,0.9959538836928876,0.2438235609358644,0.2334192334246262,0.010404327511238213,49,0.8746996998900115
"Túi xách, ví,vali, mũ, ô, dù",include,8863174723.0,8326545257.0,0.9394540350640451,0.2296066048675766,0.2207909309202835,0.008815673947293117,22,0.6574313621190049
Gỗ và sản phẩm gỗ,include,13912529432.0,12270464564.0,0.8819722268315127,0.21811480759233182,0.21318674544752086,0.004928062144810951,62,0.48180982400627437
Giấy và các sản phẩm từ giấy,include,3592679945.0,3592679945.0,1.0,0.2409118538528764,0.22727963463219097,0.01363221922068541,98,0.8302020060828263
"Xơ, sợi dệt các loại",include,670464586.0,670342032.0,0.9998172103306289,0.2371277065482471,0.21785171223048017,0.019275994317766994,134,0.7723713853220733
"Hàng dệt, may",include,36808612928.0,32463672708.0,0.8819585995131362,0.13229378992697044,0.0,0.13229378992697044,234,-0.8297360346435438
Giày dép các loại,include,14837740065.0,14727961284.0,0.9926013813074572,0.14889020719611862,0.0,0.14889020719611862,24,-0.5761039649021816
"Sản phẩm gốm, sứ",include,2612215712.0,2142031297.0,0.8200055175994593,0.1524693904183974,0.07367140694619634,0.0787979834722011,29,-0.5214056746671156
Thủy tinh và các sản phẩm từ thủy tinh,include,3225153487.0,3089854179.0,0.9580487227831586,0.2210814468595243,0.19334551966704586,0.027735927192478457,56,0.5271470100574327
"Đá quý, kim loại quý và sản phẩm",exclude: hàng thô theo giá thế giới (quy tắc 3),2957190694.0,2934908451.0,0.9924650638711905,0.15325934569236813,0.010973965279223891,0.14228538041314423,41,
Sắt thép các loại,include,681416428.0,670645628.0,0.9841935128690499,0.23655228287298577,0.030245134844327528,0.017290486671031908,129,0.7635775658267042
Sản phẩm từ sắt thép,include,12480779659.0,10780580705.0,0.8637746198192057,0.20482761310026693,0.17816036151830744,0.018786743570861367,121,0.2787504175437001
Kim loại thường khác và sản phẩm,include,13885807352.0,12714970406.0,0.9156810319832529,0.20918696682995724,0.14441903516407073,0.030475234564284533,220,0.34537153770868084
"Máy vi tính, sản phẩm điện tử và linh kiện",include,103777761985.0,59734062168.0,0.5755959757219851,0.12729810128391042,0.09229168174067849,0.026844392881176626,98,-0.9060818404746697
Điện thoại các loại và linh kiện,include,72680322674.0,1283633556.0,0.017661362921537985,0.003980886892835755,0.0033292061365126457,0.00065168075632311,3,-2.790657277059417
"Máy ảnh, máy quay phim và linh kiện",include,3284436025.0,218908374.0,0.06665021706428274,0.010511523420523923,0.001284977152203779,0.009226546268320144,11,-2.69085387778449
"Máy móc, thiết bị, dụng cụ phụ tùng khác",include,90316182479.0,78562799670.0,0.8698640433376061,0.2017280618578754,0.17229178649509708,0.02539340771738265,722,0.23138202567164376
Dây điện và dây cáp điện,include,4504883647.0,4504883647.0,1.0,0.25,0.25,0.0,8,0.9690901335639243
Phương tiện vận tải và phụ tùng,include,16808524639.0,15223677902.0,0.9057117283617648,0.2246829265929364,0.2213598990637741,0.0026175082462572105,98,0.5821860431272348
