export_group,import_group
Bánh kẹo và các sản phẩm từ ngũ cốc,Lúa mì
Hóa chất,Hóa chất
Sản phẩm hóa chất,Hóa chất
Sản phẩm hóa chất,Sản phẩm hóa chất
Chất dẻo nguyên liệu,Hóa chất
Sản phẩm từ chất dẻo,Chất dẻo nguyên liệu
Sản phẩm từ cao su,Cao su
"Túi xách, ví,vali, mũ, ô, dù","Nguyên phụ liệu dệt, may, da, giày"
Gỗ và sản phẩm gỗ,Gỗ và sản phẩm gỗ
Giấy và các sản phẩm từ giấy,Giấy các loại
"Xơ, sợi dệt các loại",Bông các loại
"Xơ, sợi dệt các loại","Xơ, sợi dệt các loại"
"Hàng dệt, may",Vải các loại
"Hàng dệt, may","Xơ, sợi dệt các loại"
"Hàng dệt, may",Bông các loại
"Hàng dệt, may","Nguyên phụ liệu dệt, may, da, giày"
Giày dép các loại,"Nguyên phụ liệu dệt, may, da, giày"
Sắt thép các loại,Sắt thép các loại
Sản phẩm từ sắt thép,Sắt thép các loại
Kim loại thường khác và sản phẩm,Kim loại thường khác
Kim loại thường khác và sản phẩm,Sản phẩm từ kim loại thường khác
"Máy vi tính, sản phẩm điện tử và linh kiện","Máy vi tính, sản phẩm điện tử và linh kiện"
Điện thoại các loại và linh kiện,Điện thoại các loại và linh kiện
"Máy ảnh, máy quay phim và linh kiện","Máy vi tính, sản phẩm điện tử và linh kiện"
"Máy móc, thiết bị, dụng cụ phụ tùng khác","Máy móc, thiết bị, dụng cụ, phụ tùng khác"
Dây điện và dây cáp điện,Dây điện và dây cáp điện
Dây điện và dây cáp điện,Kim loại thường khác
Phương tiện vận tải và phụ tùng,"Linh kiện, phụ tùng ô tô"
Phương tiện vận tải và phụ tùng,Phương tiện vận tải khác và phụ tùng
